25-02-07.14:38:06.331 [main            ] INFO  Application            - Starting Application using Java 1.8.0_431 on DESKTOP-CBM2HV2 with PID 23468 (D:\Workspace\s-pay-mall-qiusu\s-pay-mall-controller\target\classes started by zqiusu in D:\Workspace\s-pay-mall-qiusu)
25-02-07.14:38:06.336 [main            ] INFO  Application            - The following 1 profile is active: "prod"
25-02-07.14:38:08.677 [main            ] INFO  TomcatWebServer        - Tomcat initialized with port(s): 8080 (http)
25-02-07.14:38:08.690 [main            ] INFO  Http11NioProtocol      - Initializing ProtocolHandler ["http-nio-8080"]
25-02-07.14:38:08.691 [main            ] INFO  StandardService        - Starting service [Tomcat]
25-02-07.14:38:08.691 [main            ] INFO  StandardEngine         - Starting Servlet engine: [Apache Tomcat/9.0.75]
25-02-07.14:38:09.055 [main            ] INFO  [/]                    - Initializing Spring embedded WebApplicationContext
25-02-07.14:38:09.055 [main            ] INFO  ServletWebServerApplicationContext - Root WebApplicationContext: initialization completed in 2609 ms
25-02-07.14:38:11.337 [main            ] INFO  Http11NioProtocol      - Starting ProtocolHandler ["http-nio-8080"]
25-02-07.14:38:11.379 [main            ] INFO  TomcatWebServer        - Tomcat started on port(s): 8080 (http) with context path ''
25-02-07.14:38:11.395 [main            ] INFO  Application            - Started Application in 6.296 seconds (JVM running for 7.728)
25-02-07.14:38:15.010 [scheduling-1    ] INFO  NoPayNotifyOrderJob    - 任务；检测未接收到或未正确处理的支付回调通知
25-02-07.14:38:15.039 [scheduling-1    ] INFO  HikariDataSource       - HikariPool-1 - Starting...
25-02-07.14:38:22.426 [scheduling-1    ] ERROR HikariPool             - HikariPool-1 - Exception during pool initialization.
java.sql.SQLNonTransientConnectionException: Could not create connection to database server. Attempted reconnect 3 times. Giving up.
	at com.mysql.cj.jdbc.exceptions.SQLError.createSQLException(SQLError.java:110)
	at com.mysql.cj.jdbc.exceptions.SQLError.createSQLException(SQLError.java:97)
	at com.mysql.cj.jdbc.exceptions.SQLError.createSQLException(SQLError.java:89)
	at com.mysql.cj.jdbc.exceptions.SQLError.createSQLException(SQLError.java:63)
	at com.mysql.cj.jdbc.exceptions.SQLError.createSQLException(SQLError.java:73)
	at com.mysql.cj.jdbc.ConnectionImpl.connectWithRetries(ConnectionImpl.java:903)
	at com.mysql.cj.jdbc.ConnectionImpl.createNewIO(ConnectionImpl.java:828)
	at com.mysql.cj.jdbc.ConnectionImpl.<init>(ConnectionImpl.java:453)
	at com.mysql.cj.jdbc.ConnectionImpl.getInstance(ConnectionImpl.java:246)
	at com.mysql.cj.jdbc.NonRegisteringDriver.connect(NonRegisteringDriver.java:198)
	at com.zaxxer.hikari.util.DriverDataSource.getConnection(DriverDataSource.java:138)
	at com.zaxxer.hikari.pool.PoolBase.newConnection(PoolBase.java:364)
	at com.zaxxer.hikari.pool.PoolBase.newPoolEntry(PoolBase.java:206)
	at com.zaxxer.hikari.pool.HikariPool.createPoolEntry(HikariPool.java:476)
	at com.zaxxer.hikari.pool.HikariPool.checkFailFast(HikariPool.java:561)
	at com.zaxxer.hikari.pool.HikariPool.<init>(HikariPool.java:115)
	at com.zaxxer.hikari.HikariDataSource.getConnection(HikariDataSource.java:112)
	at org.springframework.jdbc.datasource.DataSourceUtils.fetchConnection(DataSourceUtils.java:159)
	at org.springframework.jdbc.datasource.DataSourceUtils.doGetConnection(DataSourceUtils.java:117)
	at org.springframework.jdbc.datasource.DataSourceUtils.getConnection(DataSourceUtils.java:80)
	at org.mybatis.spring.transaction.SpringManagedTransaction.openConnection(SpringManagedTransaction.java:80)
	at org.mybatis.spring.transaction.SpringManagedTransaction.getConnection(SpringManagedTransaction.java:67)
	at org.apache.ibatis.executor.BaseExecutor.getConnection(BaseExecutor.java:337)
	at org.apache.ibatis.executor.SimpleExecutor.prepareStatement(SimpleExecutor.java:86)
	at org.apache.ibatis.executor.SimpleExecutor.doQuery(SimpleExecutor.java:62)
	at org.apache.ibatis.executor.BaseExecutor.queryFromDatabase(BaseExecutor.java:325)
	at org.apache.ibatis.executor.BaseExecutor.query(BaseExecutor.java:156)
	at org.apache.ibatis.executor.CachingExecutor.query(CachingExecutor.java:109)
	at org.apache.ibatis.executor.CachingExecutor.query(CachingExecutor.java:89)
	at org.apache.ibatis.session.defaults.DefaultSqlSession.selectList(DefaultSqlSession.java:147)
	at org.apache.ibatis.session.defaults.DefaultSqlSession.selectList(DefaultSqlSession.java:140)
	at sun.reflect.NativeMethodAccessorImpl.invoke0(Native Method)
	at sun.reflect.NativeMethodAccessorImpl.invoke(NativeMethodAccessorImpl.java:62)
	at sun.reflect.DelegatingMethodAccessorImpl.invoke(DelegatingMethodAccessorImpl.java:43)
	at java.lang.reflect.Method.invoke(Method.java:498)
	at org.mybatis.spring.SqlSessionTemplate$SqlSessionInterceptor.invoke(SqlSessionTemplate.java:427)
	at com.sun.proxy.$Proxy69.selectList(Unknown Source)
	at org.mybatis.spring.SqlSessionTemplate.selectList(SqlSessionTemplate.java:224)
	at org.apache.ibatis.binding.MapperMethod.executeForMany(MapperMethod.java:147)
	at org.apache.ibatis.binding.MapperMethod.execute(MapperMethod.java:80)
	at org.apache.ibatis.binding.MapperProxy$PlainMethodInvoker.invoke(MapperProxy.java:152)
	at org.apache.ibatis.binding.MapperProxy.invoke(MapperProxy.java:85)
	at com.sun.proxy.$Proxy70.queryNoPayNotifyOrder(Unknown Source)
	at org.example.service.impl.OrderServiceImpl.queryNoPayNotifyOrder(OrderServiceImpl.java:107)
	at org.example.job.NoPayNotifyOrderJob.exec(NoPayNotifyOrderJob.java:29)
	at sun.reflect.NativeMethodAccessorImpl.invoke0(Native Method)
	at sun.reflect.NativeMethodAccessorImpl.invoke(NativeMethodAccessorImpl.java:62)
	at sun.reflect.DelegatingMethodAccessorImpl.invoke(DelegatingMethodAccessorImpl.java:43)
	at java.lang.reflect.Method.invoke(Method.java:498)
	at org.springframework.scheduling.support.ScheduledMethodRunnable.run(ScheduledMethodRunnable.java:84)
	at org.springframework.scheduling.support.DelegatingErrorHandlingRunnable.run(DelegatingErrorHandlingRunnable.java:54)
	at org.springframework.scheduling.concurrent.ReschedulingRunnable.run(ReschedulingRunnable.java:95)
	at java.util.concurrent.Executors$RunnableAdapter.call(Executors.java:511)
	at java.util.concurrent.FutureTask.run$$$capture(FutureTask.java:266)
	at java.util.concurrent.FutureTask.run(FutureTask.java)
	at java.util.concurrent.ScheduledThreadPoolExecutor$ScheduledFutureTask.access$201(ScheduledThreadPoolExecutor.java:180)
	at java.util.concurrent.ScheduledThreadPoolExecutor$ScheduledFutureTask.run(ScheduledThreadPoolExecutor.java:293)
	at java.util.concurrent.ThreadPoolExecutor.runWorker(ThreadPoolExecutor.java:1149)
	at java.util.concurrent.ThreadPoolExecutor$Worker.run(ThreadPoolExecutor.java:624)
	at java.lang.Thread.run(Thread.java:750)
Caused by: com.mysql.cj.exceptions.CJCommunicationsException: Communications link failure

The last packet sent successfully to the server was 0 milliseconds ago. The driver has not received any packets from the server.
	at sun.reflect.NativeConstructorAccessorImpl.newInstance0(Native Method)
	at sun.reflect.NativeConstructorAccessorImpl.newInstance(NativeConstructorAccessorImpl.java:62)
	at sun.reflect.DelegatingConstructorAccessorImpl.newInstance(DelegatingConstructorAccessorImpl.java:45)
	at java.lang.reflect.Constructor.newInstance(Constructor.java:423)
	at com.mysql.cj.exceptions.ExceptionFactory.createException(ExceptionFactory.java:61)
	at com.mysql.cj.exceptions.ExceptionFactory.createException(ExceptionFactory.java:105)
	at com.mysql.cj.exceptions.ExceptionFactory.createException(ExceptionFactory.java:151)
	at com.mysql.cj.exceptions.ExceptionFactory.createCommunicationsException(ExceptionFactory.java:167)
	at com.mysql.cj.protocol.a.NativeSocketConnection.connect(NativeSocketConnection.java:89)
	at com.mysql.cj.NativeSession.connect(NativeSession.java:144)
	at com.mysql.cj.jdbc.ConnectionImpl.connectWithRetries(ConnectionImpl.java:847)
	... 54 common frames omitted
Caused by: java.net.UnknownHostException: mysql
	at java.net.InetAddress.getAllByName0(InetAddress.java:1299)
	at java.net.InetAddress.getAllByName(InetAddress.java:1205)
	at java.net.InetAddress.getAllByName(InetAddress.java:1127)
	at com.mysql.cj.protocol.StandardSocketFactory.connect(StandardSocketFactory.java:132)
	at com.mysql.cj.protocol.a.NativeSocketConnection.connect(NativeSocketConnection.java:63)
	... 56 common frames omitted
25-02-07.14:38:22.429 [scheduling-1    ] ERROR NoPayNotifyOrderJob    - 检测未接收到或未正确处理的支付回调通知失败
org.mybatis.spring.MyBatisSystemException: nested exception is org.apache.ibatis.exceptions.PersistenceException: 
### Error querying database.  Cause: org.springframework.jdbc.CannotGetJdbcConnectionException: Failed to obtain JDBC Connection; nested exception is java.sql.SQLNonTransientConnectionException: Could not create connection to database server. Attempted reconnect 3 times. Giving up.
### The error may exist in file [D:\Workspace\s-pay-mall-qiusu\s-pay-mall-controller\target\classes\mybatis\mapper\pay_order_mapper.xml]
### The error may involve org.example.dao.IOrderDao.queryNoPayNotifyOrder
### The error occurred while executing a query
### Cause: org.springframework.jdbc.CannotGetJdbcConnectionException: Failed to obtain JDBC Connection; nested exception is java.sql.SQLNonTransientConnectionException: Could not create connection to database server. Attempted reconnect 3 times. Giving up.
	at org.mybatis.spring.MyBatisExceptionTranslator.translateExceptionIfPossible(MyBatisExceptionTranslator.java:96)
	at org.mybatis.spring.SqlSessionTemplate$SqlSessionInterceptor.invoke(SqlSessionTemplate.java:441)
	at com.sun.proxy.$Proxy69.selectList(Unknown Source)
	at org.mybatis.spring.SqlSessionTemplate.selectList(SqlSessionTemplate.java:224)
	at org.apache.ibatis.binding.MapperMethod.executeForMany(MapperMethod.java:147)
	at org.apache.ibatis.binding.MapperMethod.execute(MapperMethod.java:80)
	at org.apache.ibatis.binding.MapperProxy$PlainMethodInvoker.invoke(MapperProxy.java:152)
	at org.apache.ibatis.binding.MapperProxy.invoke(MapperProxy.java:85)
	at com.sun.proxy.$Proxy70.queryNoPayNotifyOrder(Unknown Source)
	at org.example.service.impl.OrderServiceImpl.queryNoPayNotifyOrder(OrderServiceImpl.java:107)
	at org.example.job.NoPayNotifyOrderJob.exec(NoPayNotifyOrderJob.java:29)
	at sun.reflect.NativeMethodAccessorImpl.invoke0(Native Method)
	at sun.reflect.NativeMethodAccessorImpl.invoke(NativeMethodAccessorImpl.java:62)
	at sun.reflect.DelegatingMethodAccessorImpl.invoke(DelegatingMethodAccessorImpl.java:43)
	at java.lang.reflect.Method.invoke(Method.java:498)
	at org.springframework.scheduling.support.ScheduledMethodRunnable.run(ScheduledMethodRunnable.java:84)
	at org.springframework.scheduling.support.DelegatingErrorHandlingRunnable.run(DelegatingErrorHandlingRunnable.java:54)
	at org.springframework.scheduling.concurrent.ReschedulingRunnable.run(ReschedulingRunnable.java:95)
	at java.util.concurrent.Executors$RunnableAdapter.call(Executors.java:511)
	at java.util.concurrent.FutureTask.run$$$capture(FutureTask.java:266)
	at java.util.concurrent.FutureTask.run(FutureTask.java)
	at java.util.concurrent.ScheduledThreadPoolExecutor$ScheduledFutureTask.access$201(ScheduledThreadPoolExecutor.java:180)
	at java.util.concurrent.ScheduledThreadPoolExecutor$ScheduledFutureTask.run(ScheduledThreadPoolExecutor.java:293)
	at java.util.concurrent.ThreadPoolExecutor.runWorker(ThreadPoolExecutor.java:1149)
	at java.util.concurrent.ThreadPoolExecutor$Worker.run(ThreadPoolExecutor.java:624)
	at java.lang.Thread.run(Thread.java:750)
Caused by: org.apache.ibatis.exceptions.PersistenceException: 
### Error querying database.  Cause: org.springframework.jdbc.CannotGetJdbcConnectionException: Failed to obtain JDBC Connection; nested exception is java.sql.SQLNonTransientConnectionException: Could not create connection to database server. Attempted reconnect 3 times. Giving up.
### The error may exist in file [D:\Workspace\s-pay-mall-qiusu\s-pay-mall-controller\target\classes\mybatis\mapper\pay_order_mapper.xml]
### The error may involve org.example.dao.IOrderDao.queryNoPayNotifyOrder
### The error occurred while executing a query
### Cause: org.springframework.jdbc.CannotGetJdbcConnectionException: Failed to obtain JDBC Connection; nested exception is java.sql.SQLNonTransientConnectionException: Could not create connection to database server. Attempted reconnect 3 times. Giving up.
	at org.apache.ibatis.exceptions.ExceptionFactory.wrapException(ExceptionFactory.java:30)
	at org.apache.ibatis.session.defaults.DefaultSqlSession.selectList(DefaultSqlSession.java:149)
	at org.apache.ibatis.session.defaults.DefaultSqlSession.selectList(DefaultSqlSession.java:140)
	at sun.reflect.NativeMethodAccessorImpl.invoke0(Native Method)
	at sun.reflect.NativeMethodAccessorImpl.invoke(NativeMethodAccessorImpl.java:62)
	at sun.reflect.DelegatingMethodAccessorImpl.invoke(DelegatingMethodAccessorImpl.java:43)
	at java.lang.reflect.Method.invoke(Method.java:498)
	at org.mybatis.spring.SqlSessionTemplate$SqlSessionInterceptor.invoke(SqlSessionTemplate.java:427)
	... 24 common frames omitted
Caused by: org.springframework.jdbc.CannotGetJdbcConnectionException: Failed to obtain JDBC Connection; nested exception is java.sql.SQLNonTransientConnectionException: Could not create connection to database server. Attempted reconnect 3 times. Giving up.
	at org.springframework.jdbc.datasource.DataSourceUtils.getConnection(DataSourceUtils.java:83)
	at org.mybatis.spring.transaction.SpringManagedTransaction.openConnection(SpringManagedTransaction.java:80)
	at org.mybatis.spring.transaction.SpringManagedTransaction.getConnection(SpringManagedTransaction.java:67)
	at org.apache.ibatis.executor.BaseExecutor.getConnection(BaseExecutor.java:337)
	at org.apache.ibatis.executor.SimpleExecutor.prepareStatement(SimpleExecutor.java:86)
	at org.apache.ibatis.executor.SimpleExecutor.doQuery(SimpleExecutor.java:62)
	at org.apache.ibatis.executor.BaseExecutor.queryFromDatabase(BaseExecutor.java:325)
	at org.apache.ibatis.executor.BaseExecutor.query(BaseExecutor.java:156)
	at org.apache.ibatis.executor.CachingExecutor.query(CachingExecutor.java:109)
	at org.apache.ibatis.executor.CachingExecutor.query(CachingExecutor.java:89)
	at org.apache.ibatis.session.defaults.DefaultSqlSession.selectList(DefaultSqlSession.java:147)
	... 30 common frames omitted
Caused by: java.sql.SQLNonTransientConnectionException: Could not create connection to database server. Attempted reconnect 3 times. Giving up.
	at com.mysql.cj.jdbc.exceptions.SQLError.createSQLException(SQLError.java:110)
	at com.mysql.cj.jdbc.exceptions.SQLError.createSQLException(SQLError.java:97)
	at com.mysql.cj.jdbc.exceptions.SQLError.createSQLException(SQLError.java:89)
	at com.mysql.cj.jdbc.exceptions.SQLError.createSQLException(SQLError.java:63)
	at com.mysql.cj.jdbc.exceptions.SQLError.createSQLException(SQLError.java:73)
	at com.mysql.cj.jdbc.ConnectionImpl.connectWithRetries(ConnectionImpl.java:903)
	at com.mysql.cj.jdbc.ConnectionImpl.createNewIO(ConnectionImpl.java:828)
	at com.mysql.cj.jdbc.ConnectionImpl.<init>(ConnectionImpl.java:453)
	at com.mysql.cj.jdbc.ConnectionImpl.getInstance(ConnectionImpl.java:246)
	at com.mysql.cj.jdbc.NonRegisteringDriver.connect(NonRegisteringDriver.java:198)
	at com.zaxxer.hikari.util.DriverDataSource.getConnection(DriverDataSource.java:138)
	at com.zaxxer.hikari.pool.PoolBase.newConnection(PoolBase.java:364)
	at com.zaxxer.hikari.pool.PoolBase.newPoolEntry(PoolBase.java:206)
	at com.zaxxer.hikari.pool.HikariPool.createPoolEntry(HikariPool.java:476)
	at com.zaxxer.hikari.pool.HikariPool.checkFailFast(HikariPool.java:561)
	at com.zaxxer.hikari.pool.HikariPool.<init>(HikariPool.java:115)
	at com.zaxxer.hikari.HikariDataSource.getConnection(HikariDataSource.java:112)
	at org.springframework.jdbc.datasource.DataSourceUtils.fetchConnection(DataSourceUtils.java:159)
	at org.springframework.jdbc.datasource.DataSourceUtils.doGetConnection(DataSourceUtils.java:117)
	at org.springframework.jdbc.datasource.DataSourceUtils.getConnection(DataSourceUtils.java:80)
	... 40 common frames omitted
Caused by: com.mysql.cj.exceptions.CJCommunicationsException: Communications link failure

The last packet sent successfully to the server was 0 milliseconds ago. The driver has not received any packets from the server.
	at sun.reflect.NativeConstructorAccessorImpl.newInstance0(Native Method)
	at sun.reflect.NativeConstructorAccessorImpl.newInstance(NativeConstructorAccessorImpl.java:62)
	at sun.reflect.DelegatingConstructorAccessorImpl.newInstance(DelegatingConstructorAccessorImpl.java:45)
	at java.lang.reflect.Constructor.newInstance(Constructor.java:423)
	at com.mysql.cj.exceptions.ExceptionFactory.createException(ExceptionFactory.java:61)
	at com.mysql.cj.exceptions.ExceptionFactory.createException(ExceptionFactory.java:105)
	at com.mysql.cj.exceptions.ExceptionFactory.createException(ExceptionFactory.java:151)
	at com.mysql.cj.exceptions.ExceptionFactory.createCommunicationsException(ExceptionFactory.java:167)
	at com.mysql.cj.protocol.a.NativeSocketConnection.connect(NativeSocketConnection.java:89)
	at com.mysql.cj.NativeSession.connect(NativeSession.java:144)
	at com.mysql.cj.jdbc.ConnectionImpl.connectWithRetries(ConnectionImpl.java:847)
	... 54 common frames omitted
Caused by: java.net.UnknownHostException: mysql
	at java.net.InetAddress.getAllByName0(InetAddress.java:1299)
	at java.net.InetAddress.getAllByName(InetAddress.java:1205)
	at java.net.InetAddress.getAllByName(InetAddress.java:1127)
	at com.mysql.cj.protocol.StandardSocketFactory.connect(StandardSocketFactory.java:132)
	at com.mysql.cj.protocol.a.NativeSocketConnection.connect(NativeSocketConnection.java:63)
	... 56 common frames omitted
25-02-07.14:38:25.013 [scheduling-1    ] INFO  NoPayNotifyOrderJob    - 任务；检测未接收到或未正确处理的支付回调通知
25-02-07.14:38:25.013 [scheduling-1    ] INFO  HikariDataSource       - HikariPool-1 - Starting...
25-02-07.14:38:30.046 [scheduling-1    ] ERROR HikariPool             - HikariPool-1 - Exception during pool initialization.
java.sql.SQLNonTransientConnectionException: Could not create connection to database server. Attempted reconnect 3 times. Giving up.
	at com.mysql.cj.jdbc.exceptions.SQLError.createSQLException(SQLError.java:110)
	at com.mysql.cj.jdbc.exceptions.SQLError.createSQLException(SQLError.java:97)
	at com.mysql.cj.jdbc.exceptions.SQLError.createSQLException(SQLError.java:89)
	at com.mysql.cj.jdbc.exceptions.SQLError.createSQLException(SQLError.java:63)
	at com.mysql.cj.jdbc.exceptions.SQLError.createSQLException(SQLError.java:73)
	at com.mysql.cj.jdbc.ConnectionImpl.connectWithRetries(ConnectionImpl.java:903)
	at com.mysql.cj.jdbc.ConnectionImpl.createNewIO(ConnectionImpl.java:828)
	at com.mysql.cj.jdbc.ConnectionImpl.<init>(ConnectionImpl.java:453)
	at com.mysql.cj.jdbc.ConnectionImpl.getInstance(ConnectionImpl.java:246)
	at com.mysql.cj.jdbc.NonRegisteringDriver.connect(NonRegisteringDriver.java:198)
	at com.zaxxer.hikari.util.DriverDataSource.getConnection(DriverDataSource.java:138)
	at com.zaxxer.hikari.pool.PoolBase.newConnection(PoolBase.java:364)
	at com.zaxxer.hikari.pool.PoolBase.newPoolEntry(PoolBase.java:206)
	at com.zaxxer.hikari.pool.HikariPool.createPoolEntry(HikariPool.java:476)
	at com.zaxxer.hikari.pool.HikariPool.checkFailFast(HikariPool.java:561)
	at com.zaxxer.hikari.pool.HikariPool.<init>(HikariPool.java:115)
	at com.zaxxer.hikari.HikariDataSource.getConnection(HikariDataSource.java:112)
	at org.springframework.jdbc.datasource.DataSourceUtils.fetchConnection(DataSourceUtils.java:159)
	at org.springframework.jdbc.datasource.DataSourceUtils.doGetConnection(DataSourceUtils.java:117)
	at org.springframework.jdbc.datasource.DataSourceUtils.getConnection(DataSourceUtils.java:80)
	at org.mybatis.spring.transaction.SpringManagedTransaction.openConnection(SpringManagedTransaction.java:80)
	at org.mybatis.spring.transaction.SpringManagedTransaction.getConnection(SpringManagedTransaction.java:67)
	at org.apache.ibatis.executor.BaseExecutor.getConnection(BaseExecutor.java:337)
	at org.apache.ibatis.executor.SimpleExecutor.prepareStatement(SimpleExecutor.java:86)
	at org.apache.ibatis.executor.SimpleExecutor.doQuery(SimpleExecutor.java:62)
	at org.apache.ibatis.executor.BaseExecutor.queryFromDatabase(BaseExecutor.java:325)
	at org.apache.ibatis.executor.BaseExecutor.query(BaseExecutor.java:156)
	at org.apache.ibatis.executor.CachingExecutor.query(CachingExecutor.java:109)
	at org.apache.ibatis.executor.CachingExecutor.query(CachingExecutor.java:89)
	at org.apache.ibatis.session.defaults.DefaultSqlSession.selectList(DefaultSqlSession.java:147)
	at org.apache.ibatis.session.defaults.DefaultSqlSession.selectList(DefaultSqlSession.java:140)
	at sun.reflect.NativeMethodAccessorImpl.invoke0(Native Method)
	at sun.reflect.NativeMethodAccessorImpl.invoke(NativeMethodAccessorImpl.java:62)
	at sun.reflect.DelegatingMethodAccessorImpl.invoke(DelegatingMethodAccessorImpl.java:43)
	at java.lang.reflect.Method.invoke(Method.java:498)
	at org.mybatis.spring.SqlSessionTemplate$SqlSessionInterceptor.invoke(SqlSessionTemplate.java:427)
	at com.sun.proxy.$Proxy69.selectList(Unknown Source)
	at org.mybatis.spring.SqlSessionTemplate.selectList(SqlSessionTemplate.java:224)
	at org.apache.ibatis.binding.MapperMethod.executeForMany(MapperMethod.java:147)
	at org.apache.ibatis.binding.MapperMethod.execute(MapperMethod.java:80)
	at org.apache.ibatis.binding.MapperProxy$PlainMethodInvoker.invoke(MapperProxy.java:152)
	at org.apache.ibatis.binding.MapperProxy.invoke(MapperProxy.java:85)
	at com.sun.proxy.$Proxy70.queryNoPayNotifyOrder(Unknown Source)
	at org.example.service.impl.OrderServiceImpl.queryNoPayNotifyOrder(OrderServiceImpl.java:107)
	at org.example.job.NoPayNotifyOrderJob.exec(NoPayNotifyOrderJob.java:29)
	at sun.reflect.NativeMethodAccessorImpl.invoke0(Native Method)
	at sun.reflect.NativeMethodAccessorImpl.invoke(NativeMethodAccessorImpl.java:62)
	at sun.reflect.DelegatingMethodAccessorImpl.invoke(DelegatingMethodAccessorImpl.java:43)
	at java.lang.reflect.Method.invoke(Method.java:498)
	at org.springframework.scheduling.support.ScheduledMethodRunnable.run(ScheduledMethodRunnable.java:84)
	at org.springframework.scheduling.support.DelegatingErrorHandlingRunnable.run(DelegatingErrorHandlingRunnable.java:54)
	at org.springframework.scheduling.concurrent.ReschedulingRunnable.run(ReschedulingRunnable.java:95)
	at java.util.concurrent.Executors$RunnableAdapter.call(Executors.java:511)
	at java.util.concurrent.FutureTask.run$$$capture(FutureTask.java:266)
	at java.util.concurrent.FutureTask.run(FutureTask.java)
	at java.util.concurrent.ScheduledThreadPoolExecutor$ScheduledFutureTask.access$201(ScheduledThreadPoolExecutor.java:180)
	at java.util.concurrent.ScheduledThreadPoolExecutor$ScheduledFutureTask.run(ScheduledThreadPoolExecutor.java:293)
	at java.util.concurrent.ThreadPoolExecutor.runWorker(ThreadPoolExecutor.java:1149)
	at java.util.concurrent.ThreadPoolExecutor$Worker.run(ThreadPoolExecutor.java:624)
	at java.lang.Thread.run(Thread.java:750)
Caused by: com.mysql.cj.exceptions.CJCommunicationsException: Communications link failure

The last packet sent successfully to the server was 0 milliseconds ago. The driver has not received any packets from the server.
	at sun.reflect.NativeConstructorAccessorImpl.newInstance0(Native Method)
	at sun.reflect.NativeConstructorAccessorImpl.newInstance(NativeConstructorAccessorImpl.java:62)
	at sun.reflect.DelegatingConstructorAccessorImpl.newInstance(DelegatingConstructorAccessorImpl.java:45)
	at java.lang.reflect.Constructor.newInstance(Constructor.java:423)
	at com.mysql.cj.exceptions.ExceptionFactory.createException(ExceptionFactory.java:61)
	at com.mysql.cj.exceptions.ExceptionFactory.createException(ExceptionFactory.java:105)
	at com.mysql.cj.exceptions.ExceptionFactory.createException(ExceptionFactory.java:151)
	at com.mysql.cj.exceptions.ExceptionFactory.createCommunicationsException(ExceptionFactory.java:167)
	at com.mysql.cj.protocol.a.NativeSocketConnection.connect(NativeSocketConnection.java:89)
	at com.mysql.cj.NativeSession.connect(NativeSession.java:144)
	at com.mysql.cj.jdbc.ConnectionImpl.connectWithRetries(ConnectionImpl.java:847)
	... 54 common frames omitted
Caused by: java.net.UnknownHostException: mysql
	at java.net.InetAddress.getAllByName0(InetAddress.java:1299)
	at java.net.InetAddress.getAllByName(InetAddress.java:1205)
	at java.net.InetAddress.getAllByName(InetAddress.java:1127)
	at com.mysql.cj.protocol.StandardSocketFactory.connect(StandardSocketFactory.java:132)
	at com.mysql.cj.protocol.a.NativeSocketConnection.connect(NativeSocketConnection.java:63)
	... 56 common frames omitted
25-02-07.14:38:30.047 [scheduling-1    ] ERROR NoPayNotifyOrderJob    - 检测未接收到或未正确处理的支付回调通知失败
org.mybatis.spring.MyBatisSystemException: nested exception is org.apache.ibatis.exceptions.PersistenceException: 
### Error querying database.  Cause: org.springframework.jdbc.CannotGetJdbcConnectionException: Failed to obtain JDBC Connection; nested exception is java.sql.SQLNonTransientConnectionException: Could not create connection to database server. Attempted reconnect 3 times. Giving up.
### The error may exist in file [D:\Workspace\s-pay-mall-qiusu\s-pay-mall-controller\target\classes\mybatis\mapper\pay_order_mapper.xml]
### The error may involve org.example.dao.IOrderDao.queryNoPayNotifyOrder
### The error occurred while executing a query
### Cause: org.springframework.jdbc.CannotGetJdbcConnectionException: Failed to obtain JDBC Connection; nested exception is java.sql.SQLNonTransientConnectionException: Could not create connection to database server. Attempted reconnect 3 times. Giving up.
	at org.mybatis.spring.MyBatisExceptionTranslator.translateExceptionIfPossible(MyBatisExceptionTranslator.java:96)
	at org.mybatis.spring.SqlSessionTemplate$SqlSessionInterceptor.invoke(SqlSessionTemplate.java:441)
	at com.sun.proxy.$Proxy69.selectList(Unknown Source)
	at org.mybatis.spring.SqlSessionTemplate.selectList(SqlSessionTemplate.java:224)
	at org.apache.ibatis.binding.MapperMethod.executeForMany(MapperMethod.java:147)
	at org.apache.ibatis.binding.MapperMethod.execute(MapperMethod.java:80)
	at org.apache.ibatis.binding.MapperProxy$PlainMethodInvoker.invoke(MapperProxy.java:152)
	at org.apache.ibatis.binding.MapperProxy.invoke(MapperProxy.java:85)
	at com.sun.proxy.$Proxy70.queryNoPayNotifyOrder(Unknown Source)
	at org.example.service.impl.OrderServiceImpl.queryNoPayNotifyOrder(OrderServiceImpl.java:107)
	at org.example.job.NoPayNotifyOrderJob.exec(NoPayNotifyOrderJob.java:29)
	at sun.reflect.NativeMethodAccessorImpl.invoke0(Native Method)
	at sun.reflect.NativeMethodAccessorImpl.invoke(NativeMethodAccessorImpl.java:62)
	at sun.reflect.DelegatingMethodAccessorImpl.invoke(DelegatingMethodAccessorImpl.java:43)
	at java.lang.reflect.Method.invoke(Method.java:498)
	at org.springframework.scheduling.support.ScheduledMethodRunnable.run(ScheduledMethodRunnable.java:84)
	at org.springframework.scheduling.support.DelegatingErrorHandlingRunnable.run(DelegatingErrorHandlingRunnable.java:54)
	at org.springframework.scheduling.concurrent.ReschedulingRunnable.run(ReschedulingRunnable.java:95)
	at java.util.concurrent.Executors$RunnableAdapter.call(Executors.java:511)
	at java.util.concurrent.FutureTask.run$$$capture(FutureTask.java:266)
	at java.util.concurrent.FutureTask.run(FutureTask.java)
	at java.util.concurrent.ScheduledThreadPoolExecutor$ScheduledFutureTask.access$201(ScheduledThreadPoolExecutor.java:180)
	at java.util.concurrent.ScheduledThreadPoolExecutor$ScheduledFutureTask.run(ScheduledThreadPoolExecutor.java:293)
	at java.util.concurrent.ThreadPoolExecutor.runWorker(ThreadPoolExecutor.java:1149)
	at java.util.concurrent.ThreadPoolExecutor$Worker.run(ThreadPoolExecutor.java:624)
	at java.lang.Thread.run(Thread.java:750)
Caused by: org.apache.ibatis.exceptions.PersistenceException: 
### Error querying database.  Cause: org.springframework.jdbc.CannotGetJdbcConnectionException: Failed to obtain JDBC Connection; nested exception is java.sql.SQLNonTransientConnectionException: Could not create connection to database server. Attempted reconnect 3 times. Giving up.
### The error may exist in file [D:\Workspace\s-pay-mall-qiusu\s-pay-mall-controller\target\classes\mybatis\mapper\pay_order_mapper.xml]
### The error may involve org.example.dao.IOrderDao.queryNoPayNotifyOrder
### The error occurred while executing a query
### Cause: org.springframework.jdbc.CannotGetJdbcConnectionException: Failed to obtain JDBC Connection; nested exception is java.sql.SQLNonTransientConnectionException: Could not create connection to database server. Attempted reconnect 3 times. Giving up.
	at org.apache.ibatis.exceptions.ExceptionFactory.wrapException(ExceptionFactory.java:30)
	at org.apache.ibatis.session.defaults.DefaultSqlSession.selectList(DefaultSqlSession.java:149)
	at org.apache.ibatis.session.defaults.DefaultSqlSession.selectList(DefaultSqlSession.java:140)
	at sun.reflect.NativeMethodAccessorImpl.invoke0(Native Method)
	at sun.reflect.NativeMethodAccessorImpl.invoke(NativeMethodAccessorImpl.java:62)
	at sun.reflect.DelegatingMethodAccessorImpl.invoke(DelegatingMethodAccessorImpl.java:43)
	at java.lang.reflect.Method.invoke(Method.java:498)
	at org.mybatis.spring.SqlSessionTemplate$SqlSessionInterceptor.invoke(SqlSessionTemplate.java:427)
	... 24 common frames omitted
Caused by: org.springframework.jdbc.CannotGetJdbcConnectionException: Failed to obtain JDBC Connection; nested exception is java.sql.SQLNonTransientConnectionException: Could not create connection to database server. Attempted reconnect 3 times. Giving up.
	at org.springframework.jdbc.datasource.DataSourceUtils.getConnection(DataSourceUtils.java:83)
	at org.mybatis.spring.transaction.SpringManagedTransaction.openConnection(SpringManagedTransaction.java:80)
	at org.mybatis.spring.transaction.SpringManagedTransaction.getConnection(SpringManagedTransaction.java:67)
	at org.apache.ibatis.executor.BaseExecutor.getConnection(BaseExecutor.java:337)
	at org.apache.ibatis.executor.SimpleExecutor.prepareStatement(SimpleExecutor.java:86)
	at org.apache.ibatis.executor.SimpleExecutor.doQuery(SimpleExecutor.java:62)
	at org.apache.ibatis.executor.BaseExecutor.queryFromDatabase(BaseExecutor.java:325)
	at org.apache.ibatis.executor.BaseExecutor.query(BaseExecutor.java:156)
	at org.apache.ibatis.executor.CachingExecutor.query(CachingExecutor.java:109)
	at org.apache.ibatis.executor.CachingExecutor.query(CachingExecutor.java:89)
	at org.apache.ibatis.session.defaults.DefaultSqlSession.selectList(DefaultSqlSession.java:147)
	... 30 common frames omitted
Caused by: java.sql.SQLNonTransientConnectionException: Could not create connection to database server. Attempted reconnect 3 times. Giving up.
	at com.mysql.cj.jdbc.exceptions.SQLError.createSQLException(SQLError.java:110)
	at com.mysql.cj.jdbc.exceptions.SQLError.createSQLException(SQLError.java:97)
	at com.mysql.cj.jdbc.exceptions.SQLError.createSQLException(SQLError.java:89)
	at com.mysql.cj.jdbc.exceptions.SQLError.createSQLException(SQLError.java:63)
	at com.mysql.cj.jdbc.exceptions.SQLError.createSQLException(SQLError.java:73)
	at com.mysql.cj.jdbc.ConnectionImpl.connectWithRetries(ConnectionImpl.java:903)
	at com.mysql.cj.jdbc.ConnectionImpl.createNewIO(ConnectionImpl.java:828)
	at com.mysql.cj.jdbc.ConnectionImpl.<init>(ConnectionImpl.java:453)
	at com.mysql.cj.jdbc.ConnectionImpl.getInstance(ConnectionImpl.java:246)
	at com.mysql.cj.jdbc.NonRegisteringDriver.connect(NonRegisteringDriver.java:198)
	at com.zaxxer.hikari.util.DriverDataSource.getConnection(DriverDataSource.java:138)
	at com.zaxxer.hikari.pool.PoolBase.newConnection(PoolBase.java:364)
	at com.zaxxer.hikari.pool.PoolBase.newPoolEntry(PoolBase.java:206)
	at com.zaxxer.hikari.pool.HikariPool.createPoolEntry(HikariPool.java:476)
	at com.zaxxer.hikari.pool.HikariPool.checkFailFast(HikariPool.java:561)
	at com.zaxxer.hikari.pool.HikariPool.<init>(HikariPool.java:115)
	at com.zaxxer.hikari.HikariDataSource.getConnection(HikariDataSource.java:112)
	at org.springframework.jdbc.datasource.DataSourceUtils.fetchConnection(DataSourceUtils.java:159)
	at org.springframework.jdbc.datasource.DataSourceUtils.doGetConnection(DataSourceUtils.java:117)
	at org.springframework.jdbc.datasource.DataSourceUtils.getConnection(DataSourceUtils.java:80)
	... 40 common frames omitted
Caused by: com.mysql.cj.exceptions.CJCommunicationsException: Communications link failure

The last packet sent successfully to the server was 0 milliseconds ago. The driver has not received any packets from the server.
	at sun.reflect.NativeConstructorAccessorImpl.newInstance0(Native Method)
	at sun.reflect.NativeConstructorAccessorImpl.newInstance(NativeConstructorAccessorImpl.java:62)
	at sun.reflect.DelegatingConstructorAccessorImpl.newInstance(DelegatingConstructorAccessorImpl.java:45)
	at java.lang.reflect.Constructor.newInstance(Constructor.java:423)
	at com.mysql.cj.exceptions.ExceptionFactory.createException(ExceptionFactory.java:61)
	at com.mysql.cj.exceptions.ExceptionFactory.createException(ExceptionFactory.java:105)
	at com.mysql.cj.exceptions.ExceptionFactory.createException(ExceptionFactory.java:151)
	at com.mysql.cj.exceptions.ExceptionFactory.createCommunicationsException(ExceptionFactory.java:167)
	at com.mysql.cj.protocol.a.NativeSocketConnection.connect(NativeSocketConnection.java:89)
	at com.mysql.cj.NativeSession.connect(NativeSession.java:144)
	at com.mysql.cj.jdbc.ConnectionImpl.connectWithRetries(ConnectionImpl.java:847)
	... 54 common frames omitted
Caused by: java.net.UnknownHostException: mysql
	at java.net.InetAddress.getAllByName0(InetAddress.java:1299)
	at java.net.InetAddress.getAllByName(InetAddress.java:1205)
	at java.net.InetAddress.getAllByName(InetAddress.java:1127)
	at com.mysql.cj.protocol.StandardSocketFactory.connect(StandardSocketFactory.java:132)
	at com.mysql.cj.protocol.a.NativeSocketConnection.connect(NativeSocketConnection.java:63)
	... 56 common frames omitted
25-02-07.14:38:35.004 [scheduling-1    ] INFO  NoPayNotifyOrderJob    - 任务；检测未接收到或未正确处理的支付回调通知
25-02-07.14:38:35.004 [scheduling-1    ] INFO  HikariDataSource       - HikariPool-1 - Starting...
25-02-07.14:38:42.302 [scheduling-1    ] ERROR HikariPool             - HikariPool-1 - Exception during pool initialization.
java.sql.SQLNonTransientConnectionException: Could not create connection to database server. Attempted reconnect 3 times. Giving up.
	at com.mysql.cj.jdbc.exceptions.SQLError.createSQLException(SQLError.java:110)
	at com.mysql.cj.jdbc.exceptions.SQLError.createSQLException(SQLError.java:97)
	at com.mysql.cj.jdbc.exceptions.SQLError.createSQLException(SQLError.java:89)
	at com.mysql.cj.jdbc.exceptions.SQLError.createSQLException(SQLError.java:63)
	at com.mysql.cj.jdbc.exceptions.SQLError.createSQLException(SQLError.java:73)
	at com.mysql.cj.jdbc.ConnectionImpl.connectWithRetries(ConnectionImpl.java:903)
	at com.mysql.cj.jdbc.ConnectionImpl.createNewIO(ConnectionImpl.java:828)
	at com.mysql.cj.jdbc.ConnectionImpl.<init>(ConnectionImpl.java:453)
	at com.mysql.cj.jdbc.ConnectionImpl.getInstance(ConnectionImpl.java:246)
	at com.mysql.cj.jdbc.NonRegisteringDriver.connect(NonRegisteringDriver.java:198)
	at com.zaxxer.hikari.util.DriverDataSource.getConnection(DriverDataSource.java:138)
	at com.zaxxer.hikari.pool.PoolBase.newConnection(PoolBase.java:364)
	at com.zaxxer.hikari.pool.PoolBase.newPoolEntry(PoolBase.java:206)
	at com.zaxxer.hikari.pool.HikariPool.createPoolEntry(HikariPool.java:476)
	at com.zaxxer.hikari.pool.HikariPool.checkFailFast(HikariPool.java:561)
	at com.zaxxer.hikari.pool.HikariPool.<init>(HikariPool.java:115)
	at com.zaxxer.hikari.HikariDataSource.getConnection(HikariDataSource.java:112)
	at org.springframework.jdbc.datasource.DataSourceUtils.fetchConnection(DataSourceUtils.java:159)
	at org.springframework.jdbc.datasource.DataSourceUtils.doGetConnection(DataSourceUtils.java:117)
	at org.springframework.jdbc.datasource.DataSourceUtils.getConnection(DataSourceUtils.java:80)
	at org.mybatis.spring.transaction.SpringManagedTransaction.openConnection(SpringManagedTransaction.java:80)
	at org.mybatis.spring.transaction.SpringManagedTransaction.getConnection(SpringManagedTransaction.java:67)
	at org.apache.ibatis.executor.BaseExecutor.getConnection(BaseExecutor.java:337)
	at org.apache.ibatis.executor.SimpleExecutor.prepareStatement(SimpleExecutor.java:86)
	at org.apache.ibatis.executor.SimpleExecutor.doQuery(SimpleExecutor.java:62)
	at org.apache.ibatis.executor.BaseExecutor.queryFromDatabase(BaseExecutor.java:325)
	at org.apache.ibatis.executor.BaseExecutor.query(BaseExecutor.java:156)
	at org.apache.ibatis.executor.CachingExecutor.query(CachingExecutor.java:109)
	at org.apache.ibatis.executor.CachingExecutor.query(CachingExecutor.java:89)
	at org.apache.ibatis.session.defaults.DefaultSqlSession.selectList(DefaultSqlSession.java:147)
	at org.apache.ibatis.session.defaults.DefaultSqlSession.selectList(DefaultSqlSession.java:140)
	at sun.reflect.NativeMethodAccessorImpl.invoke0(Native Method)
	at sun.reflect.NativeMethodAccessorImpl.invoke(NativeMethodAccessorImpl.java:62)
	at sun.reflect.DelegatingMethodAccessorImpl.invoke(DelegatingMethodAccessorImpl.java:43)
	at java.lang.reflect.Method.invoke(Method.java:498)
	at org.mybatis.spring.SqlSessionTemplate$SqlSessionInterceptor.invoke(SqlSessionTemplate.java:427)
	at com.sun.proxy.$Proxy69.selectList(Unknown Source)
	at org.mybatis.spring.SqlSessionTemplate.selectList(SqlSessionTemplate.java:224)
	at org.apache.ibatis.binding.MapperMethod.executeForMany(MapperMethod.java:147)
	at org.apache.ibatis.binding.MapperMethod.execute(MapperMethod.java:80)
	at org.apache.ibatis.binding.MapperProxy$PlainMethodInvoker.invoke(MapperProxy.java:152)
	at org.apache.ibatis.binding.MapperProxy.invoke(MapperProxy.java:85)
	at com.sun.proxy.$Proxy70.queryNoPayNotifyOrder(Unknown Source)
	at org.example.service.impl.OrderServiceImpl.queryNoPayNotifyOrder(OrderServiceImpl.java:107)
	at org.example.job.NoPayNotifyOrderJob.exec(NoPayNotifyOrderJob.java:29)
	at sun.reflect.NativeMethodAccessorImpl.invoke0(Native Method)
	at sun.reflect.NativeMethodAccessorImpl.invoke(NativeMethodAccessorImpl.java:62)
	at sun.reflect.DelegatingMethodAccessorImpl.invoke(DelegatingMethodAccessorImpl.java:43)
	at java.lang.reflect.Method.invoke(Method.java:498)
	at org.springframework.scheduling.support.ScheduledMethodRunnable.run(ScheduledMethodRunnable.java:84)
	at org.springframework.scheduling.support.DelegatingErrorHandlingRunnable.run(DelegatingErrorHandlingRunnable.java:54)
	at org.springframework.scheduling.concurrent.ReschedulingRunnable.run(ReschedulingRunnable.java:95)
	at java.util.concurrent.Executors$RunnableAdapter.call(Executors.java:511)
	at java.util.concurrent.FutureTask.run$$$capture(FutureTask.java:266)
	at java.util.concurrent.FutureTask.run(FutureTask.java)
	at java.util.concurrent.ScheduledThreadPoolExecutor$ScheduledFutureTask.access$201(ScheduledThreadPoolExecutor.java:180)
	at java.util.concurrent.ScheduledThreadPoolExecutor$ScheduledFutureTask.run(ScheduledThreadPoolExecutor.java:293)
	at java.util.concurrent.ThreadPoolExecutor.runWorker(ThreadPoolExecutor.java:1149)
	at java.util.concurrent.ThreadPoolExecutor$Worker.run(ThreadPoolExecutor.java:624)
	at java.lang.Thread.run(Thread.java:750)
Caused by: com.mysql.cj.exceptions.CJCommunicationsException: Communications link failure

The last packet sent successfully to the server was 0 milliseconds ago. The driver has not received any packets from the server.
	at sun.reflect.NativeConstructorAccessorImpl.newInstance0(Native Method)
	at sun.reflect.NativeConstructorAccessorImpl.newInstance(NativeConstructorAccessorImpl.java:62)
	at sun.reflect.DelegatingConstructorAccessorImpl.newInstance(DelegatingConstructorAccessorImpl.java:45)
	at java.lang.reflect.Constructor.newInstance(Constructor.java:423)
	at com.mysql.cj.exceptions.ExceptionFactory.createException(ExceptionFactory.java:61)
	at com.mysql.cj.exceptions.ExceptionFactory.createException(ExceptionFactory.java:105)
	at com.mysql.cj.exceptions.ExceptionFactory.createException(ExceptionFactory.java:151)
	at com.mysql.cj.exceptions.ExceptionFactory.createCommunicationsException(ExceptionFactory.java:167)
	at com.mysql.cj.protocol.a.NativeSocketConnection.connect(NativeSocketConnection.java:89)
	at com.mysql.cj.NativeSession.connect(NativeSession.java:144)
	at com.mysql.cj.jdbc.ConnectionImpl.connectWithRetries(ConnectionImpl.java:847)
	... 54 common frames omitted
Caused by: java.net.UnknownHostException: mysql
	at java.net.InetAddress.getAllByName0(InetAddress.java:1299)
	at java.net.InetAddress.getAllByName(InetAddress.java:1205)
	at java.net.InetAddress.getAllByName(InetAddress.java:1127)
	at com.mysql.cj.protocol.StandardSocketFactory.connect(StandardSocketFactory.java:132)
	at com.mysql.cj.protocol.a.NativeSocketConnection.connect(NativeSocketConnection.java:63)
	... 56 common frames omitted
25-02-07.14:38:42.303 [scheduling-1    ] ERROR NoPayNotifyOrderJob    - 检测未接收到或未正确处理的支付回调通知失败
org.mybatis.spring.MyBatisSystemException: nested exception is org.apache.ibatis.exceptions.PersistenceException: 
### Error querying database.  Cause: org.springframework.jdbc.CannotGetJdbcConnectionException: Failed to obtain JDBC Connection; nested exception is java.sql.SQLNonTransientConnectionException: Could not create connection to database server. Attempted reconnect 3 times. Giving up.
### The error may exist in file [D:\Workspace\s-pay-mall-qiusu\s-pay-mall-controller\target\classes\mybatis\mapper\pay_order_mapper.xml]
### The error may involve org.example.dao.IOrderDao.queryNoPayNotifyOrder
### The error occurred while executing a query
### Cause: org.springframework.jdbc.CannotGetJdbcConnectionException: Failed to obtain JDBC Connection; nested exception is java.sql.SQLNonTransientConnectionException: Could not create connection to database server. Attempted reconnect 3 times. Giving up.
	at org.mybatis.spring.MyBatisExceptionTranslator.translateExceptionIfPossible(MyBatisExceptionTranslator.java:96)
	at org.mybatis.spring.SqlSessionTemplate$SqlSessionInterceptor.invoke(SqlSessionTemplate.java:441)
	at com.sun.proxy.$Proxy69.selectList(Unknown Source)
	at org.mybatis.spring.SqlSessionTemplate.selectList(SqlSessionTemplate.java:224)
	at org.apache.ibatis.binding.MapperMethod.executeForMany(MapperMethod.java:147)
	at org.apache.ibatis.binding.MapperMethod.execute(MapperMethod.java:80)
	at org.apache.ibatis.binding.MapperProxy$PlainMethodInvoker.invoke(MapperProxy.java:152)
	at org.apache.ibatis.binding.MapperProxy.invoke(MapperProxy.java:85)
	at com.sun.proxy.$Proxy70.queryNoPayNotifyOrder(Unknown Source)
	at org.example.service.impl.OrderServiceImpl.queryNoPayNotifyOrder(OrderServiceImpl.java:107)
	at org.example.job.NoPayNotifyOrderJob.exec(NoPayNotifyOrderJob.java:29)
	at sun.reflect.NativeMethodAccessorImpl.invoke0(Native Method)
	at sun.reflect.NativeMethodAccessorImpl.invoke(NativeMethodAccessorImpl.java:62)
	at sun.reflect.DelegatingMethodAccessorImpl.invoke(DelegatingMethodAccessorImpl.java:43)
	at java.lang.reflect.Method.invoke(Method.java:498)
	at org.springframework.scheduling.support.ScheduledMethodRunnable.run(ScheduledMethodRunnable.java:84)
	at org.springframework.scheduling.support.DelegatingErrorHandlingRunnable.run(DelegatingErrorHandlingRunnable.java:54)
	at org.springframework.scheduling.concurrent.ReschedulingRunnable.run(ReschedulingRunnable.java:95)
	at java.util.concurrent.Executors$RunnableAdapter.call(Executors.java:511)
	at java.util.concurrent.FutureTask.run$$$capture(FutureTask.java:266)
	at java.util.concurrent.FutureTask.run(FutureTask.java)
	at java.util.concurrent.ScheduledThreadPoolExecutor$ScheduledFutureTask.access$201(ScheduledThreadPoolExecutor.java:180)
	at java.util.concurrent.ScheduledThreadPoolExecutor$ScheduledFutureTask.run(ScheduledThreadPoolExecutor.java:293)
	at java.util.concurrent.ThreadPoolExecutor.runWorker(ThreadPoolExecutor.java:1149)
	at java.util.concurrent.ThreadPoolExecutor$Worker.run(ThreadPoolExecutor.java:624)
	at java.lang.Thread.run(Thread.java:750)
Caused by: org.apache.ibatis.exceptions.PersistenceException: 
### Error querying database.  Cause: org.springframework.jdbc.CannotGetJdbcConnectionException: Failed to obtain JDBC Connection; nested exception is java.sql.SQLNonTransientConnectionException: Could not create connection to database server. Attempted reconnect 3 times. Giving up.
### The error may exist in file [D:\Workspace\s-pay-mall-qiusu\s-pay-mall-controller\target\classes\mybatis\mapper\pay_order_mapper.xml]
### The error may involve org.example.dao.IOrderDao.queryNoPayNotifyOrder
### The error occurred while executing a query
### Cause: org.springframework.jdbc.CannotGetJdbcConnectionException: Failed to obtain JDBC Connection; nested exception is java.sql.SQLNonTransientConnectionException: Could not create connection to database server. Attempted reconnect 3 times. Giving up.
	at org.apache.ibatis.exceptions.ExceptionFactory.wrapException(ExceptionFactory.java:30)
	at org.apache.ibatis.session.defaults.DefaultSqlSession.selectList(DefaultSqlSession.java:149)
	at org.apache.ibatis.session.defaults.DefaultSqlSession.selectList(DefaultSqlSession.java:140)
	at sun.reflect.NativeMethodAccessorImpl.invoke0(Native Method)
	at sun.reflect.NativeMethodAccessorImpl.invoke(NativeMethodAccessorImpl.java:62)
	at sun.reflect.DelegatingMethodAccessorImpl.invoke(DelegatingMethodAccessorImpl.java:43)
	at java.lang.reflect.Method.invoke(Method.java:498)
	at org.mybatis.spring.SqlSessionTemplate$SqlSessionInterceptor.invoke(SqlSessionTemplate.java:427)
	... 24 common frames omitted
Caused by: org.springframework.jdbc.CannotGetJdbcConnectionException: Failed to obtain JDBC Connection; nested exception is java.sql.SQLNonTransientConnectionException: Could not create connection to database server. Attempted reconnect 3 times. Giving up.
	at org.springframework.jdbc.datasource.DataSourceUtils.getConnection(DataSourceUtils.java:83)
	at org.mybatis.spring.transaction.SpringManagedTransaction.openConnection(SpringManagedTransaction.java:80)
	at org.mybatis.spring.transaction.SpringManagedTransaction.getConnection(SpringManagedTransaction.java:67)
	at org.apache.ibatis.executor.BaseExecutor.getConnection(BaseExecutor.java:337)
	at org.apache.ibatis.executor.SimpleExecutor.prepareStatement(SimpleExecutor.java:86)
	at org.apache.ibatis.executor.SimpleExecutor.doQuery(SimpleExecutor.java:62)
	at org.apache.ibatis.executor.BaseExecutor.queryFromDatabase(BaseExecutor.java:325)
	at org.apache.ibatis.executor.BaseExecutor.query(BaseExecutor.java:156)
	at org.apache.ibatis.executor.CachingExecutor.query(CachingExecutor.java:109)
	at org.apache.ibatis.executor.CachingExecutor.query(CachingExecutor.java:89)
	at org.apache.ibatis.session.defaults.DefaultSqlSession.selectList(DefaultSqlSession.java:147)
	... 30 common frames omitted
Caused by: java.sql.SQLNonTransientConnectionException: Could not create connection to database server. Attempted reconnect 3 times. Giving up.
	at com.mysql.cj.jdbc.exceptions.SQLError.createSQLException(SQLError.java:110)
	at com.mysql.cj.jdbc.exceptions.SQLError.createSQLException(SQLError.java:97)
	at com.mysql.cj.jdbc.exceptions.SQLError.createSQLException(SQLError.java:89)
	at com.mysql.cj.jdbc.exceptions.SQLError.createSQLException(SQLError.java:63)
	at com.mysql.cj.jdbc.exceptions.SQLError.createSQLException(SQLError.java:73)
	at com.mysql.cj.jdbc.ConnectionImpl.connectWithRetries(ConnectionImpl.java:903)
	at com.mysql.cj.jdbc.ConnectionImpl.createNewIO(ConnectionImpl.java:828)
	at com.mysql.cj.jdbc.ConnectionImpl.<init>(ConnectionImpl.java:453)
	at com.mysql.cj.jdbc.ConnectionImpl.getInstance(ConnectionImpl.java:246)
	at com.mysql.cj.jdbc.NonRegisteringDriver.connect(NonRegisteringDriver.java:198)
	at com.zaxxer.hikari.util.DriverDataSource.getConnection(DriverDataSource.java:138)
	at com.zaxxer.hikari.pool.PoolBase.newConnection(PoolBase.java:364)
	at com.zaxxer.hikari.pool.PoolBase.newPoolEntry(PoolBase.java:206)
	at com.zaxxer.hikari.pool.HikariPool.createPoolEntry(HikariPool.java:476)
	at com.zaxxer.hikari.pool.HikariPool.checkFailFast(HikariPool.java:561)
	at com.zaxxer.hikari.pool.HikariPool.<init>(HikariPool.java:115)
	at com.zaxxer.hikari.HikariDataSource.getConnection(HikariDataSource.java:112)
	at org.springframework.jdbc.datasource.DataSourceUtils.fetchConnection(DataSourceUtils.java:159)
	at org.springframework.jdbc.datasource.DataSourceUtils.doGetConnection(DataSourceUtils.java:117)
	at org.springframework.jdbc.datasource.DataSourceUtils.getConnection(DataSourceUtils.java:80)
	... 40 common frames omitted
Caused by: com.mysql.cj.exceptions.CJCommunicationsException: Communications link failure

The last packet sent successfully to the server was 0 milliseconds ago. The driver has not received any packets from the server.
	at sun.reflect.NativeConstructorAccessorImpl.newInstance0(Native Method)
	at sun.reflect.NativeConstructorAccessorImpl.newInstance(NativeConstructorAccessorImpl.java:62)
	at sun.reflect.DelegatingConstructorAccessorImpl.newInstance(DelegatingConstructorAccessorImpl.java:45)
	at java.lang.reflect.Constructor.newInstance(Constructor.java:423)
	at com.mysql.cj.exceptions.ExceptionFactory.createException(ExceptionFactory.java:61)
	at com.mysql.cj.exceptions.ExceptionFactory.createException(ExceptionFactory.java:105)
	at com.mysql.cj.exceptions.ExceptionFactory.createException(ExceptionFactory.java:151)
	at com.mysql.cj.exceptions.ExceptionFactory.createCommunicationsException(ExceptionFactory.java:167)
	at com.mysql.cj.protocol.a.NativeSocketConnection.connect(NativeSocketConnection.java:89)
	at com.mysql.cj.NativeSession.connect(NativeSession.java:144)
	at com.mysql.cj.jdbc.ConnectionImpl.connectWithRetries(ConnectionImpl.java:847)
	... 54 common frames omitted
Caused by: java.net.UnknownHostException: mysql
	at java.net.InetAddress.getAllByName0(InetAddress.java:1299)
	at java.net.InetAddress.getAllByName(InetAddress.java:1205)
	at java.net.InetAddress.getAllByName(InetAddress.java:1127)
	at com.mysql.cj.protocol.StandardSocketFactory.connect(StandardSocketFactory.java:132)
	at com.mysql.cj.protocol.a.NativeSocketConnection.connect(NativeSocketConnection.java:63)
	... 56 common frames omitted
25-02-07.14:38:45.012 [scheduling-1    ] INFO  NoPayNotifyOrderJob    - 任务；检测未接收到或未正确处理的支付回调通知
25-02-07.14:38:45.012 [scheduling-1    ] INFO  HikariDataSource       - HikariPool-1 - Starting...
25-02-07.14:38:50.053 [scheduling-1    ] ERROR HikariPool             - HikariPool-1 - Exception during pool initialization.
java.sql.SQLNonTransientConnectionException: Could not create connection to database server. Attempted reconnect 3 times. Giving up.
	at com.mysql.cj.jdbc.exceptions.SQLError.createSQLException(SQLError.java:110)
	at com.mysql.cj.jdbc.exceptions.SQLError.createSQLException(SQLError.java:97)
	at com.mysql.cj.jdbc.exceptions.SQLError.createSQLException(SQLError.java:89)
	at com.mysql.cj.jdbc.exceptions.SQLError.createSQLException(SQLError.java:63)
	at com.mysql.cj.jdbc.exceptions.SQLError.createSQLException(SQLError.java:73)
	at com.mysql.cj.jdbc.ConnectionImpl.connectWithRetries(ConnectionImpl.java:903)
	at com.mysql.cj.jdbc.ConnectionImpl.createNewIO(ConnectionImpl.java:828)
	at com.mysql.cj.jdbc.ConnectionImpl.<init>(ConnectionImpl.java:453)
	at com.mysql.cj.jdbc.ConnectionImpl.getInstance(ConnectionImpl.java:246)
	at com.mysql.cj.jdbc.NonRegisteringDriver.connect(NonRegisteringDriver.java:198)
	at com.zaxxer.hikari.util.DriverDataSource.getConnection(DriverDataSource.java:138)
	at com.zaxxer.hikari.pool.PoolBase.newConnection(PoolBase.java:364)
	at com.zaxxer.hikari.pool.PoolBase.newPoolEntry(PoolBase.java:206)
	at com.zaxxer.hikari.pool.HikariPool.createPoolEntry(HikariPool.java:476)
	at com.zaxxer.hikari.pool.HikariPool.checkFailFast(HikariPool.java:561)
	at com.zaxxer.hikari.pool.HikariPool.<init>(HikariPool.java:115)
	at com.zaxxer.hikari.HikariDataSource.getConnection(HikariDataSource.java:112)
	at org.springframework.jdbc.datasource.DataSourceUtils.fetchConnection(DataSourceUtils.java:159)
	at org.springframework.jdbc.datasource.DataSourceUtils.doGetConnection(DataSourceUtils.java:117)
	at org.springframework.jdbc.datasource.DataSourceUtils.getConnection(DataSourceUtils.java:80)
	at org.mybatis.spring.transaction.SpringManagedTransaction.openConnection(SpringManagedTransaction.java:80)
	at org.mybatis.spring.transaction.SpringManagedTransaction.getConnection(SpringManagedTransaction.java:67)
	at org.apache.ibatis.executor.BaseExecutor.getConnection(BaseExecutor.java:337)
	at org.apache.ibatis.executor.SimpleExecutor.prepareStatement(SimpleExecutor.java:86)
	at org.apache.ibatis.executor.SimpleExecutor.doQuery(SimpleExecutor.java:62)
	at org.apache.ibatis.executor.BaseExecutor.queryFromDatabase(BaseExecutor.java:325)
	at org.apache.ibatis.executor.BaseExecutor.query(BaseExecutor.java:156)
	at org.apache.ibatis.executor.CachingExecutor.query(CachingExecutor.java:109)
	at org.apache.ibatis.executor.CachingExecutor.query(CachingExecutor.java:89)
	at org.apache.ibatis.session.defaults.DefaultSqlSession.selectList(DefaultSqlSession.java:147)
	at org.apache.ibatis.session.defaults.DefaultSqlSession.selectList(DefaultSqlSession.java:140)
	at sun.reflect.NativeMethodAccessorImpl.invoke0(Native Method)
	at sun.reflect.NativeMethodAccessorImpl.invoke(NativeMethodAccessorImpl.java:62)
	at sun.reflect.DelegatingMethodAccessorImpl.invoke(DelegatingMethodAccessorImpl.java:43)
	at java.lang.reflect.Method.invoke(Method.java:498)
	at org.mybatis.spring.SqlSessionTemplate$SqlSessionInterceptor.invoke(SqlSessionTemplate.java:427)
	at com.sun.proxy.$Proxy69.selectList(Unknown Source)
	at org.mybatis.spring.SqlSessionTemplate.selectList(SqlSessionTemplate.java:224)
	at org.apache.ibatis.binding.MapperMethod.executeForMany(MapperMethod.java:147)
	at org.apache.ibatis.binding.MapperMethod.execute(MapperMethod.java:80)
	at org.apache.ibatis.binding.MapperProxy$PlainMethodInvoker.invoke(MapperProxy.java:152)
	at org.apache.ibatis.binding.MapperProxy.invoke(MapperProxy.java:85)
	at com.sun.proxy.$Proxy70.queryNoPayNotifyOrder(Unknown Source)
	at org.example.service.impl.OrderServiceImpl.queryNoPayNotifyOrder(OrderServiceImpl.java:107)
	at org.example.job.NoPayNotifyOrderJob.exec(NoPayNotifyOrderJob.java:29)
	at sun.reflect.NativeMethodAccessorImpl.invoke0(Native Method)
	at sun.reflect.NativeMethodAccessorImpl.invoke(NativeMethodAccessorImpl.java:62)
	at sun.reflect.DelegatingMethodAccessorImpl.invoke(DelegatingMethodAccessorImpl.java:43)
	at java.lang.reflect.Method.invoke(Method.java:498)
	at org.springframework.scheduling.support.ScheduledMethodRunnable.run(ScheduledMethodRunnable.java:84)
	at org.springframework.scheduling.support.DelegatingErrorHandlingRunnable.run(DelegatingErrorHandlingRunnable.java:54)
	at org.springframework.scheduling.concurrent.ReschedulingRunnable.run(ReschedulingRunnable.java:95)
	at java.util.concurrent.Executors$RunnableAdapter.call(Executors.java:511)
	at java.util.concurrent.FutureTask.run$$$capture(FutureTask.java:266)
	at java.util.concurrent.FutureTask.run(FutureTask.java)
	at java.util.concurrent.ScheduledThreadPoolExecutor$ScheduledFutureTask.access$201(ScheduledThreadPoolExecutor.java:180)
	at java.util.concurrent.ScheduledThreadPoolExecutor$ScheduledFutureTask.run(ScheduledThreadPoolExecutor.java:293)
	at java.util.concurrent.ThreadPoolExecutor.runWorker(ThreadPoolExecutor.java:1149)
	at java.util.concurrent.ThreadPoolExecutor$Worker.run(ThreadPoolExecutor.java:624)
	at java.lang.Thread.run(Thread.java:750)
Caused by: com.mysql.cj.exceptions.CJCommunicationsException: Communications link failure

The last packet sent successfully to the server was 0 milliseconds ago. The driver has not received any packets from the server.
	at sun.reflect.NativeConstructorAccessorImpl.newInstance0(Native Method)
	at sun.reflect.NativeConstructorAccessorImpl.newInstance(NativeConstructorAccessorImpl.java:62)
	at sun.reflect.DelegatingConstructorAccessorImpl.newInstance(DelegatingConstructorAccessorImpl.java:45)
	at java.lang.reflect.Constructor.newInstance(Constructor.java:423)
	at com.mysql.cj.exceptions.ExceptionFactory.createException(ExceptionFactory.java:61)
	at com.mysql.cj.exceptions.ExceptionFactory.createException(ExceptionFactory.java:105)
	at com.mysql.cj.exceptions.ExceptionFactory.createException(ExceptionFactory.java:151)
	at com.mysql.cj.exceptions.ExceptionFactory.createCommunicationsException(ExceptionFactory.java:167)
	at com.mysql.cj.protocol.a.NativeSocketConnection.connect(NativeSocketConnection.java:89)
	at com.mysql.cj.NativeSession.connect(NativeSession.java:144)
	at com.mysql.cj.jdbc.ConnectionImpl.connectWithRetries(ConnectionImpl.java:847)
	... 54 common frames omitted
Caused by: java.net.UnknownHostException: mysql
	at java.net.InetAddress.getAllByName0(InetAddress.java:1299)
	at java.net.InetAddress.getAllByName(InetAddress.java:1205)
	at java.net.InetAddress.getAllByName(InetAddress.java:1127)
	at com.mysql.cj.protocol.StandardSocketFactory.connect(StandardSocketFactory.java:132)
	at com.mysql.cj.protocol.a.NativeSocketConnection.connect(NativeSocketConnection.java:63)
	... 56 common frames omitted
25-02-07.14:38:50.054 [scheduling-1    ] ERROR NoPayNotifyOrderJob    - 检测未接收到或未正确处理的支付回调通知失败
org.mybatis.spring.MyBatisSystemException: nested exception is org.apache.ibatis.exceptions.PersistenceException: 
### Error querying database.  Cause: org.springframework.jdbc.CannotGetJdbcConnectionException: Failed to obtain JDBC Connection; nested exception is java.sql.SQLNonTransientConnectionException: Could not create connection to database server. Attempted reconnect 3 times. Giving up.
### The error may exist in file [D:\Workspace\s-pay-mall-qiusu\s-pay-mall-controller\target\classes\mybatis\mapper\pay_order_mapper.xml]
### The error may involve org.example.dao.IOrderDao.queryNoPayNotifyOrder
### The error occurred while executing a query
### Cause: org.springframework.jdbc.CannotGetJdbcConnectionException: Failed to obtain JDBC Connection; nested exception is java.sql.SQLNonTransientConnectionException: Could not create connection to database server. Attempted reconnect 3 times. Giving up.
	at org.mybatis.spring.MyBatisExceptionTranslator.translateExceptionIfPossible(MyBatisExceptionTranslator.java:96)
	at org.mybatis.spring.SqlSessionTemplate$SqlSessionInterceptor.invoke(SqlSessionTemplate.java:441)
	at com.sun.proxy.$Proxy69.selectList(Unknown Source)
	at org.mybatis.spring.SqlSessionTemplate.selectList(SqlSessionTemplate.java:224)
	at org.apache.ibatis.binding.MapperMethod.executeForMany(MapperMethod.java:147)
	at org.apache.ibatis.binding.MapperMethod.execute(MapperMethod.java:80)
	at org.apache.ibatis.binding.MapperProxy$PlainMethodInvoker.invoke(MapperProxy.java:152)
	at org.apache.ibatis.binding.MapperProxy.invoke(MapperProxy.java:85)
	at com.sun.proxy.$Proxy70.queryNoPayNotifyOrder(Unknown Source)
	at org.example.service.impl.OrderServiceImpl.queryNoPayNotifyOrder(OrderServiceImpl.java:107)
	at org.example.job.NoPayNotifyOrderJob.exec(NoPayNotifyOrderJob.java:29)
	at sun.reflect.NativeMethodAccessorImpl.invoke0(Native Method)
	at sun.reflect.NativeMethodAccessorImpl.invoke(NativeMethodAccessorImpl.java:62)
	at sun.reflect.DelegatingMethodAccessorImpl.invoke(DelegatingMethodAccessorImpl.java:43)
	at java.lang.reflect.Method.invoke(Method.java:498)
	at org.springframework.scheduling.support.ScheduledMethodRunnable.run(ScheduledMethodRunnable.java:84)
	at org.springframework.scheduling.support.DelegatingErrorHandlingRunnable.run(DelegatingErrorHandlingRunnable.java:54)
	at org.springframework.scheduling.concurrent.ReschedulingRunnable.run(ReschedulingRunnable.java:95)
	at java.util.concurrent.Executors$RunnableAdapter.call(Executors.java:511)
	at java.util.concurrent.FutureTask.run$$$capture(FutureTask.java:266)
	at java.util.concurrent.FutureTask.run(FutureTask.java)
	at java.util.concurrent.ScheduledThreadPoolExecutor$ScheduledFutureTask.access$201(ScheduledThreadPoolExecutor.java:180)
	at java.util.concurrent.ScheduledThreadPoolExecutor$ScheduledFutureTask.run(ScheduledThreadPoolExecutor.java:293)
	at java.util.concurrent.ThreadPoolExecutor.runWorker(ThreadPoolExecutor.java:1149)
	at java.util.concurrent.ThreadPoolExecutor$Worker.run(ThreadPoolExecutor.java:624)
	at java.lang.Thread.run(Thread.java:750)
Caused by: org.apache.ibatis.exceptions.PersistenceException: 
### Error querying database.  Cause: org.springframework.jdbc.CannotGetJdbcConnectionException: Failed to obtain JDBC Connection; nested exception is java.sql.SQLNonTransientConnectionException: Could not create connection to database server. Attempted reconnect 3 times. Giving up.
### The error may exist in file [D:\Workspace\s-pay-mall-qiusu\s-pay-mall-controller\target\classes\mybatis\mapper\pay_order_mapper.xml]
### The error may involve org.example.dao.IOrderDao.queryNoPayNotifyOrder
### The error occurred while executing a query
### Cause: org.springframework.jdbc.CannotGetJdbcConnectionException: Failed to obtain JDBC Connection; nested exception is java.sql.SQLNonTransientConnectionException: Could not create connection to database server. Attempted reconnect 3 times. Giving up.
	at org.apache.ibatis.exceptions.ExceptionFactory.wrapException(ExceptionFactory.java:30)
	at org.apache.ibatis.session.defaults.DefaultSqlSession.selectList(DefaultSqlSession.java:149)
	at org.apache.ibatis.session.defaults.DefaultSqlSession.selectList(DefaultSqlSession.java:140)
	at sun.reflect.NativeMethodAccessorImpl.invoke0(Native Method)
	at sun.reflect.NativeMethodAccessorImpl.invoke(NativeMethodAccessorImpl.java:62)
	at sun.reflect.DelegatingMethodAccessorImpl.invoke(DelegatingMethodAccessorImpl.java:43)
	at java.lang.reflect.Method.invoke(Method.java:498)
	at org.mybatis.spring.SqlSessionTemplate$SqlSessionInterceptor.invoke(SqlSessionTemplate.java:427)
	... 24 common frames omitted
Caused by: org.springframework.jdbc.CannotGetJdbcConnectionException: Failed to obtain JDBC Connection; nested exception is java.sql.SQLNonTransientConnectionException: Could not create connection to database server. Attempted reconnect 3 times. Giving up.
	at org.springframework.jdbc.datasource.DataSourceUtils.getConnection(DataSourceUtils.java:83)
	at org.mybatis.spring.transaction.SpringManagedTransaction.openConnection(SpringManagedTransaction.java:80)
	at org.mybatis.spring.transaction.SpringManagedTransaction.getConnection(SpringManagedTransaction.java:67)
	at org.apache.ibatis.executor.BaseExecutor.getConnection(BaseExecutor.java:337)
	at org.apache.ibatis.executor.SimpleExecutor.prepareStatement(SimpleExecutor.java:86)
	at org.apache.ibatis.executor.SimpleExecutor.doQuery(SimpleExecutor.java:62)
	at org.apache.ibatis.executor.BaseExecutor.queryFromDatabase(BaseExecutor.java:325)
	at org.apache.ibatis.executor.BaseExecutor.query(BaseExecutor.java:156)
	at org.apache.ibatis.executor.CachingExecutor.query(CachingExecutor.java:109)
	at org.apache.ibatis.executor.CachingExecutor.query(CachingExecutor.java:89)
	at org.apache.ibatis.session.defaults.DefaultSqlSession.selectList(DefaultSqlSession.java:147)
	... 30 common frames omitted
Caused by: java.sql.SQLNonTransientConnectionException: Could not create connection to database server. Attempted reconnect 3 times. Giving up.
	at com.mysql.cj.jdbc.exceptions.SQLError.createSQLException(SQLError.java:110)
	at com.mysql.cj.jdbc.exceptions.SQLError.createSQLException(SQLError.java:97)
	at com.mysql.cj.jdbc.exceptions.SQLError.createSQLException(SQLError.java:89)
	at com.mysql.cj.jdbc.exceptions.SQLError.createSQLException(SQLError.java:63)
	at com.mysql.cj.jdbc.exceptions.SQLError.createSQLException(SQLError.java:73)
	at com.mysql.cj.jdbc.ConnectionImpl.connectWithRetries(ConnectionImpl.java:903)
	at com.mysql.cj.jdbc.ConnectionImpl.createNewIO(ConnectionImpl.java:828)
	at com.mysql.cj.jdbc.ConnectionImpl.<init>(ConnectionImpl.java:453)
	at com.mysql.cj.jdbc.ConnectionImpl.getInstance(ConnectionImpl.java:246)
	at com.mysql.cj.jdbc.NonRegisteringDriver.connect(NonRegisteringDriver.java:198)
	at com.zaxxer.hikari.util.DriverDataSource.getConnection(DriverDataSource.java:138)
	at com.zaxxer.hikari.pool.PoolBase.newConnection(PoolBase.java:364)
	at com.zaxxer.hikari.pool.PoolBase.newPoolEntry(PoolBase.java:206)
	at com.zaxxer.hikari.pool.HikariPool.createPoolEntry(HikariPool.java:476)
	at com.zaxxer.hikari.pool.HikariPool.checkFailFast(HikariPool.java:561)
	at com.zaxxer.hikari.pool.HikariPool.<init>(HikariPool.java:115)
	at com.zaxxer.hikari.HikariDataSource.getConnection(HikariDataSource.java:112)
	at org.springframework.jdbc.datasource.DataSourceUtils.fetchConnection(DataSourceUtils.java:159)
	at org.springframework.jdbc.datasource.DataSourceUtils.doGetConnection(DataSourceUtils.java:117)
	at org.springframework.jdbc.datasource.DataSourceUtils.getConnection(DataSourceUtils.java:80)
	... 40 common frames omitted
Caused by: com.mysql.cj.exceptions.CJCommunicationsException: Communications link failure

The last packet sent successfully to the server was 0 milliseconds ago. The driver has not received any packets from the server.
	at sun.reflect.NativeConstructorAccessorImpl.newInstance0(Native Method)
	at sun.reflect.NativeConstructorAccessorImpl.newInstance(NativeConstructorAccessorImpl.java:62)
	at sun.reflect.DelegatingConstructorAccessorImpl.newInstance(DelegatingConstructorAccessorImpl.java:45)
	at java.lang.reflect.Constructor.newInstance(Constructor.java:423)
	at com.mysql.cj.exceptions.ExceptionFactory.createException(ExceptionFactory.java:61)
	at com.mysql.cj.exceptions.ExceptionFactory.createException(ExceptionFactory.java:105)
	at com.mysql.cj.exceptions.ExceptionFactory.createException(ExceptionFactory.java:151)
	at com.mysql.cj.exceptions.ExceptionFactory.createCommunicationsException(ExceptionFactory.java:167)
	at com.mysql.cj.protocol.a.NativeSocketConnection.connect(NativeSocketConnection.java:89)
	at com.mysql.cj.NativeSession.connect(NativeSession.java:144)
	at com.mysql.cj.jdbc.ConnectionImpl.connectWithRetries(ConnectionImpl.java:847)
	... 54 common frames omitted
Caused by: java.net.UnknownHostException: mysql
	at java.net.InetAddress.getAllByName0(InetAddress.java:1299)
	at java.net.InetAddress.getAllByName(InetAddress.java:1205)
	at java.net.InetAddress.getAllByName(InetAddress.java:1127)
	at com.mysql.cj.protocol.StandardSocketFactory.connect(StandardSocketFactory.java:132)
	at com.mysql.cj.protocol.a.NativeSocketConnection.connect(NativeSocketConnection.java:63)
	... 56 common frames omitted
25-02-07.14:38:55.010 [scheduling-1    ] INFO  NoPayNotifyOrderJob    - 任务；检测未接收到或未正确处理的支付回调通知
25-02-07.14:38:55.010 [scheduling-1    ] INFO  HikariDataSource       - HikariPool-1 - Starting...
25-02-07.14:39:02.338 [scheduling-1    ] ERROR HikariPool             - HikariPool-1 - Exception during pool initialization.
java.sql.SQLNonTransientConnectionException: Could not create connection to database server. Attempted reconnect 3 times. Giving up.
	at com.mysql.cj.jdbc.exceptions.SQLError.createSQLException(SQLError.java:110)
	at com.mysql.cj.jdbc.exceptions.SQLError.createSQLException(SQLError.java:97)
	at com.mysql.cj.jdbc.exceptions.SQLError.createSQLException(SQLError.java:89)
	at com.mysql.cj.jdbc.exceptions.SQLError.createSQLException(SQLError.java:63)
	at com.mysql.cj.jdbc.exceptions.SQLError.createSQLException(SQLError.java:73)
	at com.mysql.cj.jdbc.ConnectionImpl.connectWithRetries(ConnectionImpl.java:903)
	at com.mysql.cj.jdbc.ConnectionImpl.createNewIO(ConnectionImpl.java:828)
	at com.mysql.cj.jdbc.ConnectionImpl.<init>(ConnectionImpl.java:453)
	at com.mysql.cj.jdbc.ConnectionImpl.getInstance(ConnectionImpl.java:246)
	at com.mysql.cj.jdbc.NonRegisteringDriver.connect(NonRegisteringDriver.java:198)
	at com.zaxxer.hikari.util.DriverDataSource.getConnection(DriverDataSource.java:138)
	at com.zaxxer.hikari.pool.PoolBase.newConnection(PoolBase.java:364)
	at com.zaxxer.hikari.pool.PoolBase.newPoolEntry(PoolBase.java:206)
	at com.zaxxer.hikari.pool.HikariPool.createPoolEntry(HikariPool.java:476)
	at com.zaxxer.hikari.pool.HikariPool.checkFailFast(HikariPool.java:561)
	at com.zaxxer.hikari.pool.HikariPool.<init>(HikariPool.java:115)
	at com.zaxxer.hikari.HikariDataSource.getConnection(HikariDataSource.java:112)
	at org.springframework.jdbc.datasource.DataSourceUtils.fetchConnection(DataSourceUtils.java:159)
	at org.springframework.jdbc.datasource.DataSourceUtils.doGetConnection(DataSourceUtils.java:117)
	at org.springframework.jdbc.datasource.DataSourceUtils.getConnection(DataSourceUtils.java:80)
	at org.mybatis.spring.transaction.SpringManagedTransaction.openConnection(SpringManagedTransaction.java:80)
	at org.mybatis.spring.transaction.SpringManagedTransaction.getConnection(SpringManagedTransaction.java:67)
	at org.apache.ibatis.executor.BaseExecutor.getConnection(BaseExecutor.java:337)
	at org.apache.ibatis.executor.SimpleExecutor.prepareStatement(SimpleExecutor.java:86)
	at org.apache.ibatis.executor.SimpleExecutor.doQuery(SimpleExecutor.java:62)
	at org.apache.ibatis.executor.BaseExecutor.queryFromDatabase(BaseExecutor.java:325)
	at org.apache.ibatis.executor.BaseExecutor.query(BaseExecutor.java:156)
	at org.apache.ibatis.executor.CachingExecutor.query(CachingExecutor.java:109)
	at org.apache.ibatis.executor.CachingExecutor.query(CachingExecutor.java:89)
	at org.apache.ibatis.session.defaults.DefaultSqlSession.selectList(DefaultSqlSession.java:147)
	at org.apache.ibatis.session.defaults.DefaultSqlSession.selectList(DefaultSqlSession.java:140)
	at sun.reflect.NativeMethodAccessorImpl.invoke0(Native Method)
	at sun.reflect.NativeMethodAccessorImpl.invoke(NativeMethodAccessorImpl.java:62)
	at sun.reflect.DelegatingMethodAccessorImpl.invoke(DelegatingMethodAccessorImpl.java:43)
	at java.lang.reflect.Method.invoke(Method.java:498)
	at org.mybatis.spring.SqlSessionTemplate$SqlSessionInterceptor.invoke(SqlSessionTemplate.java:427)
	at com.sun.proxy.$Proxy69.selectList(Unknown Source)
	at org.mybatis.spring.SqlSessionTemplate.selectList(SqlSessionTemplate.java:224)
	at org.apache.ibatis.binding.MapperMethod.executeForMany(MapperMethod.java:147)
	at org.apache.ibatis.binding.MapperMethod.execute(MapperMethod.java:80)
	at org.apache.ibatis.binding.MapperProxy$PlainMethodInvoker.invoke(MapperProxy.java:152)
	at org.apache.ibatis.binding.MapperProxy.invoke(MapperProxy.java:85)
	at com.sun.proxy.$Proxy70.queryNoPayNotifyOrder(Unknown Source)
	at org.example.service.impl.OrderServiceImpl.queryNoPayNotifyOrder(OrderServiceImpl.java:107)
	at org.example.job.NoPayNotifyOrderJob.exec(NoPayNotifyOrderJob.java:29)
	at sun.reflect.NativeMethodAccessorImpl.invoke0(Native Method)
	at sun.reflect.NativeMethodAccessorImpl.invoke(NativeMethodAccessorImpl.java:62)
	at sun.reflect.DelegatingMethodAccessorImpl.invoke(DelegatingMethodAccessorImpl.java:43)
	at java.lang.reflect.Method.invoke(Method.java:498)
	at org.springframework.scheduling.support.ScheduledMethodRunnable.run(ScheduledMethodRunnable.java:84)
	at org.springframework.scheduling.support.DelegatingErrorHandlingRunnable.run(DelegatingErrorHandlingRunnable.java:54)
	at org.springframework.scheduling.concurrent.ReschedulingRunnable.run(ReschedulingRunnable.java:95)
	at java.util.concurrent.Executors$RunnableAdapter.call(Executors.java:511)
	at java.util.concurrent.FutureTask.run$$$capture(FutureTask.java:266)
	at java.util.concurrent.FutureTask.run(FutureTask.java)
	at java.util.concurrent.ScheduledThreadPoolExecutor$ScheduledFutureTask.access$201(ScheduledThreadPoolExecutor.java:180)
	at java.util.concurrent.ScheduledThreadPoolExecutor$ScheduledFutureTask.run(ScheduledThreadPoolExecutor.java:293)
	at java.util.concurrent.ThreadPoolExecutor.runWorker(ThreadPoolExecutor.java:1149)
	at java.util.concurrent.ThreadPoolExecutor$Worker.run(ThreadPoolExecutor.java:624)
	at java.lang.Thread.run(Thread.java:750)
Caused by: com.mysql.cj.exceptions.CJCommunicationsException: Communications link failure

The last packet sent successfully to the server was 0 milliseconds ago. The driver has not received any packets from the server.
	at sun.reflect.NativeConstructorAccessorImpl.newInstance0(Native Method)
	at sun.reflect.NativeConstructorAccessorImpl.newInstance(NativeConstructorAccessorImpl.java:62)
	at sun.reflect.DelegatingConstructorAccessorImpl.newInstance(DelegatingConstructorAccessorImpl.java:45)
	at java.lang.reflect.Constructor.newInstance(Constructor.java:423)
	at com.mysql.cj.exceptions.ExceptionFactory.createException(ExceptionFactory.java:61)
	at com.mysql.cj.exceptions.ExceptionFactory.createException(ExceptionFactory.java:105)
	at com.mysql.cj.exceptions.ExceptionFactory.createException(ExceptionFactory.java:151)
	at com.mysql.cj.exceptions.ExceptionFactory.createCommunicationsException(ExceptionFactory.java:167)
	at com.mysql.cj.protocol.a.NativeSocketConnection.connect(NativeSocketConnection.java:89)
	at com.mysql.cj.NativeSession.connect(NativeSession.java:144)
	at com.mysql.cj.jdbc.ConnectionImpl.connectWithRetries(ConnectionImpl.java:847)
	... 54 common frames omitted
Caused by: java.net.UnknownHostException: mysql
	at java.net.InetAddress.getAllByName0(InetAddress.java:1299)
	at java.net.InetAddress.getAllByName(InetAddress.java:1205)
	at java.net.InetAddress.getAllByName(InetAddress.java:1127)
	at com.mysql.cj.protocol.StandardSocketFactory.connect(StandardSocketFactory.java:132)
	at com.mysql.cj.protocol.a.NativeSocketConnection.connect(NativeSocketConnection.java:63)
	... 56 common frames omitted
25-02-07.14:39:02.339 [scheduling-1    ] ERROR NoPayNotifyOrderJob    - 检测未接收到或未正确处理的支付回调通知失败
org.mybatis.spring.MyBatisSystemException: nested exception is org.apache.ibatis.exceptions.PersistenceException: 
### Error querying database.  Cause: org.springframework.jdbc.CannotGetJdbcConnectionException: Failed to obtain JDBC Connection; nested exception is java.sql.SQLNonTransientConnectionException: Could not create connection to database server. Attempted reconnect 3 times. Giving up.
### The error may exist in file [D:\Workspace\s-pay-mall-qiusu\s-pay-mall-controller\target\classes\mybatis\mapper\pay_order_mapper.xml]
### The error may involve org.example.dao.IOrderDao.queryNoPayNotifyOrder
### The error occurred while executing a query
### Cause: org.springframework.jdbc.CannotGetJdbcConnectionException: Failed to obtain JDBC Connection; nested exception is java.sql.SQLNonTransientConnectionException: Could not create connection to database server. Attempted reconnect 3 times. Giving up.
	at org.mybatis.spring.MyBatisExceptionTranslator.translateExceptionIfPossible(MyBatisExceptionTranslator.java:96)
	at org.mybatis.spring.SqlSessionTemplate$SqlSessionInterceptor.invoke(SqlSessionTemplate.java:441)
	at com.sun.proxy.$Proxy69.selectList(Unknown Source)
	at org.mybatis.spring.SqlSessionTemplate.selectList(SqlSessionTemplate.java:224)
	at org.apache.ibatis.binding.MapperMethod.executeForMany(MapperMethod.java:147)
	at org.apache.ibatis.binding.MapperMethod.execute(MapperMethod.java:80)
	at org.apache.ibatis.binding.MapperProxy$PlainMethodInvoker.invoke(MapperProxy.java:152)
	at org.apache.ibatis.binding.MapperProxy.invoke(MapperProxy.java:85)
	at com.sun.proxy.$Proxy70.queryNoPayNotifyOrder(Unknown Source)
	at org.example.service.impl.OrderServiceImpl.queryNoPayNotifyOrder(OrderServiceImpl.java:107)
	at org.example.job.NoPayNotifyOrderJob.exec(NoPayNotifyOrderJob.java:29)
	at sun.reflect.NativeMethodAccessorImpl.invoke0(Native Method)
	at sun.reflect.NativeMethodAccessorImpl.invoke(NativeMethodAccessorImpl.java:62)
	at sun.reflect.DelegatingMethodAccessorImpl.invoke(DelegatingMethodAccessorImpl.java:43)
	at java.lang.reflect.Method.invoke(Method.java:498)
	at org.springframework.scheduling.support.ScheduledMethodRunnable.run(ScheduledMethodRunnable.java:84)
	at org.springframework.scheduling.support.DelegatingErrorHandlingRunnable.run(DelegatingErrorHandlingRunnable.java:54)
	at org.springframework.scheduling.concurrent.ReschedulingRunnable.run(ReschedulingRunnable.java:95)
	at java.util.concurrent.Executors$RunnableAdapter.call(Executors.java:511)
	at java.util.concurrent.FutureTask.run$$$capture(FutureTask.java:266)
	at java.util.concurrent.FutureTask.run(FutureTask.java)
	at java.util.concurrent.ScheduledThreadPoolExecutor$ScheduledFutureTask.access$201(ScheduledThreadPoolExecutor.java:180)
	at java.util.concurrent.ScheduledThreadPoolExecutor$ScheduledFutureTask.run(ScheduledThreadPoolExecutor.java:293)
	at java.util.concurrent.ThreadPoolExecutor.runWorker(ThreadPoolExecutor.java:1149)
	at java.util.concurrent.ThreadPoolExecutor$Worker.run(ThreadPoolExecutor.java:624)
	at java.lang.Thread.run(Thread.java:750)
Caused by: org.apache.ibatis.exceptions.PersistenceException: 
### Error querying database.  Cause: org.springframework.jdbc.CannotGetJdbcConnectionException: Failed to obtain JDBC Connection; nested exception is java.sql.SQLNonTransientConnectionException: Could not create connection to database server. Attempted reconnect 3 times. Giving up.
### The error may exist in file [D:\Workspace\s-pay-mall-qiusu\s-pay-mall-controller\target\classes\mybatis\mapper\pay_order_mapper.xml]
### The error may involve org.example.dao.IOrderDao.queryNoPayNotifyOrder
### The error occurred while executing a query
### Cause: org.springframework.jdbc.CannotGetJdbcConnectionException: Failed to obtain JDBC Connection; nested exception is java.sql.SQLNonTransientConnectionException: Could not create connection to database server. Attempted reconnect 3 times. Giving up.
	at org.apache.ibatis.exceptions.ExceptionFactory.wrapException(ExceptionFactory.java:30)
	at org.apache.ibatis.session.defaults.DefaultSqlSession.selectList(DefaultSqlSession.java:149)
	at org.apache.ibatis.session.defaults.DefaultSqlSession.selectList(DefaultSqlSession.java:140)
	at sun.reflect.NativeMethodAccessorImpl.invoke0(Native Method)
	at sun.reflect.NativeMethodAccessorImpl.invoke(NativeMethodAccessorImpl.java:62)
	at sun.reflect.DelegatingMethodAccessorImpl.invoke(DelegatingMethodAccessorImpl.java:43)
	at java.lang.reflect.Method.invoke(Method.java:498)
	at org.mybatis.spring.SqlSessionTemplate$SqlSessionInterceptor.invoke(SqlSessionTemplate.java:427)
	... 24 common frames omitted
Caused by: org.springframework.jdbc.CannotGetJdbcConnectionException: Failed to obtain JDBC Connection; nested exception is java.sql.SQLNonTransientConnectionException: Could not create connection to database server. Attempted reconnect 3 times. Giving up.
	at org.springframework.jdbc.datasource.DataSourceUtils.getConnection(DataSourceUtils.java:83)
	at org.mybatis.spring.transaction.SpringManagedTransaction.openConnection(SpringManagedTransaction.java:80)
	at org.mybatis.spring.transaction.SpringManagedTransaction.getConnection(SpringManagedTransaction.java:67)
	at org.apache.ibatis.executor.BaseExecutor.getConnection(BaseExecutor.java:337)
	at org.apache.ibatis.executor.SimpleExecutor.prepareStatement(SimpleExecutor.java:86)
	at org.apache.ibatis.executor.SimpleExecutor.doQuery(SimpleExecutor.java:62)
	at org.apache.ibatis.executor.BaseExecutor.queryFromDatabase(BaseExecutor.java:325)
	at org.apache.ibatis.executor.BaseExecutor.query(BaseExecutor.java:156)
	at org.apache.ibatis.executor.CachingExecutor.query(CachingExecutor.java:109)
	at org.apache.ibatis.executor.CachingExecutor.query(CachingExecutor.java:89)
	at org.apache.ibatis.session.defaults.DefaultSqlSession.selectList(DefaultSqlSession.java:147)
	... 30 common frames omitted
Caused by: java.sql.SQLNonTransientConnectionException: Could not create connection to database server. Attempted reconnect 3 times. Giving up.
	at com.mysql.cj.jdbc.exceptions.SQLError.createSQLException(SQLError.java:110)
	at com.mysql.cj.jdbc.exceptions.SQLError.createSQLException(SQLError.java:97)
	at com.mysql.cj.jdbc.exceptions.SQLError.createSQLException(SQLError.java:89)
	at com.mysql.cj.jdbc.exceptions.SQLError.createSQLException(SQLError.java:63)
	at com.mysql.cj.jdbc.exceptions.SQLError.createSQLException(SQLError.java:73)
	at com.mysql.cj.jdbc.ConnectionImpl.connectWithRetries(ConnectionImpl.java:903)
	at com.mysql.cj.jdbc.ConnectionImpl.createNewIO(ConnectionImpl.java:828)
	at com.mysql.cj.jdbc.ConnectionImpl.<init>(ConnectionImpl.java:453)
	at com.mysql.cj.jdbc.ConnectionImpl.getInstance(ConnectionImpl.java:246)
	at com.mysql.cj.jdbc.NonRegisteringDriver.connect(NonRegisteringDriver.java:198)
	at com.zaxxer.hikari.util.DriverDataSource.getConnection(DriverDataSource.java:138)
	at com.zaxxer.hikari.pool.PoolBase.newConnection(PoolBase.java:364)
	at com.zaxxer.hikari.pool.PoolBase.newPoolEntry(PoolBase.java:206)
	at com.zaxxer.hikari.pool.HikariPool.createPoolEntry(HikariPool.java:476)
	at com.zaxxer.hikari.pool.HikariPool.checkFailFast(HikariPool.java:561)
	at com.zaxxer.hikari.pool.HikariPool.<init>(HikariPool.java:115)
	at com.zaxxer.hikari.HikariDataSource.getConnection(HikariDataSource.java:112)
	at org.springframework.jdbc.datasource.DataSourceUtils.fetchConnection(DataSourceUtils.java:159)
	at org.springframework.jdbc.datasource.DataSourceUtils.doGetConnection(DataSourceUtils.java:117)
	at org.springframework.jdbc.datasource.DataSourceUtils.getConnection(DataSourceUtils.java:80)
	... 40 common frames omitted
Caused by: com.mysql.cj.exceptions.CJCommunicationsException: Communications link failure

The last packet sent successfully to the server was 0 milliseconds ago. The driver has not received any packets from the server.
	at sun.reflect.NativeConstructorAccessorImpl.newInstance0(Native Method)
	at sun.reflect.NativeConstructorAccessorImpl.newInstance(NativeConstructorAccessorImpl.java:62)
	at sun.reflect.DelegatingConstructorAccessorImpl.newInstance(DelegatingConstructorAccessorImpl.java:45)
	at java.lang.reflect.Constructor.newInstance(Constructor.java:423)
	at com.mysql.cj.exceptions.ExceptionFactory.createException(ExceptionFactory.java:61)
	at com.mysql.cj.exceptions.ExceptionFactory.createException(ExceptionFactory.java:105)
	at com.mysql.cj.exceptions.ExceptionFactory.createException(ExceptionFactory.java:151)
	at com.mysql.cj.exceptions.ExceptionFactory.createCommunicationsException(ExceptionFactory.java:167)
	at com.mysql.cj.protocol.a.NativeSocketConnection.connect(NativeSocketConnection.java:89)
	at com.mysql.cj.NativeSession.connect(NativeSession.java:144)
	at com.mysql.cj.jdbc.ConnectionImpl.connectWithRetries(ConnectionImpl.java:847)
	... 54 common frames omitted
Caused by: java.net.UnknownHostException: mysql
	at java.net.InetAddress.getAllByName0(InetAddress.java:1299)
	at java.net.InetAddress.getAllByName(InetAddress.java:1205)
	at java.net.InetAddress.getAllByName(InetAddress.java:1127)
	at com.mysql.cj.protocol.StandardSocketFactory.connect(StandardSocketFactory.java:132)
	at com.mysql.cj.protocol.a.NativeSocketConnection.connect(NativeSocketConnection.java:63)
	... 56 common frames omitted
25-02-07.14:39:07.974 [main            ] INFO  Application            - Starting Application using Java 1.8.0_431 on DESKTOP-CBM2HV2 with PID 22752 (D:\Workspace\s-pay-mall-qiusu\s-pay-mall-controller\target\classes started by zqiusu in D:\Workspace\s-pay-mall-qiusu)
25-02-07.14:39:07.978 [main            ] INFO  Application            - The following 1 profile is active: "prod"
25-02-07.14:39:10.053 [main            ] INFO  TomcatWebServer        - Tomcat initialized with port(s): 8080 (http)
25-02-07.14:39:10.066 [main            ] INFO  Http11NioProtocol      - Initializing ProtocolHandler ["http-nio-8080"]
25-02-07.14:39:10.067 [main            ] INFO  StandardService        - Starting service [Tomcat]
25-02-07.14:39:10.067 [main            ] INFO  StandardEngine         - Starting Servlet engine: [Apache Tomcat/9.0.75]
25-02-07.14:39:10.418 [main            ] INFO  [/]                    - Initializing Spring embedded WebApplicationContext
25-02-07.14:39:10.419 [main            ] INFO  ServletWebServerApplicationContext - Root WebApplicationContext: initialization completed in 2365 ms
25-02-07.14:39:12.620 [main            ] INFO  Http11NioProtocol      - Starting ProtocolHandler ["http-nio-8080"]
25-02-07.14:39:12.656 [main            ] INFO  TomcatWebServer        - Tomcat started on port(s): 8080 (http) with context path ''
25-02-07.14:39:12.671 [main            ] INFO  Application            - Started Application in 5.675 seconds (JVM running for 6.555)
25-02-07.14:39:15.009 [scheduling-1    ] INFO  NoPayNotifyOrderJob    - 任务；检测未接收到或未正确处理的支付回调通知
25-02-07.14:39:15.035 [scheduling-1    ] INFO  HikariDataSource       - HikariPool-1 - Starting...
25-02-07.14:39:20.570 [scheduling-1    ] ERROR HikariPool             - HikariPool-1 - Exception during pool initialization.
java.sql.SQLNonTransientConnectionException: Could not create connection to database server. Attempted reconnect 3 times. Giving up.
	at com.mysql.cj.jdbc.exceptions.SQLError.createSQLException(SQLError.java:110)
	at com.mysql.cj.jdbc.exceptions.SQLError.createSQLException(SQLError.java:97)
	at com.mysql.cj.jdbc.exceptions.SQLError.createSQLException(SQLError.java:89)
	at com.mysql.cj.jdbc.exceptions.SQLError.createSQLException(SQLError.java:63)
	at com.mysql.cj.jdbc.exceptions.SQLError.createSQLException(SQLError.java:73)
	at com.mysql.cj.jdbc.ConnectionImpl.connectWithRetries(ConnectionImpl.java:903)
	at com.mysql.cj.jdbc.ConnectionImpl.createNewIO(ConnectionImpl.java:828)
	at com.mysql.cj.jdbc.ConnectionImpl.<init>(ConnectionImpl.java:453)
	at com.mysql.cj.jdbc.ConnectionImpl.getInstance(ConnectionImpl.java:246)
	at com.mysql.cj.jdbc.NonRegisteringDriver.connect(NonRegisteringDriver.java:198)
	at com.zaxxer.hikari.util.DriverDataSource.getConnection(DriverDataSource.java:138)
	at com.zaxxer.hikari.pool.PoolBase.newConnection(PoolBase.java:364)
	at com.zaxxer.hikari.pool.PoolBase.newPoolEntry(PoolBase.java:206)
	at com.zaxxer.hikari.pool.HikariPool.createPoolEntry(HikariPool.java:476)
	at com.zaxxer.hikari.pool.HikariPool.checkFailFast(HikariPool.java:561)
	at com.zaxxer.hikari.pool.HikariPool.<init>(HikariPool.java:115)
	at com.zaxxer.hikari.HikariDataSource.getConnection(HikariDataSource.java:112)
	at org.springframework.jdbc.datasource.DataSourceUtils.fetchConnection(DataSourceUtils.java:159)
	at org.springframework.jdbc.datasource.DataSourceUtils.doGetConnection(DataSourceUtils.java:117)
	at org.springframework.jdbc.datasource.DataSourceUtils.getConnection(DataSourceUtils.java:80)
	at org.mybatis.spring.transaction.SpringManagedTransaction.openConnection(SpringManagedTransaction.java:80)
	at org.mybatis.spring.transaction.SpringManagedTransaction.getConnection(SpringManagedTransaction.java:67)
	at org.apache.ibatis.executor.BaseExecutor.getConnection(BaseExecutor.java:337)
	at org.apache.ibatis.executor.SimpleExecutor.prepareStatement(SimpleExecutor.java:86)
	at org.apache.ibatis.executor.SimpleExecutor.doQuery(SimpleExecutor.java:62)
	at org.apache.ibatis.executor.BaseExecutor.queryFromDatabase(BaseExecutor.java:325)
	at org.apache.ibatis.executor.BaseExecutor.query(BaseExecutor.java:156)
	at org.apache.ibatis.executor.CachingExecutor.query(CachingExecutor.java:109)
	at org.apache.ibatis.executor.CachingExecutor.query(CachingExecutor.java:89)
	at org.apache.ibatis.session.defaults.DefaultSqlSession.selectList(DefaultSqlSession.java:147)
	at org.apache.ibatis.session.defaults.DefaultSqlSession.selectList(DefaultSqlSession.java:140)
	at sun.reflect.NativeMethodAccessorImpl.invoke0(Native Method)
	at sun.reflect.NativeMethodAccessorImpl.invoke(NativeMethodAccessorImpl.java:62)
	at sun.reflect.DelegatingMethodAccessorImpl.invoke(DelegatingMethodAccessorImpl.java:43)
	at java.lang.reflect.Method.invoke(Method.java:498)
	at org.mybatis.spring.SqlSessionTemplate$SqlSessionInterceptor.invoke(SqlSessionTemplate.java:427)
	at com.sun.proxy.$Proxy69.selectList(Unknown Source)
	at org.mybatis.spring.SqlSessionTemplate.selectList(SqlSessionTemplate.java:224)
	at org.apache.ibatis.binding.MapperMethod.executeForMany(MapperMethod.java:147)
	at org.apache.ibatis.binding.MapperMethod.execute(MapperMethod.java:80)
	at org.apache.ibatis.binding.MapperProxy$PlainMethodInvoker.invoke(MapperProxy.java:152)
	at org.apache.ibatis.binding.MapperProxy.invoke(MapperProxy.java:85)
	at com.sun.proxy.$Proxy70.queryNoPayNotifyOrder(Unknown Source)
	at org.example.service.impl.OrderServiceImpl.queryNoPayNotifyOrder(OrderServiceImpl.java:107)
	at org.example.job.NoPayNotifyOrderJob.exec(NoPayNotifyOrderJob.java:29)
	at sun.reflect.NativeMethodAccessorImpl.invoke0(Native Method)
	at sun.reflect.NativeMethodAccessorImpl.invoke(NativeMethodAccessorImpl.java:62)
	at sun.reflect.DelegatingMethodAccessorImpl.invoke(DelegatingMethodAccessorImpl.java:43)
	at java.lang.reflect.Method.invoke(Method.java:498)
	at org.springframework.scheduling.support.ScheduledMethodRunnable.run(ScheduledMethodRunnable.java:84)
	at org.springframework.scheduling.support.DelegatingErrorHandlingRunnable.run(DelegatingErrorHandlingRunnable.java:54)
	at org.springframework.scheduling.concurrent.ReschedulingRunnable.run(ReschedulingRunnable.java:95)
	at java.util.concurrent.Executors$RunnableAdapter.call(Executors.java:511)
	at java.util.concurrent.FutureTask.run$$$capture(FutureTask.java:266)
	at java.util.concurrent.FutureTask.run(FutureTask.java)
	at java.util.concurrent.ScheduledThreadPoolExecutor$ScheduledFutureTask.access$201(ScheduledThreadPoolExecutor.java:180)
	at java.util.concurrent.ScheduledThreadPoolExecutor$ScheduledFutureTask.run(ScheduledThreadPoolExecutor.java:293)
	at java.util.concurrent.ThreadPoolExecutor.runWorker(ThreadPoolExecutor.java:1149)
	at java.util.concurrent.ThreadPoolExecutor$Worker.run(ThreadPoolExecutor.java:624)
	at java.lang.Thread.run(Thread.java:750)
Caused by: com.mysql.cj.exceptions.CJException: Unknown database 's-pay-mall'
	at sun.reflect.NativeConstructorAccessorImpl.newInstance0(Native Method)
	at sun.reflect.NativeConstructorAccessorImpl.newInstance(NativeConstructorAccessorImpl.java:62)
	at sun.reflect.DelegatingConstructorAccessorImpl.newInstance(DelegatingConstructorAccessorImpl.java:45)
	at java.lang.reflect.Constructor.newInstance(Constructor.java:423)
	at com.mysql.cj.exceptions.ExceptionFactory.createException(ExceptionFactory.java:61)
	at com.mysql.cj.exceptions.ExceptionFactory.createException(ExceptionFactory.java:105)
	at com.mysql.cj.exceptions.ExceptionFactory.createException(ExceptionFactory.java:151)
	at com.mysql.cj.exceptions.ExceptionFactory.createException(ExceptionFactory.java:129)
	at com.mysql.cj.protocol.a.NativeProtocol.checkErrorMessage(NativeProtocol.java:794)
	at com.mysql.cj.protocol.a.NativeProtocol.checkErrorMessage(NativeProtocol.java:719)
	at com.mysql.cj.protocol.a.NativeProtocol.checkErrorMessage(NativeProtocol.java:687)
	at com.mysql.cj.protocol.a.NativeProtocol.checkErrorMessage(NativeProtocol.java:136)
	at com.mysql.cj.protocol.a.NativeAuthenticationProvider.proceedHandshakeWithPluggableAuthentication(NativeAuthenticationProvider.java:469)
	at com.mysql.cj.protocol.a.NativeAuthenticationProvider.connect(NativeAuthenticationProvider.java:174)
	at com.mysql.cj.protocol.a.NativeProtocol.connect(NativeProtocol.java:1350)
	at com.mysql.cj.NativeSession.connect(NativeSession.java:157)
	at com.mysql.cj.jdbc.ConnectionImpl.connectWithRetries(ConnectionImpl.java:847)
	... 54 common frames omitted
25-02-07.14:39:20.574 [scheduling-1    ] ERROR NoPayNotifyOrderJob    - 检测未接收到或未正确处理的支付回调通知失败
org.mybatis.spring.MyBatisSystemException: nested exception is org.apache.ibatis.exceptions.PersistenceException: 
### Error querying database.  Cause: org.springframework.jdbc.CannotGetJdbcConnectionException: Failed to obtain JDBC Connection; nested exception is java.sql.SQLNonTransientConnectionException: Could not create connection to database server. Attempted reconnect 3 times. Giving up.
### The error may exist in file [D:\Workspace\s-pay-mall-qiusu\s-pay-mall-controller\target\classes\mybatis\mapper\pay_order_mapper.xml]
### The error may involve org.example.dao.IOrderDao.queryNoPayNotifyOrder
### The error occurred while executing a query
### Cause: org.springframework.jdbc.CannotGetJdbcConnectionException: Failed to obtain JDBC Connection; nested exception is java.sql.SQLNonTransientConnectionException: Could not create connection to database server. Attempted reconnect 3 times. Giving up.
	at org.mybatis.spring.MyBatisExceptionTranslator.translateExceptionIfPossible(MyBatisExceptionTranslator.java:96)
	at org.mybatis.spring.SqlSessionTemplate$SqlSessionInterceptor.invoke(SqlSessionTemplate.java:441)
	at com.sun.proxy.$Proxy69.selectList(Unknown Source)
	at org.mybatis.spring.SqlSessionTemplate.selectList(SqlSessionTemplate.java:224)
	at org.apache.ibatis.binding.MapperMethod.executeForMany(MapperMethod.java:147)
	at org.apache.ibatis.binding.MapperMethod.execute(MapperMethod.java:80)
	at org.apache.ibatis.binding.MapperProxy$PlainMethodInvoker.invoke(MapperProxy.java:152)
	at org.apache.ibatis.binding.MapperProxy.invoke(MapperProxy.java:85)
	at com.sun.proxy.$Proxy70.queryNoPayNotifyOrder(Unknown Source)
	at org.example.service.impl.OrderServiceImpl.queryNoPayNotifyOrder(OrderServiceImpl.java:107)
	at org.example.job.NoPayNotifyOrderJob.exec(NoPayNotifyOrderJob.java:29)
	at sun.reflect.NativeMethodAccessorImpl.invoke0(Native Method)
	at sun.reflect.NativeMethodAccessorImpl.invoke(NativeMethodAccessorImpl.java:62)
	at sun.reflect.DelegatingMethodAccessorImpl.invoke(DelegatingMethodAccessorImpl.java:43)
	at java.lang.reflect.Method.invoke(Method.java:498)
	at org.springframework.scheduling.support.ScheduledMethodRunnable.run(ScheduledMethodRunnable.java:84)
	at org.springframework.scheduling.support.DelegatingErrorHandlingRunnable.run(DelegatingErrorHandlingRunnable.java:54)
	at org.springframework.scheduling.concurrent.ReschedulingRunnable.run(ReschedulingRunnable.java:95)
	at java.util.concurrent.Executors$RunnableAdapter.call(Executors.java:511)
	at java.util.concurrent.FutureTask.run$$$capture(FutureTask.java:266)
	at java.util.concurrent.FutureTask.run(FutureTask.java)
	at java.util.concurrent.ScheduledThreadPoolExecutor$ScheduledFutureTask.access$201(ScheduledThreadPoolExecutor.java:180)
	at java.util.concurrent.ScheduledThreadPoolExecutor$ScheduledFutureTask.run(ScheduledThreadPoolExecutor.java:293)
	at java.util.concurrent.ThreadPoolExecutor.runWorker(ThreadPoolExecutor.java:1149)
	at java.util.concurrent.ThreadPoolExecutor$Worker.run(ThreadPoolExecutor.java:624)
	at java.lang.Thread.run(Thread.java:750)
Caused by: org.apache.ibatis.exceptions.PersistenceException: 
### Error querying database.  Cause: org.springframework.jdbc.CannotGetJdbcConnectionException: Failed to obtain JDBC Connection; nested exception is java.sql.SQLNonTransientConnectionException: Could not create connection to database server. Attempted reconnect 3 times. Giving up.
### The error may exist in file [D:\Workspace\s-pay-mall-qiusu\s-pay-mall-controller\target\classes\mybatis\mapper\pay_order_mapper.xml]
### The error may involve org.example.dao.IOrderDao.queryNoPayNotifyOrder
### The error occurred while executing a query
### Cause: org.springframework.jdbc.CannotGetJdbcConnectionException: Failed to obtain JDBC Connection; nested exception is java.sql.SQLNonTransientConnectionException: Could not create connection to database server. Attempted reconnect 3 times. Giving up.
	at org.apache.ibatis.exceptions.ExceptionFactory.wrapException(ExceptionFactory.java:30)
	at org.apache.ibatis.session.defaults.DefaultSqlSession.selectList(DefaultSqlSession.java:149)
	at org.apache.ibatis.session.defaults.DefaultSqlSession.selectList(DefaultSqlSession.java:140)
	at sun.reflect.NativeMethodAccessorImpl.invoke0(Native Method)
	at sun.reflect.NativeMethodAccessorImpl.invoke(NativeMethodAccessorImpl.java:62)
	at sun.reflect.DelegatingMethodAccessorImpl.invoke(DelegatingMethodAccessorImpl.java:43)
	at java.lang.reflect.Method.invoke(Method.java:498)
	at org.mybatis.spring.SqlSessionTemplate$SqlSessionInterceptor.invoke(SqlSessionTemplate.java:427)
	... 24 common frames omitted
Caused by: org.springframework.jdbc.CannotGetJdbcConnectionException: Failed to obtain JDBC Connection; nested exception is java.sql.SQLNonTransientConnectionException: Could not create connection to database server. Attempted reconnect 3 times. Giving up.
	at org.springframework.jdbc.datasource.DataSourceUtils.getConnection(DataSourceUtils.java:83)
	at org.mybatis.spring.transaction.SpringManagedTransaction.openConnection(SpringManagedTransaction.java:80)
	at org.mybatis.spring.transaction.SpringManagedTransaction.getConnection(SpringManagedTransaction.java:67)
	at org.apache.ibatis.executor.BaseExecutor.getConnection(BaseExecutor.java:337)
	at org.apache.ibatis.executor.SimpleExecutor.prepareStatement(SimpleExecutor.java:86)
	at org.apache.ibatis.executor.SimpleExecutor.doQuery(SimpleExecutor.java:62)
	at org.apache.ibatis.executor.BaseExecutor.queryFromDatabase(BaseExecutor.java:325)
	at org.apache.ibatis.executor.BaseExecutor.query(BaseExecutor.java:156)
	at org.apache.ibatis.executor.CachingExecutor.query(CachingExecutor.java:109)
	at org.apache.ibatis.executor.CachingExecutor.query(CachingExecutor.java:89)
	at org.apache.ibatis.session.defaults.DefaultSqlSession.selectList(DefaultSqlSession.java:147)
	... 30 common frames omitted
Caused by: java.sql.SQLNonTransientConnectionException: Could not create connection to database server. Attempted reconnect 3 times. Giving up.
	at com.mysql.cj.jdbc.exceptions.SQLError.createSQLException(SQLError.java:110)
	at com.mysql.cj.jdbc.exceptions.SQLError.createSQLException(SQLError.java:97)
	at com.mysql.cj.jdbc.exceptions.SQLError.createSQLException(SQLError.java:89)
	at com.mysql.cj.jdbc.exceptions.SQLError.createSQLException(SQLError.java:63)
	at com.mysql.cj.jdbc.exceptions.SQLError.createSQLException(SQLError.java:73)
	at com.mysql.cj.jdbc.ConnectionImpl.connectWithRetries(ConnectionImpl.java:903)
	at com.mysql.cj.jdbc.ConnectionImpl.createNewIO(ConnectionImpl.java:828)
	at com.mysql.cj.jdbc.ConnectionImpl.<init>(ConnectionImpl.java:453)
	at com.mysql.cj.jdbc.ConnectionImpl.getInstance(ConnectionImpl.java:246)
	at com.mysql.cj.jdbc.NonRegisteringDriver.connect(NonRegisteringDriver.java:198)
	at com.zaxxer.hikari.util.DriverDataSource.getConnection(DriverDataSource.java:138)
	at com.zaxxer.hikari.pool.PoolBase.newConnection(PoolBase.java:364)
	at com.zaxxer.hikari.pool.PoolBase.newPoolEntry(PoolBase.java:206)
	at com.zaxxer.hikari.pool.HikariPool.createPoolEntry(HikariPool.java:476)
	at com.zaxxer.hikari.pool.HikariPool.checkFailFast(HikariPool.java:561)
	at com.zaxxer.hikari.pool.HikariPool.<init>(HikariPool.java:115)
	at com.zaxxer.hikari.HikariDataSource.getConnection(HikariDataSource.java:112)
	at org.springframework.jdbc.datasource.DataSourceUtils.fetchConnection(DataSourceUtils.java:159)
	at org.springframework.jdbc.datasource.DataSourceUtils.doGetConnection(DataSourceUtils.java:117)
	at org.springframework.jdbc.datasource.DataSourceUtils.getConnection(DataSourceUtils.java:80)
	... 40 common frames omitted
Caused by: com.mysql.cj.exceptions.CJException: Unknown database 's-pay-mall'
	at sun.reflect.NativeConstructorAccessorImpl.newInstance0(Native Method)
	at sun.reflect.NativeConstructorAccessorImpl.newInstance(NativeConstructorAccessorImpl.java:62)
	at sun.reflect.DelegatingConstructorAccessorImpl.newInstance(DelegatingConstructorAccessorImpl.java:45)
	at java.lang.reflect.Constructor.newInstance(Constructor.java:423)
	at com.mysql.cj.exceptions.ExceptionFactory.createException(ExceptionFactory.java:61)
	at com.mysql.cj.exceptions.ExceptionFactory.createException(ExceptionFactory.java:105)
	at com.mysql.cj.exceptions.ExceptionFactory.createException(ExceptionFactory.java:151)
	at com.mysql.cj.exceptions.ExceptionFactory.createException(ExceptionFactory.java:129)
	at com.mysql.cj.protocol.a.NativeProtocol.checkErrorMessage(NativeProtocol.java:794)
	at com.mysql.cj.protocol.a.NativeProtocol.checkErrorMessage(NativeProtocol.java:719)
	at com.mysql.cj.protocol.a.NativeProtocol.checkErrorMessage(NativeProtocol.java:687)
	at com.mysql.cj.protocol.a.NativeProtocol.checkErrorMessage(NativeProtocol.java:136)
	at com.mysql.cj.protocol.a.NativeAuthenticationProvider.proceedHandshakeWithPluggableAuthentication(NativeAuthenticationProvider.java:469)
	at com.mysql.cj.protocol.a.NativeAuthenticationProvider.connect(NativeAuthenticationProvider.java:174)
	at com.mysql.cj.protocol.a.NativeProtocol.connect(NativeProtocol.java:1350)
	at com.mysql.cj.NativeSession.connect(NativeSession.java:157)
	at com.mysql.cj.jdbc.ConnectionImpl.connectWithRetries(ConnectionImpl.java:847)
	... 54 common frames omitted
25-02-07.14:39:25.009 [scheduling-1    ] INFO  NoPayNotifyOrderJob    - 任务；检测未接收到或未正确处理的支付回调通知
25-02-07.14:39:25.009 [scheduling-1    ] INFO  HikariDataSource       - HikariPool-1 - Starting...
25-02-07.14:39:30.099 [scheduling-1    ] ERROR HikariPool             - HikariPool-1 - Exception during pool initialization.
java.sql.SQLNonTransientConnectionException: Could not create connection to database server. Attempted reconnect 3 times. Giving up.
	at com.mysql.cj.jdbc.exceptions.SQLError.createSQLException(SQLError.java:110)
	at com.mysql.cj.jdbc.exceptions.SQLError.createSQLException(SQLError.java:97)
	at com.mysql.cj.jdbc.exceptions.SQLError.createSQLException(SQLError.java:89)
	at com.mysql.cj.jdbc.exceptions.SQLError.createSQLException(SQLError.java:63)
	at com.mysql.cj.jdbc.exceptions.SQLError.createSQLException(SQLError.java:73)
	at com.mysql.cj.jdbc.ConnectionImpl.connectWithRetries(ConnectionImpl.java:903)
	at com.mysql.cj.jdbc.ConnectionImpl.createNewIO(ConnectionImpl.java:828)
	at com.mysql.cj.jdbc.ConnectionImpl.<init>(ConnectionImpl.java:453)
	at com.mysql.cj.jdbc.ConnectionImpl.getInstance(ConnectionImpl.java:246)
	at com.mysql.cj.jdbc.NonRegisteringDriver.connect(NonRegisteringDriver.java:198)
	at com.zaxxer.hikari.util.DriverDataSource.getConnection(DriverDataSource.java:138)
	at com.zaxxer.hikari.pool.PoolBase.newConnection(PoolBase.java:364)
	at com.zaxxer.hikari.pool.PoolBase.newPoolEntry(PoolBase.java:206)
	at com.zaxxer.hikari.pool.HikariPool.createPoolEntry(HikariPool.java:476)
	at com.zaxxer.hikari.pool.HikariPool.checkFailFast(HikariPool.java:561)
	at com.zaxxer.hikari.pool.HikariPool.<init>(HikariPool.java:115)
	at com.zaxxer.hikari.HikariDataSource.getConnection(HikariDataSource.java:112)
	at org.springframework.jdbc.datasource.DataSourceUtils.fetchConnection(DataSourceUtils.java:159)
	at org.springframework.jdbc.datasource.DataSourceUtils.doGetConnection(DataSourceUtils.java:117)
	at org.springframework.jdbc.datasource.DataSourceUtils.getConnection(DataSourceUtils.java:80)
	at org.mybatis.spring.transaction.SpringManagedTransaction.openConnection(SpringManagedTransaction.java:80)
	at org.mybatis.spring.transaction.SpringManagedTransaction.getConnection(SpringManagedTransaction.java:67)
	at org.apache.ibatis.executor.BaseExecutor.getConnection(BaseExecutor.java:337)
	at org.apache.ibatis.executor.SimpleExecutor.prepareStatement(SimpleExecutor.java:86)
	at org.apache.ibatis.executor.SimpleExecutor.doQuery(SimpleExecutor.java:62)
	at org.apache.ibatis.executor.BaseExecutor.queryFromDatabase(BaseExecutor.java:325)
	at org.apache.ibatis.executor.BaseExecutor.query(BaseExecutor.java:156)
	at org.apache.ibatis.executor.CachingExecutor.query(CachingExecutor.java:109)
	at org.apache.ibatis.executor.CachingExecutor.query(CachingExecutor.java:89)
	at org.apache.ibatis.session.defaults.DefaultSqlSession.selectList(DefaultSqlSession.java:147)
	at org.apache.ibatis.session.defaults.DefaultSqlSession.selectList(DefaultSqlSession.java:140)
	at sun.reflect.NativeMethodAccessorImpl.invoke0(Native Method)
	at sun.reflect.NativeMethodAccessorImpl.invoke(NativeMethodAccessorImpl.java:62)
	at sun.reflect.DelegatingMethodAccessorImpl.invoke(DelegatingMethodAccessorImpl.java:43)
	at java.lang.reflect.Method.invoke(Method.java:498)
	at org.mybatis.spring.SqlSessionTemplate$SqlSessionInterceptor.invoke(SqlSessionTemplate.java:427)
	at com.sun.proxy.$Proxy69.selectList(Unknown Source)
	at org.mybatis.spring.SqlSessionTemplate.selectList(SqlSessionTemplate.java:224)
	at org.apache.ibatis.binding.MapperMethod.executeForMany(MapperMethod.java:147)
	at org.apache.ibatis.binding.MapperMethod.execute(MapperMethod.java:80)
	at org.apache.ibatis.binding.MapperProxy$PlainMethodInvoker.invoke(MapperProxy.java:152)
	at org.apache.ibatis.binding.MapperProxy.invoke(MapperProxy.java:85)
	at com.sun.proxy.$Proxy70.queryNoPayNotifyOrder(Unknown Source)
	at org.example.service.impl.OrderServiceImpl.queryNoPayNotifyOrder(OrderServiceImpl.java:107)
	at org.example.job.NoPayNotifyOrderJob.exec(NoPayNotifyOrderJob.java:29)
	at sun.reflect.NativeMethodAccessorImpl.invoke0(Native Method)
	at sun.reflect.NativeMethodAccessorImpl.invoke(NativeMethodAccessorImpl.java:62)
	at sun.reflect.DelegatingMethodAccessorImpl.invoke(DelegatingMethodAccessorImpl.java:43)
	at java.lang.reflect.Method.invoke(Method.java:498)
	at org.springframework.scheduling.support.ScheduledMethodRunnable.run(ScheduledMethodRunnable.java:84)
	at org.springframework.scheduling.support.DelegatingErrorHandlingRunnable.run(DelegatingErrorHandlingRunnable.java:54)
	at org.springframework.scheduling.concurrent.ReschedulingRunnable.run(ReschedulingRunnable.java:95)
	at java.util.concurrent.Executors$RunnableAdapter.call(Executors.java:511)
	at java.util.concurrent.FutureTask.run$$$capture(FutureTask.java:266)
	at java.util.concurrent.FutureTask.run(FutureTask.java)
	at java.util.concurrent.ScheduledThreadPoolExecutor$ScheduledFutureTask.access$201(ScheduledThreadPoolExecutor.java:180)
	at java.util.concurrent.ScheduledThreadPoolExecutor$ScheduledFutureTask.run(ScheduledThreadPoolExecutor.java:293)
	at java.util.concurrent.ThreadPoolExecutor.runWorker(ThreadPoolExecutor.java:1149)
	at java.util.concurrent.ThreadPoolExecutor$Worker.run(ThreadPoolExecutor.java:624)
	at java.lang.Thread.run(Thread.java:750)
Caused by: com.mysql.cj.exceptions.CJException: Unknown database 's-pay-mall'
	at sun.reflect.NativeConstructorAccessorImpl.newInstance0(Native Method)
	at sun.reflect.NativeConstructorAccessorImpl.newInstance(NativeConstructorAccessorImpl.java:62)
	at sun.reflect.DelegatingConstructorAccessorImpl.newInstance(DelegatingConstructorAccessorImpl.java:45)
	at java.lang.reflect.Constructor.newInstance(Constructor.java:423)
	at com.mysql.cj.exceptions.ExceptionFactory.createException(ExceptionFactory.java:61)
	at com.mysql.cj.exceptions.ExceptionFactory.createException(ExceptionFactory.java:105)
	at com.mysql.cj.exceptions.ExceptionFactory.createException(ExceptionFactory.java:151)
	at com.mysql.cj.exceptions.ExceptionFactory.createException(ExceptionFactory.java:129)
	at com.mysql.cj.protocol.a.NativeProtocol.checkErrorMessage(NativeProtocol.java:794)
	at com.mysql.cj.protocol.a.NativeProtocol.checkErrorMessage(NativeProtocol.java:719)
	at com.mysql.cj.protocol.a.NativeProtocol.checkErrorMessage(NativeProtocol.java:687)
	at com.mysql.cj.protocol.a.NativeProtocol.checkErrorMessage(NativeProtocol.java:136)
	at com.mysql.cj.protocol.a.NativeAuthenticationProvider.proceedHandshakeWithPluggableAuthentication(NativeAuthenticationProvider.java:469)
	at com.mysql.cj.protocol.a.NativeAuthenticationProvider.connect(NativeAuthenticationProvider.java:174)
	at com.mysql.cj.protocol.a.NativeProtocol.connect(NativeProtocol.java:1350)
	at com.mysql.cj.NativeSession.connect(NativeSession.java:157)
	at com.mysql.cj.jdbc.ConnectionImpl.connectWithRetries(ConnectionImpl.java:847)
	... 54 common frames omitted
25-02-07.14:39:30.100 [scheduling-1    ] ERROR NoPayNotifyOrderJob    - 检测未接收到或未正确处理的支付回调通知失败
org.mybatis.spring.MyBatisSystemException: nested exception is org.apache.ibatis.exceptions.PersistenceException: 
### Error querying database.  Cause: org.springframework.jdbc.CannotGetJdbcConnectionException: Failed to obtain JDBC Connection; nested exception is java.sql.SQLNonTransientConnectionException: Could not create connection to database server. Attempted reconnect 3 times. Giving up.
### The error may exist in file [D:\Workspace\s-pay-mall-qiusu\s-pay-mall-controller\target\classes\mybatis\mapper\pay_order_mapper.xml]
### The error may involve org.example.dao.IOrderDao.queryNoPayNotifyOrder
### The error occurred while executing a query
### Cause: org.springframework.jdbc.CannotGetJdbcConnectionException: Failed to obtain JDBC Connection; nested exception is java.sql.SQLNonTransientConnectionException: Could not create connection to database server. Attempted reconnect 3 times. Giving up.
	at org.mybatis.spring.MyBatisExceptionTranslator.translateExceptionIfPossible(MyBatisExceptionTranslator.java:96)
	at org.mybatis.spring.SqlSessionTemplate$SqlSessionInterceptor.invoke(SqlSessionTemplate.java:441)
	at com.sun.proxy.$Proxy69.selectList(Unknown Source)
	at org.mybatis.spring.SqlSessionTemplate.selectList(SqlSessionTemplate.java:224)
	at org.apache.ibatis.binding.MapperMethod.executeForMany(MapperMethod.java:147)
	at org.apache.ibatis.binding.MapperMethod.execute(MapperMethod.java:80)
	at org.apache.ibatis.binding.MapperProxy$PlainMethodInvoker.invoke(MapperProxy.java:152)
	at org.apache.ibatis.binding.MapperProxy.invoke(MapperProxy.java:85)
	at com.sun.proxy.$Proxy70.queryNoPayNotifyOrder(Unknown Source)
	at org.example.service.impl.OrderServiceImpl.queryNoPayNotifyOrder(OrderServiceImpl.java:107)
	at org.example.job.NoPayNotifyOrderJob.exec(NoPayNotifyOrderJob.java:29)
	at sun.reflect.NativeMethodAccessorImpl.invoke0(Native Method)
	at sun.reflect.NativeMethodAccessorImpl.invoke(NativeMethodAccessorImpl.java:62)
	at sun.reflect.DelegatingMethodAccessorImpl.invoke(DelegatingMethodAccessorImpl.java:43)
	at java.lang.reflect.Method.invoke(Method.java:498)
	at org.springframework.scheduling.support.ScheduledMethodRunnable.run(ScheduledMethodRunnable.java:84)
	at org.springframework.scheduling.support.DelegatingErrorHandlingRunnable.run(DelegatingErrorHandlingRunnable.java:54)
	at org.springframework.scheduling.concurrent.ReschedulingRunnable.run(ReschedulingRunnable.java:95)
	at java.util.concurrent.Executors$RunnableAdapter.call(Executors.java:511)
	at java.util.concurrent.FutureTask.run$$$capture(FutureTask.java:266)
	at java.util.concurrent.FutureTask.run(FutureTask.java)
	at java.util.concurrent.ScheduledThreadPoolExecutor$ScheduledFutureTask.access$201(ScheduledThreadPoolExecutor.java:180)
	at java.util.concurrent.ScheduledThreadPoolExecutor$ScheduledFutureTask.run(ScheduledThreadPoolExecutor.java:293)
	at java.util.concurrent.ThreadPoolExecutor.runWorker(ThreadPoolExecutor.java:1149)
	at java.util.concurrent.ThreadPoolExecutor$Worker.run(ThreadPoolExecutor.java:624)
	at java.lang.Thread.run(Thread.java:750)
Caused by: org.apache.ibatis.exceptions.PersistenceException: 
### Error querying database.  Cause: org.springframework.jdbc.CannotGetJdbcConnectionException: Failed to obtain JDBC Connection; nested exception is java.sql.SQLNonTransientConnectionException: Could not create connection to database server. Attempted reconnect 3 times. Giving up.
### The error may exist in file [D:\Workspace\s-pay-mall-qiusu\s-pay-mall-controller\target\classes\mybatis\mapper\pay_order_mapper.xml]
### The error may involve org.example.dao.IOrderDao.queryNoPayNotifyOrder
### The error occurred while executing a query
### Cause: org.springframework.jdbc.CannotGetJdbcConnectionException: Failed to obtain JDBC Connection; nested exception is java.sql.SQLNonTransientConnectionException: Could not create connection to database server. Attempted reconnect 3 times. Giving up.
	at org.apache.ibatis.exceptions.ExceptionFactory.wrapException(ExceptionFactory.java:30)
	at org.apache.ibatis.session.defaults.DefaultSqlSession.selectList(DefaultSqlSession.java:149)
	at org.apache.ibatis.session.defaults.DefaultSqlSession.selectList(DefaultSqlSession.java:140)
	at sun.reflect.NativeMethodAccessorImpl.invoke0(Native Method)
	at sun.reflect.NativeMethodAccessorImpl.invoke(NativeMethodAccessorImpl.java:62)
	at sun.reflect.DelegatingMethodAccessorImpl.invoke(DelegatingMethodAccessorImpl.java:43)
	at java.lang.reflect.Method.invoke(Method.java:498)
	at org.mybatis.spring.SqlSessionTemplate$SqlSessionInterceptor.invoke(SqlSessionTemplate.java:427)
	... 24 common frames omitted
Caused by: org.springframework.jdbc.CannotGetJdbcConnectionException: Failed to obtain JDBC Connection; nested exception is java.sql.SQLNonTransientConnectionException: Could not create connection to database server. Attempted reconnect 3 times. Giving up.
	at org.springframework.jdbc.datasource.DataSourceUtils.getConnection(DataSourceUtils.java:83)
	at org.mybatis.spring.transaction.SpringManagedTransaction.openConnection(SpringManagedTransaction.java:80)
	at org.mybatis.spring.transaction.SpringManagedTransaction.getConnection(SpringManagedTransaction.java:67)
	at org.apache.ibatis.executor.BaseExecutor.getConnection(BaseExecutor.java:337)
	at org.apache.ibatis.executor.SimpleExecutor.prepareStatement(SimpleExecutor.java:86)
	at org.apache.ibatis.executor.SimpleExecutor.doQuery(SimpleExecutor.java:62)
	at org.apache.ibatis.executor.BaseExecutor.queryFromDatabase(BaseExecutor.java:325)
	at org.apache.ibatis.executor.BaseExecutor.query(BaseExecutor.java:156)
	at org.apache.ibatis.executor.CachingExecutor.query(CachingExecutor.java:109)
	at org.apache.ibatis.executor.CachingExecutor.query(CachingExecutor.java:89)
	at org.apache.ibatis.session.defaults.DefaultSqlSession.selectList(DefaultSqlSession.java:147)
	... 30 common frames omitted
Caused by: java.sql.SQLNonTransientConnectionException: Could not create connection to database server. Attempted reconnect 3 times. Giving up.
	at com.mysql.cj.jdbc.exceptions.SQLError.createSQLException(SQLError.java:110)
	at com.mysql.cj.jdbc.exceptions.SQLError.createSQLException(SQLError.java:97)
	at com.mysql.cj.jdbc.exceptions.SQLError.createSQLException(SQLError.java:89)
	at com.mysql.cj.jdbc.exceptions.SQLError.createSQLException(SQLError.java:63)
	at com.mysql.cj.jdbc.exceptions.SQLError.createSQLException(SQLError.java:73)
	at com.mysql.cj.jdbc.ConnectionImpl.connectWithRetries(ConnectionImpl.java:903)
	at com.mysql.cj.jdbc.ConnectionImpl.createNewIO(ConnectionImpl.java:828)
	at com.mysql.cj.jdbc.ConnectionImpl.<init>(ConnectionImpl.java:453)
	at com.mysql.cj.jdbc.ConnectionImpl.getInstance(ConnectionImpl.java:246)
	at com.mysql.cj.jdbc.NonRegisteringDriver.connect(NonRegisteringDriver.java:198)
	at com.zaxxer.hikari.util.DriverDataSource.getConnection(DriverDataSource.java:138)
	at com.zaxxer.hikari.pool.PoolBase.newConnection(PoolBase.java:364)
	at com.zaxxer.hikari.pool.PoolBase.newPoolEntry(PoolBase.java:206)
	at com.zaxxer.hikari.pool.HikariPool.createPoolEntry(HikariPool.java:476)
	at com.zaxxer.hikari.pool.HikariPool.checkFailFast(HikariPool.java:561)
	at com.zaxxer.hikari.pool.HikariPool.<init>(HikariPool.java:115)
	at com.zaxxer.hikari.HikariDataSource.getConnection(HikariDataSource.java:112)
	at org.springframework.jdbc.datasource.DataSourceUtils.fetchConnection(DataSourceUtils.java:159)
	at org.springframework.jdbc.datasource.DataSourceUtils.doGetConnection(DataSourceUtils.java:117)
	at org.springframework.jdbc.datasource.DataSourceUtils.getConnection(DataSourceUtils.java:80)
	... 40 common frames omitted
Caused by: com.mysql.cj.exceptions.CJException: Unknown database 's-pay-mall'
	at sun.reflect.NativeConstructorAccessorImpl.newInstance0(Native Method)
	at sun.reflect.NativeConstructorAccessorImpl.newInstance(NativeConstructorAccessorImpl.java:62)
	at sun.reflect.DelegatingConstructorAccessorImpl.newInstance(DelegatingConstructorAccessorImpl.java:45)
	at java.lang.reflect.Constructor.newInstance(Constructor.java:423)
	at com.mysql.cj.exceptions.ExceptionFactory.createException(ExceptionFactory.java:61)
	at com.mysql.cj.exceptions.ExceptionFactory.createException(ExceptionFactory.java:105)
	at com.mysql.cj.exceptions.ExceptionFactory.createException(ExceptionFactory.java:151)
	at com.mysql.cj.exceptions.ExceptionFactory.createException(ExceptionFactory.java:129)
	at com.mysql.cj.protocol.a.NativeProtocol.checkErrorMessage(NativeProtocol.java:794)
	at com.mysql.cj.protocol.a.NativeProtocol.checkErrorMessage(NativeProtocol.java:719)
	at com.mysql.cj.protocol.a.NativeProtocol.checkErrorMessage(NativeProtocol.java:687)
	at com.mysql.cj.protocol.a.NativeProtocol.checkErrorMessage(NativeProtocol.java:136)
	at com.mysql.cj.protocol.a.NativeAuthenticationProvider.proceedHandshakeWithPluggableAuthentication(NativeAuthenticationProvider.java:469)
	at com.mysql.cj.protocol.a.NativeAuthenticationProvider.connect(NativeAuthenticationProvider.java:174)
	at com.mysql.cj.protocol.a.NativeProtocol.connect(NativeProtocol.java:1350)
	at com.mysql.cj.NativeSession.connect(NativeSession.java:157)
	at com.mysql.cj.jdbc.ConnectionImpl.connectWithRetries(ConnectionImpl.java:847)
	... 54 common frames omitted
25-02-07.14:39:35.006 [scheduling-1    ] INFO  NoPayNotifyOrderJob    - 任务；检测未接收到或未正确处理的支付回调通知
25-02-07.14:39:35.006 [scheduling-1    ] INFO  HikariDataSource       - HikariPool-1 - Starting...
25-02-07.14:39:40.098 [scheduling-1    ] ERROR HikariPool             - HikariPool-1 - Exception during pool initialization.
java.sql.SQLNonTransientConnectionException: Could not create connection to database server. Attempted reconnect 3 times. Giving up.
	at com.mysql.cj.jdbc.exceptions.SQLError.createSQLException(SQLError.java:110)
	at com.mysql.cj.jdbc.exceptions.SQLError.createSQLException(SQLError.java:97)
	at com.mysql.cj.jdbc.exceptions.SQLError.createSQLException(SQLError.java:89)
	at com.mysql.cj.jdbc.exceptions.SQLError.createSQLException(SQLError.java:63)
	at com.mysql.cj.jdbc.exceptions.SQLError.createSQLException(SQLError.java:73)
	at com.mysql.cj.jdbc.ConnectionImpl.connectWithRetries(ConnectionImpl.java:903)
	at com.mysql.cj.jdbc.ConnectionImpl.createNewIO(ConnectionImpl.java:828)
	at com.mysql.cj.jdbc.ConnectionImpl.<init>(ConnectionImpl.java:453)
	at com.mysql.cj.jdbc.ConnectionImpl.getInstance(ConnectionImpl.java:246)
	at com.mysql.cj.jdbc.NonRegisteringDriver.connect(NonRegisteringDriver.java:198)
	at com.zaxxer.hikari.util.DriverDataSource.getConnection(DriverDataSource.java:138)
	at com.zaxxer.hikari.pool.PoolBase.newConnection(PoolBase.java:364)
	at com.zaxxer.hikari.pool.PoolBase.newPoolEntry(PoolBase.java:206)
	at com.zaxxer.hikari.pool.HikariPool.createPoolEntry(HikariPool.java:476)
	at com.zaxxer.hikari.pool.HikariPool.checkFailFast(HikariPool.java:561)
	at com.zaxxer.hikari.pool.HikariPool.<init>(HikariPool.java:115)
	at com.zaxxer.hikari.HikariDataSource.getConnection(HikariDataSource.java:112)
	at org.springframework.jdbc.datasource.DataSourceUtils.fetchConnection(DataSourceUtils.java:159)
	at org.springframework.jdbc.datasource.DataSourceUtils.doGetConnection(DataSourceUtils.java:117)
	at org.springframework.jdbc.datasource.DataSourceUtils.getConnection(DataSourceUtils.java:80)
	at org.mybatis.spring.transaction.SpringManagedTransaction.openConnection(SpringManagedTransaction.java:80)
	at org.mybatis.spring.transaction.SpringManagedTransaction.getConnection(SpringManagedTransaction.java:67)
	at org.apache.ibatis.executor.BaseExecutor.getConnection(BaseExecutor.java:337)
	at org.apache.ibatis.executor.SimpleExecutor.prepareStatement(SimpleExecutor.java:86)
	at org.apache.ibatis.executor.SimpleExecutor.doQuery(SimpleExecutor.java:62)
	at org.apache.ibatis.executor.BaseExecutor.queryFromDatabase(BaseExecutor.java:325)
	at org.apache.ibatis.executor.BaseExecutor.query(BaseExecutor.java:156)
	at org.apache.ibatis.executor.CachingExecutor.query(CachingExecutor.java:109)
	at org.apache.ibatis.executor.CachingExecutor.query(CachingExecutor.java:89)
	at org.apache.ibatis.session.defaults.DefaultSqlSession.selectList(DefaultSqlSession.java:147)
	at org.apache.ibatis.session.defaults.DefaultSqlSession.selectList(DefaultSqlSession.java:140)
	at sun.reflect.NativeMethodAccessorImpl.invoke0(Native Method)
	at sun.reflect.NativeMethodAccessorImpl.invoke(NativeMethodAccessorImpl.java:62)
	at sun.reflect.DelegatingMethodAccessorImpl.invoke(DelegatingMethodAccessorImpl.java:43)
	at java.lang.reflect.Method.invoke(Method.java:498)
	at org.mybatis.spring.SqlSessionTemplate$SqlSessionInterceptor.invoke(SqlSessionTemplate.java:427)
	at com.sun.proxy.$Proxy69.selectList(Unknown Source)
	at org.mybatis.spring.SqlSessionTemplate.selectList(SqlSessionTemplate.java:224)
	at org.apache.ibatis.binding.MapperMethod.executeForMany(MapperMethod.java:147)
	at org.apache.ibatis.binding.MapperMethod.execute(MapperMethod.java:80)
	at org.apache.ibatis.binding.MapperProxy$PlainMethodInvoker.invoke(MapperProxy.java:152)
	at org.apache.ibatis.binding.MapperProxy.invoke(MapperProxy.java:85)
	at com.sun.proxy.$Proxy70.queryNoPayNotifyOrder(Unknown Source)
	at org.example.service.impl.OrderServiceImpl.queryNoPayNotifyOrder(OrderServiceImpl.java:107)
	at org.example.job.NoPayNotifyOrderJob.exec(NoPayNotifyOrderJob.java:29)
	at sun.reflect.NativeMethodAccessorImpl.invoke0(Native Method)
	at sun.reflect.NativeMethodAccessorImpl.invoke(NativeMethodAccessorImpl.java:62)
	at sun.reflect.DelegatingMethodAccessorImpl.invoke(DelegatingMethodAccessorImpl.java:43)
	at java.lang.reflect.Method.invoke(Method.java:498)
	at org.springframework.scheduling.support.ScheduledMethodRunnable.run(ScheduledMethodRunnable.java:84)
	at org.springframework.scheduling.support.DelegatingErrorHandlingRunnable.run(DelegatingErrorHandlingRunnable.java:54)
	at org.springframework.scheduling.concurrent.ReschedulingRunnable.run(ReschedulingRunnable.java:95)
	at java.util.concurrent.Executors$RunnableAdapter.call(Executors.java:511)
	at java.util.concurrent.FutureTask.run$$$capture(FutureTask.java:266)
	at java.util.concurrent.FutureTask.run(FutureTask.java)
	at java.util.concurrent.ScheduledThreadPoolExecutor$ScheduledFutureTask.access$201(ScheduledThreadPoolExecutor.java:180)
	at java.util.concurrent.ScheduledThreadPoolExecutor$ScheduledFutureTask.run(ScheduledThreadPoolExecutor.java:293)
	at java.util.concurrent.ThreadPoolExecutor.runWorker(ThreadPoolExecutor.java:1149)
	at java.util.concurrent.ThreadPoolExecutor$Worker.run(ThreadPoolExecutor.java:624)
	at java.lang.Thread.run(Thread.java:750)
Caused by: com.mysql.cj.exceptions.CJException: Unknown database 's-pay-mall'
	at sun.reflect.NativeConstructorAccessorImpl.newInstance0(Native Method)
	at sun.reflect.NativeConstructorAccessorImpl.newInstance(NativeConstructorAccessorImpl.java:62)
	at sun.reflect.DelegatingConstructorAccessorImpl.newInstance(DelegatingConstructorAccessorImpl.java:45)
	at java.lang.reflect.Constructor.newInstance(Constructor.java:423)
	at com.mysql.cj.exceptions.ExceptionFactory.createException(ExceptionFactory.java:61)
	at com.mysql.cj.exceptions.ExceptionFactory.createException(ExceptionFactory.java:105)
	at com.mysql.cj.exceptions.ExceptionFactory.createException(ExceptionFactory.java:151)
	at com.mysql.cj.exceptions.ExceptionFactory.createException(ExceptionFactory.java:129)
	at com.mysql.cj.protocol.a.NativeProtocol.checkErrorMessage(NativeProtocol.java:794)
	at com.mysql.cj.protocol.a.NativeProtocol.checkErrorMessage(NativeProtocol.java:719)
	at com.mysql.cj.protocol.a.NativeProtocol.checkErrorMessage(NativeProtocol.java:687)
	at com.mysql.cj.protocol.a.NativeProtocol.checkErrorMessage(NativeProtocol.java:136)
	at com.mysql.cj.protocol.a.NativeAuthenticationProvider.proceedHandshakeWithPluggableAuthentication(NativeAuthenticationProvider.java:469)
	at com.mysql.cj.protocol.a.NativeAuthenticationProvider.connect(NativeAuthenticationProvider.java:174)
	at com.mysql.cj.protocol.a.NativeProtocol.connect(NativeProtocol.java:1350)
	at com.mysql.cj.NativeSession.connect(NativeSession.java:157)
	at com.mysql.cj.jdbc.ConnectionImpl.connectWithRetries(ConnectionImpl.java:847)
	... 54 common frames omitted
25-02-07.14:39:40.099 [scheduling-1    ] ERROR NoPayNotifyOrderJob    - 检测未接收到或未正确处理的支付回调通知失败
org.mybatis.spring.MyBatisSystemException: nested exception is org.apache.ibatis.exceptions.PersistenceException: 
### Error querying database.  Cause: org.springframework.jdbc.CannotGetJdbcConnectionException: Failed to obtain JDBC Connection; nested exception is java.sql.SQLNonTransientConnectionException: Could not create connection to database server. Attempted reconnect 3 times. Giving up.
### The error may exist in file [D:\Workspace\s-pay-mall-qiusu\s-pay-mall-controller\target\classes\mybatis\mapper\pay_order_mapper.xml]
### The error may involve org.example.dao.IOrderDao.queryNoPayNotifyOrder
### The error occurred while executing a query
### Cause: org.springframework.jdbc.CannotGetJdbcConnectionException: Failed to obtain JDBC Connection; nested exception is java.sql.SQLNonTransientConnectionException: Could not create connection to database server. Attempted reconnect 3 times. Giving up.
	at org.mybatis.spring.MyBatisExceptionTranslator.translateExceptionIfPossible(MyBatisExceptionTranslator.java:96)
	at org.mybatis.spring.SqlSessionTemplate$SqlSessionInterceptor.invoke(SqlSessionTemplate.java:441)
	at com.sun.proxy.$Proxy69.selectList(Unknown Source)
	at org.mybatis.spring.SqlSessionTemplate.selectList(SqlSessionTemplate.java:224)
	at org.apache.ibatis.binding.MapperMethod.executeForMany(MapperMethod.java:147)
	at org.apache.ibatis.binding.MapperMethod.execute(MapperMethod.java:80)
	at org.apache.ibatis.binding.MapperProxy$PlainMethodInvoker.invoke(MapperProxy.java:152)
	at org.apache.ibatis.binding.MapperProxy.invoke(MapperProxy.java:85)
	at com.sun.proxy.$Proxy70.queryNoPayNotifyOrder(Unknown Source)
	at org.example.service.impl.OrderServiceImpl.queryNoPayNotifyOrder(OrderServiceImpl.java:107)
	at org.example.job.NoPayNotifyOrderJob.exec(NoPayNotifyOrderJob.java:29)
	at sun.reflect.NativeMethodAccessorImpl.invoke0(Native Method)
	at sun.reflect.NativeMethodAccessorImpl.invoke(NativeMethodAccessorImpl.java:62)
	at sun.reflect.DelegatingMethodAccessorImpl.invoke(DelegatingMethodAccessorImpl.java:43)
	at java.lang.reflect.Method.invoke(Method.java:498)
	at org.springframework.scheduling.support.ScheduledMethodRunnable.run(ScheduledMethodRunnable.java:84)
	at org.springframework.scheduling.support.DelegatingErrorHandlingRunnable.run(DelegatingErrorHandlingRunnable.java:54)
	at org.springframework.scheduling.concurrent.ReschedulingRunnable.run(ReschedulingRunnable.java:95)
	at java.util.concurrent.Executors$RunnableAdapter.call(Executors.java:511)
	at java.util.concurrent.FutureTask.run$$$capture(FutureTask.java:266)
	at java.util.concurrent.FutureTask.run(FutureTask.java)
	at java.util.concurrent.ScheduledThreadPoolExecutor$ScheduledFutureTask.access$201(ScheduledThreadPoolExecutor.java:180)
	at java.util.concurrent.ScheduledThreadPoolExecutor$ScheduledFutureTask.run(ScheduledThreadPoolExecutor.java:293)
	at java.util.concurrent.ThreadPoolExecutor.runWorker(ThreadPoolExecutor.java:1149)
	at java.util.concurrent.ThreadPoolExecutor$Worker.run(ThreadPoolExecutor.java:624)
	at java.lang.Thread.run(Thread.java:750)
Caused by: org.apache.ibatis.exceptions.PersistenceException: 
### Error querying database.  Cause: org.springframework.jdbc.CannotGetJdbcConnectionException: Failed to obtain JDBC Connection; nested exception is java.sql.SQLNonTransientConnectionException: Could not create connection to database server. Attempted reconnect 3 times. Giving up.
### The error may exist in file [D:\Workspace\s-pay-mall-qiusu\s-pay-mall-controller\target\classes\mybatis\mapper\pay_order_mapper.xml]
### The error may involve org.example.dao.IOrderDao.queryNoPayNotifyOrder
### The error occurred while executing a query
### Cause: org.springframework.jdbc.CannotGetJdbcConnectionException: Failed to obtain JDBC Connection; nested exception is java.sql.SQLNonTransientConnectionException: Could not create connection to database server. Attempted reconnect 3 times. Giving up.
	at org.apache.ibatis.exceptions.ExceptionFactory.wrapException(ExceptionFactory.java:30)
	at org.apache.ibatis.session.defaults.DefaultSqlSession.selectList(DefaultSqlSession.java:149)
	at org.apache.ibatis.session.defaults.DefaultSqlSession.selectList(DefaultSqlSession.java:140)
	at sun.reflect.NativeMethodAccessorImpl.invoke0(Native Method)
	at sun.reflect.NativeMethodAccessorImpl.invoke(NativeMethodAccessorImpl.java:62)
	at sun.reflect.DelegatingMethodAccessorImpl.invoke(DelegatingMethodAccessorImpl.java:43)
	at java.lang.reflect.Method.invoke(Method.java:498)
	at org.mybatis.spring.SqlSessionTemplate$SqlSessionInterceptor.invoke(SqlSessionTemplate.java:427)
	... 24 common frames omitted
Caused by: org.springframework.jdbc.CannotGetJdbcConnectionException: Failed to obtain JDBC Connection; nested exception is java.sql.SQLNonTransientConnectionException: Could not create connection to database server. Attempted reconnect 3 times. Giving up.
	at org.springframework.jdbc.datasource.DataSourceUtils.getConnection(DataSourceUtils.java:83)
	at org.mybatis.spring.transaction.SpringManagedTransaction.openConnection(SpringManagedTransaction.java:80)
	at org.mybatis.spring.transaction.SpringManagedTransaction.getConnection(SpringManagedTransaction.java:67)
	at org.apache.ibatis.executor.BaseExecutor.getConnection(BaseExecutor.java:337)
	at org.apache.ibatis.executor.SimpleExecutor.prepareStatement(SimpleExecutor.java:86)
	at org.apache.ibatis.executor.SimpleExecutor.doQuery(SimpleExecutor.java:62)
	at org.apache.ibatis.executor.BaseExecutor.queryFromDatabase(BaseExecutor.java:325)
	at org.apache.ibatis.executor.BaseExecutor.query(BaseExecutor.java:156)
	at org.apache.ibatis.executor.CachingExecutor.query(CachingExecutor.java:109)
	at org.apache.ibatis.executor.CachingExecutor.query(CachingExecutor.java:89)
	at org.apache.ibatis.session.defaults.DefaultSqlSession.selectList(DefaultSqlSession.java:147)
	... 30 common frames omitted
Caused by: java.sql.SQLNonTransientConnectionException: Could not create connection to database server. Attempted reconnect 3 times. Giving up.
	at com.mysql.cj.jdbc.exceptions.SQLError.createSQLException(SQLError.java:110)
	at com.mysql.cj.jdbc.exceptions.SQLError.createSQLException(SQLError.java:97)
	at com.mysql.cj.jdbc.exceptions.SQLError.createSQLException(SQLError.java:89)
	at com.mysql.cj.jdbc.exceptions.SQLError.createSQLException(SQLError.java:63)
	at com.mysql.cj.jdbc.exceptions.SQLError.createSQLException(SQLError.java:73)
	at com.mysql.cj.jdbc.ConnectionImpl.connectWithRetries(ConnectionImpl.java:903)
	at com.mysql.cj.jdbc.ConnectionImpl.createNewIO(ConnectionImpl.java:828)
	at com.mysql.cj.jdbc.ConnectionImpl.<init>(ConnectionImpl.java:453)
	at com.mysql.cj.jdbc.ConnectionImpl.getInstance(ConnectionImpl.java:246)
	at com.mysql.cj.jdbc.NonRegisteringDriver.connect(NonRegisteringDriver.java:198)
	at com.zaxxer.hikari.util.DriverDataSource.getConnection(DriverDataSource.java:138)
	at com.zaxxer.hikari.pool.PoolBase.newConnection(PoolBase.java:364)
	at com.zaxxer.hikari.pool.PoolBase.newPoolEntry(PoolBase.java:206)
	at com.zaxxer.hikari.pool.HikariPool.createPoolEntry(HikariPool.java:476)
	at com.zaxxer.hikari.pool.HikariPool.checkFailFast(HikariPool.java:561)
	at com.zaxxer.hikari.pool.HikariPool.<init>(HikariPool.java:115)
	at com.zaxxer.hikari.HikariDataSource.getConnection(HikariDataSource.java:112)
	at org.springframework.jdbc.datasource.DataSourceUtils.fetchConnection(DataSourceUtils.java:159)
	at org.springframework.jdbc.datasource.DataSourceUtils.doGetConnection(DataSourceUtils.java:117)
	at org.springframework.jdbc.datasource.DataSourceUtils.getConnection(DataSourceUtils.java:80)
	... 40 common frames omitted
Caused by: com.mysql.cj.exceptions.CJException: Unknown database 's-pay-mall'
	at sun.reflect.NativeConstructorAccessorImpl.newInstance0(Native Method)
	at sun.reflect.NativeConstructorAccessorImpl.newInstance(NativeConstructorAccessorImpl.java:62)
	at sun.reflect.DelegatingConstructorAccessorImpl.newInstance(DelegatingConstructorAccessorImpl.java:45)
	at java.lang.reflect.Constructor.newInstance(Constructor.java:423)
	at com.mysql.cj.exceptions.ExceptionFactory.createException(ExceptionFactory.java:61)
	at com.mysql.cj.exceptions.ExceptionFactory.createException(ExceptionFactory.java:105)
	at com.mysql.cj.exceptions.ExceptionFactory.createException(ExceptionFactory.java:151)
	at com.mysql.cj.exceptions.ExceptionFactory.createException(ExceptionFactory.java:129)
	at com.mysql.cj.protocol.a.NativeProtocol.checkErrorMessage(NativeProtocol.java:794)
	at com.mysql.cj.protocol.a.NativeProtocol.checkErrorMessage(NativeProtocol.java:719)
	at com.mysql.cj.protocol.a.NativeProtocol.checkErrorMessage(NativeProtocol.java:687)
	at com.mysql.cj.protocol.a.NativeProtocol.checkErrorMessage(NativeProtocol.java:136)
	at com.mysql.cj.protocol.a.NativeAuthenticationProvider.proceedHandshakeWithPluggableAuthentication(NativeAuthenticationProvider.java:469)
	at com.mysql.cj.protocol.a.NativeAuthenticationProvider.connect(NativeAuthenticationProvider.java:174)
	at com.mysql.cj.protocol.a.NativeProtocol.connect(NativeProtocol.java:1350)
	at com.mysql.cj.NativeSession.connect(NativeSession.java:157)
	at com.mysql.cj.jdbc.ConnectionImpl.connectWithRetries(ConnectionImpl.java:847)
	... 54 common frames omitted
25-02-07.14:39:45.009 [scheduling-1    ] INFO  NoPayNotifyOrderJob    - 任务；检测未接收到或未正确处理的支付回调通知
25-02-07.14:39:45.009 [scheduling-1    ] INFO  HikariDataSource       - HikariPool-1 - Starting...
25-02-07.14:39:50.089 [scheduling-1    ] ERROR HikariPool             - HikariPool-1 - Exception during pool initialization.
java.sql.SQLNonTransientConnectionException: Could not create connection to database server. Attempted reconnect 3 times. Giving up.
	at com.mysql.cj.jdbc.exceptions.SQLError.createSQLException(SQLError.java:110)
	at com.mysql.cj.jdbc.exceptions.SQLError.createSQLException(SQLError.java:97)
	at com.mysql.cj.jdbc.exceptions.SQLError.createSQLException(SQLError.java:89)
	at com.mysql.cj.jdbc.exceptions.SQLError.createSQLException(SQLError.java:63)
	at com.mysql.cj.jdbc.exceptions.SQLError.createSQLException(SQLError.java:73)
	at com.mysql.cj.jdbc.ConnectionImpl.connectWithRetries(ConnectionImpl.java:903)
	at com.mysql.cj.jdbc.ConnectionImpl.createNewIO(ConnectionImpl.java:828)
	at com.mysql.cj.jdbc.ConnectionImpl.<init>(ConnectionImpl.java:453)
	at com.mysql.cj.jdbc.ConnectionImpl.getInstance(ConnectionImpl.java:246)
	at com.mysql.cj.jdbc.NonRegisteringDriver.connect(NonRegisteringDriver.java:198)
	at com.zaxxer.hikari.util.DriverDataSource.getConnection(DriverDataSource.java:138)
	at com.zaxxer.hikari.pool.PoolBase.newConnection(PoolBase.java:364)
	at com.zaxxer.hikari.pool.PoolBase.newPoolEntry(PoolBase.java:206)
	at com.zaxxer.hikari.pool.HikariPool.createPoolEntry(HikariPool.java:476)
	at com.zaxxer.hikari.pool.HikariPool.checkFailFast(HikariPool.java:561)
	at com.zaxxer.hikari.pool.HikariPool.<init>(HikariPool.java:115)
	at com.zaxxer.hikari.HikariDataSource.getConnection(HikariDataSource.java:112)
	at org.springframework.jdbc.datasource.DataSourceUtils.fetchConnection(DataSourceUtils.java:159)
	at org.springframework.jdbc.datasource.DataSourceUtils.doGetConnection(DataSourceUtils.java:117)
	at org.springframework.jdbc.datasource.DataSourceUtils.getConnection(DataSourceUtils.java:80)
	at org.mybatis.spring.transaction.SpringManagedTransaction.openConnection(SpringManagedTransaction.java:80)
	at org.mybatis.spring.transaction.SpringManagedTransaction.getConnection(SpringManagedTransaction.java:67)
	at org.apache.ibatis.executor.BaseExecutor.getConnection(BaseExecutor.java:337)
	at org.apache.ibatis.executor.SimpleExecutor.prepareStatement(SimpleExecutor.java:86)
	at org.apache.ibatis.executor.SimpleExecutor.doQuery(SimpleExecutor.java:62)
	at org.apache.ibatis.executor.BaseExecutor.queryFromDatabase(BaseExecutor.java:325)
	at org.apache.ibatis.executor.BaseExecutor.query(BaseExecutor.java:156)
	at org.apache.ibatis.executor.CachingExecutor.query(CachingExecutor.java:109)
	at org.apache.ibatis.executor.CachingExecutor.query(CachingExecutor.java:89)
	at org.apache.ibatis.session.defaults.DefaultSqlSession.selectList(DefaultSqlSession.java:147)
	at org.apache.ibatis.session.defaults.DefaultSqlSession.selectList(DefaultSqlSession.java:140)
	at sun.reflect.NativeMethodAccessorImpl.invoke0(Native Method)
	at sun.reflect.NativeMethodAccessorImpl.invoke(NativeMethodAccessorImpl.java:62)
	at sun.reflect.DelegatingMethodAccessorImpl.invoke(DelegatingMethodAccessorImpl.java:43)
	at java.lang.reflect.Method.invoke(Method.java:498)
	at org.mybatis.spring.SqlSessionTemplate$SqlSessionInterceptor.invoke(SqlSessionTemplate.java:427)
	at com.sun.proxy.$Proxy69.selectList(Unknown Source)
	at org.mybatis.spring.SqlSessionTemplate.selectList(SqlSessionTemplate.java:224)
	at org.apache.ibatis.binding.MapperMethod.executeForMany(MapperMethod.java:147)
	at org.apache.ibatis.binding.MapperMethod.execute(MapperMethod.java:80)
	at org.apache.ibatis.binding.MapperProxy$PlainMethodInvoker.invoke(MapperProxy.java:152)
	at org.apache.ibatis.binding.MapperProxy.invoke(MapperProxy.java:85)
	at com.sun.proxy.$Proxy70.queryNoPayNotifyOrder(Unknown Source)
	at org.example.service.impl.OrderServiceImpl.queryNoPayNotifyOrder(OrderServiceImpl.java:107)
	at org.example.job.NoPayNotifyOrderJob.exec(NoPayNotifyOrderJob.java:29)
	at sun.reflect.NativeMethodAccessorImpl.invoke0(Native Method)
	at sun.reflect.NativeMethodAccessorImpl.invoke(NativeMethodAccessorImpl.java:62)
	at sun.reflect.DelegatingMethodAccessorImpl.invoke(DelegatingMethodAccessorImpl.java:43)
	at java.lang.reflect.Method.invoke(Method.java:498)
	at org.springframework.scheduling.support.ScheduledMethodRunnable.run(ScheduledMethodRunnable.java:84)
	at org.springframework.scheduling.support.DelegatingErrorHandlingRunnable.run(DelegatingErrorHandlingRunnable.java:54)
	at org.springframework.scheduling.concurrent.ReschedulingRunnable.run(ReschedulingRunnable.java:95)
	at java.util.concurrent.Executors$RunnableAdapter.call(Executors.java:511)
	at java.util.concurrent.FutureTask.run$$$capture(FutureTask.java:266)
	at java.util.concurrent.FutureTask.run(FutureTask.java)
	at java.util.concurrent.ScheduledThreadPoolExecutor$ScheduledFutureTask.access$201(ScheduledThreadPoolExecutor.java:180)
	at java.util.concurrent.ScheduledThreadPoolExecutor$ScheduledFutureTask.run(ScheduledThreadPoolExecutor.java:293)
	at java.util.concurrent.ThreadPoolExecutor.runWorker(ThreadPoolExecutor.java:1149)
	at java.util.concurrent.ThreadPoolExecutor$Worker.run(ThreadPoolExecutor.java:624)
	at java.lang.Thread.run(Thread.java:750)
Caused by: com.mysql.cj.exceptions.CJException: Unknown database 's-pay-mall'
	at sun.reflect.NativeConstructorAccessorImpl.newInstance0(Native Method)
	at sun.reflect.NativeConstructorAccessorImpl.newInstance(NativeConstructorAccessorImpl.java:62)
	at sun.reflect.DelegatingConstructorAccessorImpl.newInstance(DelegatingConstructorAccessorImpl.java:45)
	at java.lang.reflect.Constructor.newInstance(Constructor.java:423)
	at com.mysql.cj.exceptions.ExceptionFactory.createException(ExceptionFactory.java:61)
	at com.mysql.cj.exceptions.ExceptionFactory.createException(ExceptionFactory.java:105)
	at com.mysql.cj.exceptions.ExceptionFactory.createException(ExceptionFactory.java:151)
	at com.mysql.cj.exceptions.ExceptionFactory.createException(ExceptionFactory.java:129)
	at com.mysql.cj.protocol.a.NativeProtocol.checkErrorMessage(NativeProtocol.java:794)
	at com.mysql.cj.protocol.a.NativeProtocol.checkErrorMessage(NativeProtocol.java:719)
	at com.mysql.cj.protocol.a.NativeProtocol.checkErrorMessage(NativeProtocol.java:687)
	at com.mysql.cj.protocol.a.NativeProtocol.checkErrorMessage(NativeProtocol.java:136)
	at com.mysql.cj.protocol.a.NativeAuthenticationProvider.proceedHandshakeWithPluggableAuthentication(NativeAuthenticationProvider.java:469)
	at com.mysql.cj.protocol.a.NativeAuthenticationProvider.connect(NativeAuthenticationProvider.java:174)
	at com.mysql.cj.protocol.a.NativeProtocol.connect(NativeProtocol.java:1350)
	at com.mysql.cj.NativeSession.connect(NativeSession.java:157)
	at com.mysql.cj.jdbc.ConnectionImpl.connectWithRetries(ConnectionImpl.java:847)
	... 54 common frames omitted
25-02-07.14:39:50.090 [scheduling-1    ] ERROR NoPayNotifyOrderJob    - 检测未接收到或未正确处理的支付回调通知失败
org.mybatis.spring.MyBatisSystemException: nested exception is org.apache.ibatis.exceptions.PersistenceException: 
### Error querying database.  Cause: org.springframework.jdbc.CannotGetJdbcConnectionException: Failed to obtain JDBC Connection; nested exception is java.sql.SQLNonTransientConnectionException: Could not create connection to database server. Attempted reconnect 3 times. Giving up.
### The error may exist in file [D:\Workspace\s-pay-mall-qiusu\s-pay-mall-controller\target\classes\mybatis\mapper\pay_order_mapper.xml]
### The error may involve org.example.dao.IOrderDao.queryNoPayNotifyOrder
### The error occurred while executing a query
### Cause: org.springframework.jdbc.CannotGetJdbcConnectionException: Failed to obtain JDBC Connection; nested exception is java.sql.SQLNonTransientConnectionException: Could not create connection to database server. Attempted reconnect 3 times. Giving up.
	at org.mybatis.spring.MyBatisExceptionTranslator.translateExceptionIfPossible(MyBatisExceptionTranslator.java:96)
	at org.mybatis.spring.SqlSessionTemplate$SqlSessionInterceptor.invoke(SqlSessionTemplate.java:441)
	at com.sun.proxy.$Proxy69.selectList(Unknown Source)
	at org.mybatis.spring.SqlSessionTemplate.selectList(SqlSessionTemplate.java:224)
	at org.apache.ibatis.binding.MapperMethod.executeForMany(MapperMethod.java:147)
	at org.apache.ibatis.binding.MapperMethod.execute(MapperMethod.java:80)
	at org.apache.ibatis.binding.MapperProxy$PlainMethodInvoker.invoke(MapperProxy.java:152)
	at org.apache.ibatis.binding.MapperProxy.invoke(MapperProxy.java:85)
	at com.sun.proxy.$Proxy70.queryNoPayNotifyOrder(Unknown Source)
	at org.example.service.impl.OrderServiceImpl.queryNoPayNotifyOrder(OrderServiceImpl.java:107)
	at org.example.job.NoPayNotifyOrderJob.exec(NoPayNotifyOrderJob.java:29)
	at sun.reflect.NativeMethodAccessorImpl.invoke0(Native Method)
	at sun.reflect.NativeMethodAccessorImpl.invoke(NativeMethodAccessorImpl.java:62)
	at sun.reflect.DelegatingMethodAccessorImpl.invoke(DelegatingMethodAccessorImpl.java:43)
	at java.lang.reflect.Method.invoke(Method.java:498)
	at org.springframework.scheduling.support.ScheduledMethodRunnable.run(ScheduledMethodRunnable.java:84)
	at org.springframework.scheduling.support.DelegatingErrorHandlingRunnable.run(DelegatingErrorHandlingRunnable.java:54)
	at org.springframework.scheduling.concurrent.ReschedulingRunnable.run(ReschedulingRunnable.java:95)
	at java.util.concurrent.Executors$RunnableAdapter.call(Executors.java:511)
	at java.util.concurrent.FutureTask.run$$$capture(FutureTask.java:266)
	at java.util.concurrent.FutureTask.run(FutureTask.java)
	at java.util.concurrent.ScheduledThreadPoolExecutor$ScheduledFutureTask.access$201(ScheduledThreadPoolExecutor.java:180)
	at java.util.concurrent.ScheduledThreadPoolExecutor$ScheduledFutureTask.run(ScheduledThreadPoolExecutor.java:293)
	at java.util.concurrent.ThreadPoolExecutor.runWorker(ThreadPoolExecutor.java:1149)
	at java.util.concurrent.ThreadPoolExecutor$Worker.run(ThreadPoolExecutor.java:624)
	at java.lang.Thread.run(Thread.java:750)
Caused by: org.apache.ibatis.exceptions.PersistenceException: 
### Error querying database.  Cause: org.springframework.jdbc.CannotGetJdbcConnectionException: Failed to obtain JDBC Connection; nested exception is java.sql.SQLNonTransientConnectionException: Could not create connection to database server. Attempted reconnect 3 times. Giving up.
### The error may exist in file [D:\Workspace\s-pay-mall-qiusu\s-pay-mall-controller\target\classes\mybatis\mapper\pay_order_mapper.xml]
### The error may involve org.example.dao.IOrderDao.queryNoPayNotifyOrder
### The error occurred while executing a query
### Cause: org.springframework.jdbc.CannotGetJdbcConnectionException: Failed to obtain JDBC Connection; nested exception is java.sql.SQLNonTransientConnectionException: Could not create connection to database server. Attempted reconnect 3 times. Giving up.
	at org.apache.ibatis.exceptions.ExceptionFactory.wrapException(ExceptionFactory.java:30)
	at org.apache.ibatis.session.defaults.DefaultSqlSession.selectList(DefaultSqlSession.java:149)
	at org.apache.ibatis.session.defaults.DefaultSqlSession.selectList(DefaultSqlSession.java:140)
	at sun.reflect.NativeMethodAccessorImpl.invoke0(Native Method)
	at sun.reflect.NativeMethodAccessorImpl.invoke(NativeMethodAccessorImpl.java:62)
	at sun.reflect.DelegatingMethodAccessorImpl.invoke(DelegatingMethodAccessorImpl.java:43)
	at java.lang.reflect.Method.invoke(Method.java:498)
	at org.mybatis.spring.SqlSessionTemplate$SqlSessionInterceptor.invoke(SqlSessionTemplate.java:427)
	... 24 common frames omitted
Caused by: org.springframework.jdbc.CannotGetJdbcConnectionException: Failed to obtain JDBC Connection; nested exception is java.sql.SQLNonTransientConnectionException: Could not create connection to database server. Attempted reconnect 3 times. Giving up.
	at org.springframework.jdbc.datasource.DataSourceUtils.getConnection(DataSourceUtils.java:83)
	at org.mybatis.spring.transaction.SpringManagedTransaction.openConnection(SpringManagedTransaction.java:80)
	at org.mybatis.spring.transaction.SpringManagedTransaction.getConnection(SpringManagedTransaction.java:67)
	at org.apache.ibatis.executor.BaseExecutor.getConnection(BaseExecutor.java:337)
	at org.apache.ibatis.executor.SimpleExecutor.prepareStatement(SimpleExecutor.java:86)
	at org.apache.ibatis.executor.SimpleExecutor.doQuery(SimpleExecutor.java:62)
	at org.apache.ibatis.executor.BaseExecutor.queryFromDatabase(BaseExecutor.java:325)
	at org.apache.ibatis.executor.BaseExecutor.query(BaseExecutor.java:156)
	at org.apache.ibatis.executor.CachingExecutor.query(CachingExecutor.java:109)
	at org.apache.ibatis.executor.CachingExecutor.query(CachingExecutor.java:89)
	at org.apache.ibatis.session.defaults.DefaultSqlSession.selectList(DefaultSqlSession.java:147)
	... 30 common frames omitted
Caused by: java.sql.SQLNonTransientConnectionException: Could not create connection to database server. Attempted reconnect 3 times. Giving up.
	at com.mysql.cj.jdbc.exceptions.SQLError.createSQLException(SQLError.java:110)
	at com.mysql.cj.jdbc.exceptions.SQLError.createSQLException(SQLError.java:97)
	at com.mysql.cj.jdbc.exceptions.SQLError.createSQLException(SQLError.java:89)
	at com.mysql.cj.jdbc.exceptions.SQLError.createSQLException(SQLError.java:63)
	at com.mysql.cj.jdbc.exceptions.SQLError.createSQLException(SQLError.java:73)
	at com.mysql.cj.jdbc.ConnectionImpl.connectWithRetries(ConnectionImpl.java:903)
	at com.mysql.cj.jdbc.ConnectionImpl.createNewIO(ConnectionImpl.java:828)
	at com.mysql.cj.jdbc.ConnectionImpl.<init>(ConnectionImpl.java:453)
	at com.mysql.cj.jdbc.ConnectionImpl.getInstance(ConnectionImpl.java:246)
	at com.mysql.cj.jdbc.NonRegisteringDriver.connect(NonRegisteringDriver.java:198)
	at com.zaxxer.hikari.util.DriverDataSource.getConnection(DriverDataSource.java:138)
	at com.zaxxer.hikari.pool.PoolBase.newConnection(PoolBase.java:364)
	at com.zaxxer.hikari.pool.PoolBase.newPoolEntry(PoolBase.java:206)
	at com.zaxxer.hikari.pool.HikariPool.createPoolEntry(HikariPool.java:476)
	at com.zaxxer.hikari.pool.HikariPool.checkFailFast(HikariPool.java:561)
	at com.zaxxer.hikari.pool.HikariPool.<init>(HikariPool.java:115)
	at com.zaxxer.hikari.HikariDataSource.getConnection(HikariDataSource.java:112)
	at org.springframework.jdbc.datasource.DataSourceUtils.fetchConnection(DataSourceUtils.java:159)
	at org.springframework.jdbc.datasource.DataSourceUtils.doGetConnection(DataSourceUtils.java:117)
	at org.springframework.jdbc.datasource.DataSourceUtils.getConnection(DataSourceUtils.java:80)
	... 40 common frames omitted
Caused by: com.mysql.cj.exceptions.CJException: Unknown database 's-pay-mall'
	at sun.reflect.NativeConstructorAccessorImpl.newInstance0(Native Method)
	at sun.reflect.NativeConstructorAccessorImpl.newInstance(NativeConstructorAccessorImpl.java:62)
	at sun.reflect.DelegatingConstructorAccessorImpl.newInstance(DelegatingConstructorAccessorImpl.java:45)
	at java.lang.reflect.Constructor.newInstance(Constructor.java:423)
	at com.mysql.cj.exceptions.ExceptionFactory.createException(ExceptionFactory.java:61)
	at com.mysql.cj.exceptions.ExceptionFactory.createException(ExceptionFactory.java:105)
	at com.mysql.cj.exceptions.ExceptionFactory.createException(ExceptionFactory.java:151)
	at com.mysql.cj.exceptions.ExceptionFactory.createException(ExceptionFactory.java:129)
	at com.mysql.cj.protocol.a.NativeProtocol.checkErrorMessage(NativeProtocol.java:794)
	at com.mysql.cj.protocol.a.NativeProtocol.checkErrorMessage(NativeProtocol.java:719)
	at com.mysql.cj.protocol.a.NativeProtocol.checkErrorMessage(NativeProtocol.java:687)
	at com.mysql.cj.protocol.a.NativeProtocol.checkErrorMessage(NativeProtocol.java:136)
	at com.mysql.cj.protocol.a.NativeAuthenticationProvider.proceedHandshakeWithPluggableAuthentication(NativeAuthenticationProvider.java:469)
	at com.mysql.cj.protocol.a.NativeAuthenticationProvider.connect(NativeAuthenticationProvider.java:174)
	at com.mysql.cj.protocol.a.NativeProtocol.connect(NativeProtocol.java:1350)
	at com.mysql.cj.NativeSession.connect(NativeSession.java:157)
	at com.mysql.cj.jdbc.ConnectionImpl.connectWithRetries(ConnectionImpl.java:847)
	... 54 common frames omitted
25-02-07.14:39:55.002 [scheduling-1    ] INFO  NoPayNotifyOrderJob    - 任务；检测未接收到或未正确处理的支付回调通知
25-02-07.14:39:55.002 [scheduling-1    ] INFO  HikariDataSource       - HikariPool-1 - Starting...
25-02-07.14:40:00.074 [scheduling-1    ] ERROR HikariPool             - HikariPool-1 - Exception during pool initialization.
java.sql.SQLNonTransientConnectionException: Could not create connection to database server. Attempted reconnect 3 times. Giving up.
	at com.mysql.cj.jdbc.exceptions.SQLError.createSQLException(SQLError.java:110)
	at com.mysql.cj.jdbc.exceptions.SQLError.createSQLException(SQLError.java:97)
	at com.mysql.cj.jdbc.exceptions.SQLError.createSQLException(SQLError.java:89)
	at com.mysql.cj.jdbc.exceptions.SQLError.createSQLException(SQLError.java:63)
	at com.mysql.cj.jdbc.exceptions.SQLError.createSQLException(SQLError.java:73)
	at com.mysql.cj.jdbc.ConnectionImpl.connectWithRetries(ConnectionImpl.java:903)
	at com.mysql.cj.jdbc.ConnectionImpl.createNewIO(ConnectionImpl.java:828)
	at com.mysql.cj.jdbc.ConnectionImpl.<init>(ConnectionImpl.java:453)
	at com.mysql.cj.jdbc.ConnectionImpl.getInstance(ConnectionImpl.java:246)
	at com.mysql.cj.jdbc.NonRegisteringDriver.connect(NonRegisteringDriver.java:198)
	at com.zaxxer.hikari.util.DriverDataSource.getConnection(DriverDataSource.java:138)
	at com.zaxxer.hikari.pool.PoolBase.newConnection(PoolBase.java:364)
	at com.zaxxer.hikari.pool.PoolBase.newPoolEntry(PoolBase.java:206)
	at com.zaxxer.hikari.pool.HikariPool.createPoolEntry(HikariPool.java:476)
	at com.zaxxer.hikari.pool.HikariPool.checkFailFast(HikariPool.java:561)
	at com.zaxxer.hikari.pool.HikariPool.<init>(HikariPool.java:115)
	at com.zaxxer.hikari.HikariDataSource.getConnection(HikariDataSource.java:112)
	at org.springframework.jdbc.datasource.DataSourceUtils.fetchConnection(DataSourceUtils.java:159)
	at org.springframework.jdbc.datasource.DataSourceUtils.doGetConnection(DataSourceUtils.java:117)
	at org.springframework.jdbc.datasource.DataSourceUtils.getConnection(DataSourceUtils.java:80)
	at org.mybatis.spring.transaction.SpringManagedTransaction.openConnection(SpringManagedTransaction.java:80)
	at org.mybatis.spring.transaction.SpringManagedTransaction.getConnection(SpringManagedTransaction.java:67)
	at org.apache.ibatis.executor.BaseExecutor.getConnection(BaseExecutor.java:337)
	at org.apache.ibatis.executor.SimpleExecutor.prepareStatement(SimpleExecutor.java:86)
	at org.apache.ibatis.executor.SimpleExecutor.doQuery(SimpleExecutor.java:62)
	at org.apache.ibatis.executor.BaseExecutor.queryFromDatabase(BaseExecutor.java:325)
	at org.apache.ibatis.executor.BaseExecutor.query(BaseExecutor.java:156)
	at org.apache.ibatis.executor.CachingExecutor.query(CachingExecutor.java:109)
	at org.apache.ibatis.executor.CachingExecutor.query(CachingExecutor.java:89)
	at org.apache.ibatis.session.defaults.DefaultSqlSession.selectList(DefaultSqlSession.java:147)
	at org.apache.ibatis.session.defaults.DefaultSqlSession.selectList(DefaultSqlSession.java:140)
	at sun.reflect.NativeMethodAccessorImpl.invoke0(Native Method)
	at sun.reflect.NativeMethodAccessorImpl.invoke(NativeMethodAccessorImpl.java:62)
	at sun.reflect.DelegatingMethodAccessorImpl.invoke(DelegatingMethodAccessorImpl.java:43)
	at java.lang.reflect.Method.invoke(Method.java:498)
	at org.mybatis.spring.SqlSessionTemplate$SqlSessionInterceptor.invoke(SqlSessionTemplate.java:427)
	at com.sun.proxy.$Proxy69.selectList(Unknown Source)
	at org.mybatis.spring.SqlSessionTemplate.selectList(SqlSessionTemplate.java:224)
	at org.apache.ibatis.binding.MapperMethod.executeForMany(MapperMethod.java:147)
	at org.apache.ibatis.binding.MapperMethod.execute(MapperMethod.java:80)
	at org.apache.ibatis.binding.MapperProxy$PlainMethodInvoker.invoke(MapperProxy.java:152)
	at org.apache.ibatis.binding.MapperProxy.invoke(MapperProxy.java:85)
	at com.sun.proxy.$Proxy70.queryNoPayNotifyOrder(Unknown Source)
	at org.example.service.impl.OrderServiceImpl.queryNoPayNotifyOrder(OrderServiceImpl.java:107)
	at org.example.job.NoPayNotifyOrderJob.exec(NoPayNotifyOrderJob.java:29)
	at sun.reflect.NativeMethodAccessorImpl.invoke0(Native Method)
	at sun.reflect.NativeMethodAccessorImpl.invoke(NativeMethodAccessorImpl.java:62)
	at sun.reflect.DelegatingMethodAccessorImpl.invoke(DelegatingMethodAccessorImpl.java:43)
	at java.lang.reflect.Method.invoke(Method.java:498)
	at org.springframework.scheduling.support.ScheduledMethodRunnable.run(ScheduledMethodRunnable.java:84)
	at org.springframework.scheduling.support.DelegatingErrorHandlingRunnable.run(DelegatingErrorHandlingRunnable.java:54)
	at org.springframework.scheduling.concurrent.ReschedulingRunnable.run(ReschedulingRunnable.java:95)
	at java.util.concurrent.Executors$RunnableAdapter.call(Executors.java:511)
	at java.util.concurrent.FutureTask.run$$$capture(FutureTask.java:266)
	at java.util.concurrent.FutureTask.run(FutureTask.java)
	at java.util.concurrent.ScheduledThreadPoolExecutor$ScheduledFutureTask.access$201(ScheduledThreadPoolExecutor.java:180)
	at java.util.concurrent.ScheduledThreadPoolExecutor$ScheduledFutureTask.run(ScheduledThreadPoolExecutor.java:293)
	at java.util.concurrent.ThreadPoolExecutor.runWorker(ThreadPoolExecutor.java:1149)
	at java.util.concurrent.ThreadPoolExecutor$Worker.run(ThreadPoolExecutor.java:624)
	at java.lang.Thread.run(Thread.java:750)
Caused by: com.mysql.cj.exceptions.CJException: Unknown database 's-pay-mall'
	at sun.reflect.NativeConstructorAccessorImpl.newInstance0(Native Method)
	at sun.reflect.NativeConstructorAccessorImpl.newInstance(NativeConstructorAccessorImpl.java:62)
	at sun.reflect.DelegatingConstructorAccessorImpl.newInstance(DelegatingConstructorAccessorImpl.java:45)
	at java.lang.reflect.Constructor.newInstance(Constructor.java:423)
	at com.mysql.cj.exceptions.ExceptionFactory.createException(ExceptionFactory.java:61)
	at com.mysql.cj.exceptions.ExceptionFactory.createException(ExceptionFactory.java:105)
	at com.mysql.cj.exceptions.ExceptionFactory.createException(ExceptionFactory.java:151)
	at com.mysql.cj.exceptions.ExceptionFactory.createException(ExceptionFactory.java:129)
	at com.mysql.cj.protocol.a.NativeProtocol.checkErrorMessage(NativeProtocol.java:794)
	at com.mysql.cj.protocol.a.NativeProtocol.checkErrorMessage(NativeProtocol.java:719)
	at com.mysql.cj.protocol.a.NativeProtocol.checkErrorMessage(NativeProtocol.java:687)
	at com.mysql.cj.protocol.a.NativeProtocol.checkErrorMessage(NativeProtocol.java:136)
	at com.mysql.cj.protocol.a.NativeAuthenticationProvider.proceedHandshakeWithPluggableAuthentication(NativeAuthenticationProvider.java:469)
	at com.mysql.cj.protocol.a.NativeAuthenticationProvider.connect(NativeAuthenticationProvider.java:174)
	at com.mysql.cj.protocol.a.NativeProtocol.connect(NativeProtocol.java:1350)
	at com.mysql.cj.NativeSession.connect(NativeSession.java:157)
	at com.mysql.cj.jdbc.ConnectionImpl.connectWithRetries(ConnectionImpl.java:847)
	... 54 common frames omitted
25-02-07.14:40:00.075 [scheduling-1    ] ERROR NoPayNotifyOrderJob    - 检测未接收到或未正确处理的支付回调通知失败
org.mybatis.spring.MyBatisSystemException: nested exception is org.apache.ibatis.exceptions.PersistenceException: 
### Error querying database.  Cause: org.springframework.jdbc.CannotGetJdbcConnectionException: Failed to obtain JDBC Connection; nested exception is java.sql.SQLNonTransientConnectionException: Could not create connection to database server. Attempted reconnect 3 times. Giving up.
### The error may exist in file [D:\Workspace\s-pay-mall-qiusu\s-pay-mall-controller\target\classes\mybatis\mapper\pay_order_mapper.xml]
### The error may involve org.example.dao.IOrderDao.queryNoPayNotifyOrder
### The error occurred while executing a query
### Cause: org.springframework.jdbc.CannotGetJdbcConnectionException: Failed to obtain JDBC Connection; nested exception is java.sql.SQLNonTransientConnectionException: Could not create connection to database server. Attempted reconnect 3 times. Giving up.
	at org.mybatis.spring.MyBatisExceptionTranslator.translateExceptionIfPossible(MyBatisExceptionTranslator.java:96)
	at org.mybatis.spring.SqlSessionTemplate$SqlSessionInterceptor.invoke(SqlSessionTemplate.java:441)
	at com.sun.proxy.$Proxy69.selectList(Unknown Source)
	at org.mybatis.spring.SqlSessionTemplate.selectList(SqlSessionTemplate.java:224)
	at org.apache.ibatis.binding.MapperMethod.executeForMany(MapperMethod.java:147)
	at org.apache.ibatis.binding.MapperMethod.execute(MapperMethod.java:80)
	at org.apache.ibatis.binding.MapperProxy$PlainMethodInvoker.invoke(MapperProxy.java:152)
	at org.apache.ibatis.binding.MapperProxy.invoke(MapperProxy.java:85)
	at com.sun.proxy.$Proxy70.queryNoPayNotifyOrder(Unknown Source)
	at org.example.service.impl.OrderServiceImpl.queryNoPayNotifyOrder(OrderServiceImpl.java:107)
	at org.example.job.NoPayNotifyOrderJob.exec(NoPayNotifyOrderJob.java:29)
	at sun.reflect.NativeMethodAccessorImpl.invoke0(Native Method)
	at sun.reflect.NativeMethodAccessorImpl.invoke(NativeMethodAccessorImpl.java:62)
	at sun.reflect.DelegatingMethodAccessorImpl.invoke(DelegatingMethodAccessorImpl.java:43)
	at java.lang.reflect.Method.invoke(Method.java:498)
	at org.springframework.scheduling.support.ScheduledMethodRunnable.run(ScheduledMethodRunnable.java:84)
	at org.springframework.scheduling.support.DelegatingErrorHandlingRunnable.run(DelegatingErrorHandlingRunnable.java:54)
	at org.springframework.scheduling.concurrent.ReschedulingRunnable.run(ReschedulingRunnable.java:95)
	at java.util.concurrent.Executors$RunnableAdapter.call(Executors.java:511)
	at java.util.concurrent.FutureTask.run$$$capture(FutureTask.java:266)
	at java.util.concurrent.FutureTask.run(FutureTask.java)
	at java.util.concurrent.ScheduledThreadPoolExecutor$ScheduledFutureTask.access$201(ScheduledThreadPoolExecutor.java:180)
	at java.util.concurrent.ScheduledThreadPoolExecutor$ScheduledFutureTask.run(ScheduledThreadPoolExecutor.java:293)
	at java.util.concurrent.ThreadPoolExecutor.runWorker(ThreadPoolExecutor.java:1149)
	at java.util.concurrent.ThreadPoolExecutor$Worker.run(ThreadPoolExecutor.java:624)
	at java.lang.Thread.run(Thread.java:750)
Caused by: org.apache.ibatis.exceptions.PersistenceException: 
### Error querying database.  Cause: org.springframework.jdbc.CannotGetJdbcConnectionException: Failed to obtain JDBC Connection; nested exception is java.sql.SQLNonTransientConnectionException: Could not create connection to database server. Attempted reconnect 3 times. Giving up.
### The error may exist in file [D:\Workspace\s-pay-mall-qiusu\s-pay-mall-controller\target\classes\mybatis\mapper\pay_order_mapper.xml]
### The error may involve org.example.dao.IOrderDao.queryNoPayNotifyOrder
### The error occurred while executing a query
### Cause: org.springframework.jdbc.CannotGetJdbcConnectionException: Failed to obtain JDBC Connection; nested exception is java.sql.SQLNonTransientConnectionException: Could not create connection to database server. Attempted reconnect 3 times. Giving up.
	at org.apache.ibatis.exceptions.ExceptionFactory.wrapException(ExceptionFactory.java:30)
	at org.apache.ibatis.session.defaults.DefaultSqlSession.selectList(DefaultSqlSession.java:149)
	at org.apache.ibatis.session.defaults.DefaultSqlSession.selectList(DefaultSqlSession.java:140)
	at sun.reflect.NativeMethodAccessorImpl.invoke0(Native Method)
	at sun.reflect.NativeMethodAccessorImpl.invoke(NativeMethodAccessorImpl.java:62)
	at sun.reflect.DelegatingMethodAccessorImpl.invoke(DelegatingMethodAccessorImpl.java:43)
	at java.lang.reflect.Method.invoke(Method.java:498)
	at org.mybatis.spring.SqlSessionTemplate$SqlSessionInterceptor.invoke(SqlSessionTemplate.java:427)
	... 24 common frames omitted
Caused by: org.springframework.jdbc.CannotGetJdbcConnectionException: Failed to obtain JDBC Connection; nested exception is java.sql.SQLNonTransientConnectionException: Could not create connection to database server. Attempted reconnect 3 times. Giving up.
	at org.springframework.jdbc.datasource.DataSourceUtils.getConnection(DataSourceUtils.java:83)
	at org.mybatis.spring.transaction.SpringManagedTransaction.openConnection(SpringManagedTransaction.java:80)
	at org.mybatis.spring.transaction.SpringManagedTransaction.getConnection(SpringManagedTransaction.java:67)
	at org.apache.ibatis.executor.BaseExecutor.getConnection(BaseExecutor.java:337)
	at org.apache.ibatis.executor.SimpleExecutor.prepareStatement(SimpleExecutor.java:86)
	at org.apache.ibatis.executor.SimpleExecutor.doQuery(SimpleExecutor.java:62)
	at org.apache.ibatis.executor.BaseExecutor.queryFromDatabase(BaseExecutor.java:325)
	at org.apache.ibatis.executor.BaseExecutor.query(BaseExecutor.java:156)
	at org.apache.ibatis.executor.CachingExecutor.query(CachingExecutor.java:109)
	at org.apache.ibatis.executor.CachingExecutor.query(CachingExecutor.java:89)
	at org.apache.ibatis.session.defaults.DefaultSqlSession.selectList(DefaultSqlSession.java:147)
	... 30 common frames omitted
Caused by: java.sql.SQLNonTransientConnectionException: Could not create connection to database server. Attempted reconnect 3 times. Giving up.
	at com.mysql.cj.jdbc.exceptions.SQLError.createSQLException(SQLError.java:110)
	at com.mysql.cj.jdbc.exceptions.SQLError.createSQLException(SQLError.java:97)
	at com.mysql.cj.jdbc.exceptions.SQLError.createSQLException(SQLError.java:89)
	at com.mysql.cj.jdbc.exceptions.SQLError.createSQLException(SQLError.java:63)
	at com.mysql.cj.jdbc.exceptions.SQLError.createSQLException(SQLError.java:73)
	at com.mysql.cj.jdbc.ConnectionImpl.connectWithRetries(ConnectionImpl.java:903)
	at com.mysql.cj.jdbc.ConnectionImpl.createNewIO(ConnectionImpl.java:828)
	at com.mysql.cj.jdbc.ConnectionImpl.<init>(ConnectionImpl.java:453)
	at com.mysql.cj.jdbc.ConnectionImpl.getInstance(ConnectionImpl.java:246)
	at com.mysql.cj.jdbc.NonRegisteringDriver.connect(NonRegisteringDriver.java:198)
	at com.zaxxer.hikari.util.DriverDataSource.getConnection(DriverDataSource.java:138)
	at com.zaxxer.hikari.pool.PoolBase.newConnection(PoolBase.java:364)
	at com.zaxxer.hikari.pool.PoolBase.newPoolEntry(PoolBase.java:206)
	at com.zaxxer.hikari.pool.HikariPool.createPoolEntry(HikariPool.java:476)
	at com.zaxxer.hikari.pool.HikariPool.checkFailFast(HikariPool.java:561)
	at com.zaxxer.hikari.pool.HikariPool.<init>(HikariPool.java:115)
	at com.zaxxer.hikari.HikariDataSource.getConnection(HikariDataSource.java:112)
	at org.springframework.jdbc.datasource.DataSourceUtils.fetchConnection(DataSourceUtils.java:159)
	at org.springframework.jdbc.datasource.DataSourceUtils.doGetConnection(DataSourceUtils.java:117)
	at org.springframework.jdbc.datasource.DataSourceUtils.getConnection(DataSourceUtils.java:80)
	... 40 common frames omitted
Caused by: com.mysql.cj.exceptions.CJException: Unknown database 's-pay-mall'
	at sun.reflect.NativeConstructorAccessorImpl.newInstance0(Native Method)
	at sun.reflect.NativeConstructorAccessorImpl.newInstance(NativeConstructorAccessorImpl.java:62)
	at sun.reflect.DelegatingConstructorAccessorImpl.newInstance(DelegatingConstructorAccessorImpl.java:45)
	at java.lang.reflect.Constructor.newInstance(Constructor.java:423)
	at com.mysql.cj.exceptions.ExceptionFactory.createException(ExceptionFactory.java:61)
	at com.mysql.cj.exceptions.ExceptionFactory.createException(ExceptionFactory.java:105)
	at com.mysql.cj.exceptions.ExceptionFactory.createException(ExceptionFactory.java:151)
	at com.mysql.cj.exceptions.ExceptionFactory.createException(ExceptionFactory.java:129)
	at com.mysql.cj.protocol.a.NativeProtocol.checkErrorMessage(NativeProtocol.java:794)
	at com.mysql.cj.protocol.a.NativeProtocol.checkErrorMessage(NativeProtocol.java:719)
	at com.mysql.cj.protocol.a.NativeProtocol.checkErrorMessage(NativeProtocol.java:687)
	at com.mysql.cj.protocol.a.NativeProtocol.checkErrorMessage(NativeProtocol.java:136)
	at com.mysql.cj.protocol.a.NativeAuthenticationProvider.proceedHandshakeWithPluggableAuthentication(NativeAuthenticationProvider.java:469)
	at com.mysql.cj.protocol.a.NativeAuthenticationProvider.connect(NativeAuthenticationProvider.java:174)
	at com.mysql.cj.protocol.a.NativeProtocol.connect(NativeProtocol.java:1350)
	at com.mysql.cj.NativeSession.connect(NativeSession.java:157)
	at com.mysql.cj.jdbc.ConnectionImpl.connectWithRetries(ConnectionImpl.java:847)
	... 54 common frames omitted
25-02-07.14:40:00.076 [scheduling-1    ] INFO  TimeoutCloseOrderJob   - 任务；超时30分钟订单关闭
25-02-07.14:40:00.076 [scheduling-1    ] INFO  HikariDataSource       - HikariPool-1 - Starting...
25-02-07.14:40:05.159 [scheduling-1    ] ERROR HikariPool             - HikariPool-1 - Exception during pool initialization.
java.sql.SQLNonTransientConnectionException: Could not create connection to database server. Attempted reconnect 3 times. Giving up.
	at com.mysql.cj.jdbc.exceptions.SQLError.createSQLException(SQLError.java:110)
	at com.mysql.cj.jdbc.exceptions.SQLError.createSQLException(SQLError.java:97)
	at com.mysql.cj.jdbc.exceptions.SQLError.createSQLException(SQLError.java:89)
	at com.mysql.cj.jdbc.exceptions.SQLError.createSQLException(SQLError.java:63)
	at com.mysql.cj.jdbc.exceptions.SQLError.createSQLException(SQLError.java:73)
	at com.mysql.cj.jdbc.ConnectionImpl.connectWithRetries(ConnectionImpl.java:903)
	at com.mysql.cj.jdbc.ConnectionImpl.createNewIO(ConnectionImpl.java:828)
	at com.mysql.cj.jdbc.ConnectionImpl.<init>(ConnectionImpl.java:453)
	at com.mysql.cj.jdbc.ConnectionImpl.getInstance(ConnectionImpl.java:246)
	at com.mysql.cj.jdbc.NonRegisteringDriver.connect(NonRegisteringDriver.java:198)
	at com.zaxxer.hikari.util.DriverDataSource.getConnection(DriverDataSource.java:138)
	at com.zaxxer.hikari.pool.PoolBase.newConnection(PoolBase.java:364)
	at com.zaxxer.hikari.pool.PoolBase.newPoolEntry(PoolBase.java:206)
	at com.zaxxer.hikari.pool.HikariPool.createPoolEntry(HikariPool.java:476)
	at com.zaxxer.hikari.pool.HikariPool.checkFailFast(HikariPool.java:561)
	at com.zaxxer.hikari.pool.HikariPool.<init>(HikariPool.java:115)
	at com.zaxxer.hikari.HikariDataSource.getConnection(HikariDataSource.java:112)
	at org.springframework.jdbc.datasource.DataSourceUtils.fetchConnection(DataSourceUtils.java:159)
	at org.springframework.jdbc.datasource.DataSourceUtils.doGetConnection(DataSourceUtils.java:117)
	at org.springframework.jdbc.datasource.DataSourceUtils.getConnection(DataSourceUtils.java:80)
	at org.mybatis.spring.transaction.SpringManagedTransaction.openConnection(SpringManagedTransaction.java:80)
	at org.mybatis.spring.transaction.SpringManagedTransaction.getConnection(SpringManagedTransaction.java:67)
	at org.apache.ibatis.executor.BaseExecutor.getConnection(BaseExecutor.java:337)
	at org.apache.ibatis.executor.SimpleExecutor.prepareStatement(SimpleExecutor.java:86)
	at org.apache.ibatis.executor.SimpleExecutor.doQuery(SimpleExecutor.java:62)
	at org.apache.ibatis.executor.BaseExecutor.queryFromDatabase(BaseExecutor.java:325)
	at org.apache.ibatis.executor.BaseExecutor.query(BaseExecutor.java:156)
	at org.apache.ibatis.executor.CachingExecutor.query(CachingExecutor.java:109)
	at org.apache.ibatis.executor.CachingExecutor.query(CachingExecutor.java:89)
	at org.apache.ibatis.session.defaults.DefaultSqlSession.selectList(DefaultSqlSession.java:147)
	at org.apache.ibatis.session.defaults.DefaultSqlSession.selectList(DefaultSqlSession.java:140)
	at sun.reflect.NativeMethodAccessorImpl.invoke0(Native Method)
	at sun.reflect.NativeMethodAccessorImpl.invoke(NativeMethodAccessorImpl.java:62)
	at sun.reflect.DelegatingMethodAccessorImpl.invoke(DelegatingMethodAccessorImpl.java:43)
	at java.lang.reflect.Method.invoke(Method.java:498)
	at org.mybatis.spring.SqlSessionTemplate$SqlSessionInterceptor.invoke(SqlSessionTemplate.java:427)
	at com.sun.proxy.$Proxy69.selectList(Unknown Source)
	at org.mybatis.spring.SqlSessionTemplate.selectList(SqlSessionTemplate.java:224)
	at org.apache.ibatis.binding.MapperMethod.executeForMany(MapperMethod.java:147)
	at org.apache.ibatis.binding.MapperMethod.execute(MapperMethod.java:80)
	at org.apache.ibatis.binding.MapperProxy$PlainMethodInvoker.invoke(MapperProxy.java:152)
	at org.apache.ibatis.binding.MapperProxy.invoke(MapperProxy.java:85)
	at com.sun.proxy.$Proxy70.queryTimeoutCloseOrderList(Unknown Source)
	at org.example.service.impl.OrderServiceImpl.queryTimeoutCloseOrderList(OrderServiceImpl.java:112)
	at org.example.job.TimeoutCloseOrderJob.exec(TimeoutCloseOrderJob.java:26)
	at sun.reflect.NativeMethodAccessorImpl.invoke0(Native Method)
	at sun.reflect.NativeMethodAccessorImpl.invoke(NativeMethodAccessorImpl.java:62)
	at sun.reflect.DelegatingMethodAccessorImpl.invoke(DelegatingMethodAccessorImpl.java:43)
	at java.lang.reflect.Method.invoke(Method.java:498)
	at org.springframework.scheduling.support.ScheduledMethodRunnable.run(ScheduledMethodRunnable.java:84)
	at org.springframework.scheduling.support.DelegatingErrorHandlingRunnable.run(DelegatingErrorHandlingRunnable.java:54)
	at org.springframework.scheduling.concurrent.ReschedulingRunnable.run(ReschedulingRunnable.java:95)
	at java.util.concurrent.Executors$RunnableAdapter.call(Executors.java:511)
	at java.util.concurrent.FutureTask.run$$$capture(FutureTask.java:266)
	at java.util.concurrent.FutureTask.run(FutureTask.java)
	at java.util.concurrent.ScheduledThreadPoolExecutor$ScheduledFutureTask.access$201(ScheduledThreadPoolExecutor.java:180)
	at java.util.concurrent.ScheduledThreadPoolExecutor$ScheduledFutureTask.run(ScheduledThreadPoolExecutor.java:293)
	at java.util.concurrent.ThreadPoolExecutor.runWorker(ThreadPoolExecutor.java:1149)
	at java.util.concurrent.ThreadPoolExecutor$Worker.run(ThreadPoolExecutor.java:624)
	at java.lang.Thread.run(Thread.java:750)
Caused by: com.mysql.cj.exceptions.CJException: Unknown database 's-pay-mall'
	at sun.reflect.GeneratedConstructorAccessor47.newInstance(Unknown Source)
	at sun.reflect.DelegatingConstructorAccessorImpl.newInstance(DelegatingConstructorAccessorImpl.java:45)
	at java.lang.reflect.Constructor.newInstance(Constructor.java:423)
	at com.mysql.cj.exceptions.ExceptionFactory.createException(ExceptionFactory.java:61)
	at com.mysql.cj.exceptions.ExceptionFactory.createException(ExceptionFactory.java:105)
	at com.mysql.cj.exceptions.ExceptionFactory.createException(ExceptionFactory.java:151)
	at com.mysql.cj.exceptions.ExceptionFactory.createException(ExceptionFactory.java:129)
	at com.mysql.cj.protocol.a.NativeProtocol.checkErrorMessage(NativeProtocol.java:794)
	at com.mysql.cj.protocol.a.NativeProtocol.checkErrorMessage(NativeProtocol.java:719)
	at com.mysql.cj.protocol.a.NativeProtocol.checkErrorMessage(NativeProtocol.java:687)
	at com.mysql.cj.protocol.a.NativeProtocol.checkErrorMessage(NativeProtocol.java:136)
	at com.mysql.cj.protocol.a.NativeAuthenticationProvider.proceedHandshakeWithPluggableAuthentication(NativeAuthenticationProvider.java:469)
	at com.mysql.cj.protocol.a.NativeAuthenticationProvider.connect(NativeAuthenticationProvider.java:174)
	at com.mysql.cj.protocol.a.NativeProtocol.connect(NativeProtocol.java:1350)
	at com.mysql.cj.NativeSession.connect(NativeSession.java:157)
	at com.mysql.cj.jdbc.ConnectionImpl.connectWithRetries(ConnectionImpl.java:847)
	... 54 common frames omitted
25-02-07.14:40:05.159 [scheduling-1    ] ERROR TimeoutCloseOrderJob   - 定时任务，超时15分钟订单关闭失败
org.mybatis.spring.MyBatisSystemException: nested exception is org.apache.ibatis.exceptions.PersistenceException: 
### Error querying database.  Cause: org.springframework.jdbc.CannotGetJdbcConnectionException: Failed to obtain JDBC Connection; nested exception is java.sql.SQLNonTransientConnectionException: Could not create connection to database server. Attempted reconnect 3 times. Giving up.
### The error may exist in file [D:\Workspace\s-pay-mall-qiusu\s-pay-mall-controller\target\classes\mybatis\mapper\pay_order_mapper.xml]
### The error may involve org.example.dao.IOrderDao.queryTimeoutCloseOrderList
### The error occurred while executing a query
### Cause: org.springframework.jdbc.CannotGetJdbcConnectionException: Failed to obtain JDBC Connection; nested exception is java.sql.SQLNonTransientConnectionException: Could not create connection to database server. Attempted reconnect 3 times. Giving up.
	at org.mybatis.spring.MyBatisExceptionTranslator.translateExceptionIfPossible(MyBatisExceptionTranslator.java:96)
	at org.mybatis.spring.SqlSessionTemplate$SqlSessionInterceptor.invoke(SqlSessionTemplate.java:441)
	at com.sun.proxy.$Proxy69.selectList(Unknown Source)
	at org.mybatis.spring.SqlSessionTemplate.selectList(SqlSessionTemplate.java:224)
	at org.apache.ibatis.binding.MapperMethod.executeForMany(MapperMethod.java:147)
	at org.apache.ibatis.binding.MapperMethod.execute(MapperMethod.java:80)
	at org.apache.ibatis.binding.MapperProxy$PlainMethodInvoker.invoke(MapperProxy.java:152)
	at org.apache.ibatis.binding.MapperProxy.invoke(MapperProxy.java:85)
	at com.sun.proxy.$Proxy70.queryTimeoutCloseOrderList(Unknown Source)
	at org.example.service.impl.OrderServiceImpl.queryTimeoutCloseOrderList(OrderServiceImpl.java:112)
	at org.example.job.TimeoutCloseOrderJob.exec(TimeoutCloseOrderJob.java:26)
	at sun.reflect.NativeMethodAccessorImpl.invoke0(Native Method)
	at sun.reflect.NativeMethodAccessorImpl.invoke(NativeMethodAccessorImpl.java:62)
	at sun.reflect.DelegatingMethodAccessorImpl.invoke(DelegatingMethodAccessorImpl.java:43)
	at java.lang.reflect.Method.invoke(Method.java:498)
	at org.springframework.scheduling.support.ScheduledMethodRunnable.run(ScheduledMethodRunnable.java:84)
	at org.springframework.scheduling.support.DelegatingErrorHandlingRunnable.run(DelegatingErrorHandlingRunnable.java:54)
	at org.springframework.scheduling.concurrent.ReschedulingRunnable.run(ReschedulingRunnable.java:95)
	at java.util.concurrent.Executors$RunnableAdapter.call(Executors.java:511)
	at java.util.concurrent.FutureTask.run$$$capture(FutureTask.java:266)
	at java.util.concurrent.FutureTask.run(FutureTask.java)
	at java.util.concurrent.ScheduledThreadPoolExecutor$ScheduledFutureTask.access$201(ScheduledThreadPoolExecutor.java:180)
	at java.util.concurrent.ScheduledThreadPoolExecutor$ScheduledFutureTask.run(ScheduledThreadPoolExecutor.java:293)
	at java.util.concurrent.ThreadPoolExecutor.runWorker(ThreadPoolExecutor.java:1149)
	at java.util.concurrent.ThreadPoolExecutor$Worker.run(ThreadPoolExecutor.java:624)
	at java.lang.Thread.run(Thread.java:750)
Caused by: org.apache.ibatis.exceptions.PersistenceException: 
### Error querying database.  Cause: org.springframework.jdbc.CannotGetJdbcConnectionException: Failed to obtain JDBC Connection; nested exception is java.sql.SQLNonTransientConnectionException: Could not create connection to database server. Attempted reconnect 3 times. Giving up.
### The error may exist in file [D:\Workspace\s-pay-mall-qiusu\s-pay-mall-controller\target\classes\mybatis\mapper\pay_order_mapper.xml]
### The error may involve org.example.dao.IOrderDao.queryTimeoutCloseOrderList
### The error occurred while executing a query
### Cause: org.springframework.jdbc.CannotGetJdbcConnectionException: Failed to obtain JDBC Connection; nested exception is java.sql.SQLNonTransientConnectionException: Could not create connection to database server. Attempted reconnect 3 times. Giving up.
	at org.apache.ibatis.exceptions.ExceptionFactory.wrapException(ExceptionFactory.java:30)
	at org.apache.ibatis.session.defaults.DefaultSqlSession.selectList(DefaultSqlSession.java:149)
	at org.apache.ibatis.session.defaults.DefaultSqlSession.selectList(DefaultSqlSession.java:140)
	at sun.reflect.NativeMethodAccessorImpl.invoke0(Native Method)
	at sun.reflect.NativeMethodAccessorImpl.invoke(NativeMethodAccessorImpl.java:62)
	at sun.reflect.DelegatingMethodAccessorImpl.invoke(DelegatingMethodAccessorImpl.java:43)
	at java.lang.reflect.Method.invoke(Method.java:498)
	at org.mybatis.spring.SqlSessionTemplate$SqlSessionInterceptor.invoke(SqlSessionTemplate.java:427)
	... 24 common frames omitted
Caused by: org.springframework.jdbc.CannotGetJdbcConnectionException: Failed to obtain JDBC Connection; nested exception is java.sql.SQLNonTransientConnectionException: Could not create connection to database server. Attempted reconnect 3 times. Giving up.
	at org.springframework.jdbc.datasource.DataSourceUtils.getConnection(DataSourceUtils.java:83)
	at org.mybatis.spring.transaction.SpringManagedTransaction.openConnection(SpringManagedTransaction.java:80)
	at org.mybatis.spring.transaction.SpringManagedTransaction.getConnection(SpringManagedTransaction.java:67)
	at org.apache.ibatis.executor.BaseExecutor.getConnection(BaseExecutor.java:337)
	at org.apache.ibatis.executor.SimpleExecutor.prepareStatement(SimpleExecutor.java:86)
	at org.apache.ibatis.executor.SimpleExecutor.doQuery(SimpleExecutor.java:62)
	at org.apache.ibatis.executor.BaseExecutor.queryFromDatabase(BaseExecutor.java:325)
	at org.apache.ibatis.executor.BaseExecutor.query(BaseExecutor.java:156)
	at org.apache.ibatis.executor.CachingExecutor.query(CachingExecutor.java:109)
	at org.apache.ibatis.executor.CachingExecutor.query(CachingExecutor.java:89)
	at org.apache.ibatis.session.defaults.DefaultSqlSession.selectList(DefaultSqlSession.java:147)
	... 30 common frames omitted
Caused by: java.sql.SQLNonTransientConnectionException: Could not create connection to database server. Attempted reconnect 3 times. Giving up.
	at com.mysql.cj.jdbc.exceptions.SQLError.createSQLException(SQLError.java:110)
	at com.mysql.cj.jdbc.exceptions.SQLError.createSQLException(SQLError.java:97)
	at com.mysql.cj.jdbc.exceptions.SQLError.createSQLException(SQLError.java:89)
	at com.mysql.cj.jdbc.exceptions.SQLError.createSQLException(SQLError.java:63)
	at com.mysql.cj.jdbc.exceptions.SQLError.createSQLException(SQLError.java:73)
	at com.mysql.cj.jdbc.ConnectionImpl.connectWithRetries(ConnectionImpl.java:903)
	at com.mysql.cj.jdbc.ConnectionImpl.createNewIO(ConnectionImpl.java:828)
	at com.mysql.cj.jdbc.ConnectionImpl.<init>(ConnectionImpl.java:453)
	at com.mysql.cj.jdbc.ConnectionImpl.getInstance(ConnectionImpl.java:246)
	at com.mysql.cj.jdbc.NonRegisteringDriver.connect(NonRegisteringDriver.java:198)
	at com.zaxxer.hikari.util.DriverDataSource.getConnection(DriverDataSource.java:138)
	at com.zaxxer.hikari.pool.PoolBase.newConnection(PoolBase.java:364)
	at com.zaxxer.hikari.pool.PoolBase.newPoolEntry(PoolBase.java:206)
	at com.zaxxer.hikari.pool.HikariPool.createPoolEntry(HikariPool.java:476)
	at com.zaxxer.hikari.pool.HikariPool.checkFailFast(HikariPool.java:561)
	at com.zaxxer.hikari.pool.HikariPool.<init>(HikariPool.java:115)
	at com.zaxxer.hikari.HikariDataSource.getConnection(HikariDataSource.java:112)
	at org.springframework.jdbc.datasource.DataSourceUtils.fetchConnection(DataSourceUtils.java:159)
	at org.springframework.jdbc.datasource.DataSourceUtils.doGetConnection(DataSourceUtils.java:117)
	at org.springframework.jdbc.datasource.DataSourceUtils.getConnection(DataSourceUtils.java:80)
	... 40 common frames omitted
Caused by: com.mysql.cj.exceptions.CJException: Unknown database 's-pay-mall'
	at sun.reflect.GeneratedConstructorAccessor47.newInstance(Unknown Source)
	at sun.reflect.DelegatingConstructorAccessorImpl.newInstance(DelegatingConstructorAccessorImpl.java:45)
	at java.lang.reflect.Constructor.newInstance(Constructor.java:423)
	at com.mysql.cj.exceptions.ExceptionFactory.createException(ExceptionFactory.java:61)
	at com.mysql.cj.exceptions.ExceptionFactory.createException(ExceptionFactory.java:105)
	at com.mysql.cj.exceptions.ExceptionFactory.createException(ExceptionFactory.java:151)
	at com.mysql.cj.exceptions.ExceptionFactory.createException(ExceptionFactory.java:129)
	at com.mysql.cj.protocol.a.NativeProtocol.checkErrorMessage(NativeProtocol.java:794)
	at com.mysql.cj.protocol.a.NativeProtocol.checkErrorMessage(NativeProtocol.java:719)
	at com.mysql.cj.protocol.a.NativeProtocol.checkErrorMessage(NativeProtocol.java:687)
	at com.mysql.cj.protocol.a.NativeProtocol.checkErrorMessage(NativeProtocol.java:136)
	at com.mysql.cj.protocol.a.NativeAuthenticationProvider.proceedHandshakeWithPluggableAuthentication(NativeAuthenticationProvider.java:469)
	at com.mysql.cj.protocol.a.NativeAuthenticationProvider.connect(NativeAuthenticationProvider.java:174)
	at com.mysql.cj.protocol.a.NativeProtocol.connect(NativeProtocol.java:1350)
	at com.mysql.cj.NativeSession.connect(NativeSession.java:157)
	at com.mysql.cj.jdbc.ConnectionImpl.connectWithRetries(ConnectionImpl.java:847)
	... 54 common frames omitted
25-02-07.14:40:05.159 [scheduling-1    ] INFO  NoPayNotifyOrderJob    - 任务；检测未接收到或未正确处理的支付回调通知
25-02-07.14:40:05.160 [scheduling-1    ] INFO  HikariDataSource       - HikariPool-1 - Starting...
25-02-07.14:40:10.248 [scheduling-1    ] ERROR HikariPool             - HikariPool-1 - Exception during pool initialization.
java.sql.SQLNonTransientConnectionException: Could not create connection to database server. Attempted reconnect 3 times. Giving up.
	at com.mysql.cj.jdbc.exceptions.SQLError.createSQLException(SQLError.java:110)
	at com.mysql.cj.jdbc.exceptions.SQLError.createSQLException(SQLError.java:97)
	at com.mysql.cj.jdbc.exceptions.SQLError.createSQLException(SQLError.java:89)
	at com.mysql.cj.jdbc.exceptions.SQLError.createSQLException(SQLError.java:63)
	at com.mysql.cj.jdbc.exceptions.SQLError.createSQLException(SQLError.java:73)
	at com.mysql.cj.jdbc.ConnectionImpl.connectWithRetries(ConnectionImpl.java:903)
	at com.mysql.cj.jdbc.ConnectionImpl.createNewIO(ConnectionImpl.java:828)
	at com.mysql.cj.jdbc.ConnectionImpl.<init>(ConnectionImpl.java:453)
	at com.mysql.cj.jdbc.ConnectionImpl.getInstance(ConnectionImpl.java:246)
	at com.mysql.cj.jdbc.NonRegisteringDriver.connect(NonRegisteringDriver.java:198)
	at com.zaxxer.hikari.util.DriverDataSource.getConnection(DriverDataSource.java:138)
	at com.zaxxer.hikari.pool.PoolBase.newConnection(PoolBase.java:364)
	at com.zaxxer.hikari.pool.PoolBase.newPoolEntry(PoolBase.java:206)
	at com.zaxxer.hikari.pool.HikariPool.createPoolEntry(HikariPool.java:476)
	at com.zaxxer.hikari.pool.HikariPool.checkFailFast(HikariPool.java:561)
	at com.zaxxer.hikari.pool.HikariPool.<init>(HikariPool.java:115)
	at com.zaxxer.hikari.HikariDataSource.getConnection(HikariDataSource.java:112)
	at org.springframework.jdbc.datasource.DataSourceUtils.fetchConnection(DataSourceUtils.java:159)
	at org.springframework.jdbc.datasource.DataSourceUtils.doGetConnection(DataSourceUtils.java:117)
	at org.springframework.jdbc.datasource.DataSourceUtils.getConnection(DataSourceUtils.java:80)
	at org.mybatis.spring.transaction.SpringManagedTransaction.openConnection(SpringManagedTransaction.java:80)
	at org.mybatis.spring.transaction.SpringManagedTransaction.getConnection(SpringManagedTransaction.java:67)
	at org.apache.ibatis.executor.BaseExecutor.getConnection(BaseExecutor.java:337)
	at org.apache.ibatis.executor.SimpleExecutor.prepareStatement(SimpleExecutor.java:86)
	at org.apache.ibatis.executor.SimpleExecutor.doQuery(SimpleExecutor.java:62)
	at org.apache.ibatis.executor.BaseExecutor.queryFromDatabase(BaseExecutor.java:325)
	at org.apache.ibatis.executor.BaseExecutor.query(BaseExecutor.java:156)
	at org.apache.ibatis.executor.CachingExecutor.query(CachingExecutor.java:109)
	at org.apache.ibatis.executor.CachingExecutor.query(CachingExecutor.java:89)
	at org.apache.ibatis.session.defaults.DefaultSqlSession.selectList(DefaultSqlSession.java:147)
	at org.apache.ibatis.session.defaults.DefaultSqlSession.selectList(DefaultSqlSession.java:140)
	at sun.reflect.NativeMethodAccessorImpl.invoke0(Native Method)
	at sun.reflect.NativeMethodAccessorImpl.invoke(NativeMethodAccessorImpl.java:62)
	at sun.reflect.DelegatingMethodAccessorImpl.invoke(DelegatingMethodAccessorImpl.java:43)
	at java.lang.reflect.Method.invoke(Method.java:498)
	at org.mybatis.spring.SqlSessionTemplate$SqlSessionInterceptor.invoke(SqlSessionTemplate.java:427)
	at com.sun.proxy.$Proxy69.selectList(Unknown Source)
	at org.mybatis.spring.SqlSessionTemplate.selectList(SqlSessionTemplate.java:224)
	at org.apache.ibatis.binding.MapperMethod.executeForMany(MapperMethod.java:147)
	at org.apache.ibatis.binding.MapperMethod.execute(MapperMethod.java:80)
	at org.apache.ibatis.binding.MapperProxy$PlainMethodInvoker.invoke(MapperProxy.java:152)
	at org.apache.ibatis.binding.MapperProxy.invoke(MapperProxy.java:85)
	at com.sun.proxy.$Proxy70.queryNoPayNotifyOrder(Unknown Source)
	at org.example.service.impl.OrderServiceImpl.queryNoPayNotifyOrder(OrderServiceImpl.java:107)
	at org.example.job.NoPayNotifyOrderJob.exec(NoPayNotifyOrderJob.java:29)
	at sun.reflect.NativeMethodAccessorImpl.invoke0(Native Method)
	at sun.reflect.NativeMethodAccessorImpl.invoke(NativeMethodAccessorImpl.java:62)
	at sun.reflect.DelegatingMethodAccessorImpl.invoke(DelegatingMethodAccessorImpl.java:43)
	at java.lang.reflect.Method.invoke(Method.java:498)
	at org.springframework.scheduling.support.ScheduledMethodRunnable.run(ScheduledMethodRunnable.java:84)
	at org.springframework.scheduling.support.DelegatingErrorHandlingRunnable.run(DelegatingErrorHandlingRunnable.java:54)
	at org.springframework.scheduling.concurrent.ReschedulingRunnable.run(ReschedulingRunnable.java:95)
	at java.util.concurrent.Executors$RunnableAdapter.call(Executors.java:511)
	at java.util.concurrent.FutureTask.run$$$capture(FutureTask.java:266)
	at java.util.concurrent.FutureTask.run(FutureTask.java)
	at java.util.concurrent.ScheduledThreadPoolExecutor$ScheduledFutureTask.access$201(ScheduledThreadPoolExecutor.java:180)
	at java.util.concurrent.ScheduledThreadPoolExecutor$ScheduledFutureTask.run(ScheduledThreadPoolExecutor.java:293)
	at java.util.concurrent.ThreadPoolExecutor.runWorker(ThreadPoolExecutor.java:1149)
	at java.util.concurrent.ThreadPoolExecutor$Worker.run(ThreadPoolExecutor.java:624)
	at java.lang.Thread.run(Thread.java:750)
Caused by: com.mysql.cj.exceptions.CJException: Unknown database 's-pay-mall'
	at sun.reflect.GeneratedConstructorAccessor47.newInstance(Unknown Source)
	at sun.reflect.DelegatingConstructorAccessorImpl.newInstance(DelegatingConstructorAccessorImpl.java:45)
	at java.lang.reflect.Constructor.newInstance(Constructor.java:423)
	at com.mysql.cj.exceptions.ExceptionFactory.createException(ExceptionFactory.java:61)
	at com.mysql.cj.exceptions.ExceptionFactory.createException(ExceptionFactory.java:105)
	at com.mysql.cj.exceptions.ExceptionFactory.createException(ExceptionFactory.java:151)
	at com.mysql.cj.exceptions.ExceptionFactory.createException(ExceptionFactory.java:129)
	at com.mysql.cj.protocol.a.NativeProtocol.checkErrorMessage(NativeProtocol.java:794)
	at com.mysql.cj.protocol.a.NativeProtocol.checkErrorMessage(NativeProtocol.java:719)
	at com.mysql.cj.protocol.a.NativeProtocol.checkErrorMessage(NativeProtocol.java:687)
	at com.mysql.cj.protocol.a.NativeProtocol.checkErrorMessage(NativeProtocol.java:136)
	at com.mysql.cj.protocol.a.NativeAuthenticationProvider.proceedHandshakeWithPluggableAuthentication(NativeAuthenticationProvider.java:469)
	at com.mysql.cj.protocol.a.NativeAuthenticationProvider.connect(NativeAuthenticationProvider.java:174)
	at com.mysql.cj.protocol.a.NativeProtocol.connect(NativeProtocol.java:1350)
	at com.mysql.cj.NativeSession.connect(NativeSession.java:157)
	at com.mysql.cj.jdbc.ConnectionImpl.connectWithRetries(ConnectionImpl.java:847)
	... 54 common frames omitted
25-02-07.14:40:10.248 [scheduling-1    ] ERROR NoPayNotifyOrderJob    - 检测未接收到或未正确处理的支付回调通知失败
org.mybatis.spring.MyBatisSystemException: nested exception is org.apache.ibatis.exceptions.PersistenceException: 
### Error querying database.  Cause: org.springframework.jdbc.CannotGetJdbcConnectionException: Failed to obtain JDBC Connection; nested exception is java.sql.SQLNonTransientConnectionException: Could not create connection to database server. Attempted reconnect 3 times. Giving up.
### The error may exist in file [D:\Workspace\s-pay-mall-qiusu\s-pay-mall-controller\target\classes\mybatis\mapper\pay_order_mapper.xml]
### The error may involve org.example.dao.IOrderDao.queryNoPayNotifyOrder
### The error occurred while executing a query
### Cause: org.springframework.jdbc.CannotGetJdbcConnectionException: Failed to obtain JDBC Connection; nested exception is java.sql.SQLNonTransientConnectionException: Could not create connection to database server. Attempted reconnect 3 times. Giving up.
	at org.mybatis.spring.MyBatisExceptionTranslator.translateExceptionIfPossible(MyBatisExceptionTranslator.java:96)
	at org.mybatis.spring.SqlSessionTemplate$SqlSessionInterceptor.invoke(SqlSessionTemplate.java:441)
	at com.sun.proxy.$Proxy69.selectList(Unknown Source)
	at org.mybatis.spring.SqlSessionTemplate.selectList(SqlSessionTemplate.java:224)
	at org.apache.ibatis.binding.MapperMethod.executeForMany(MapperMethod.java:147)
	at org.apache.ibatis.binding.MapperMethod.execute(MapperMethod.java:80)
	at org.apache.ibatis.binding.MapperProxy$PlainMethodInvoker.invoke(MapperProxy.java:152)
	at org.apache.ibatis.binding.MapperProxy.invoke(MapperProxy.java:85)
	at com.sun.proxy.$Proxy70.queryNoPayNotifyOrder(Unknown Source)
	at org.example.service.impl.OrderServiceImpl.queryNoPayNotifyOrder(OrderServiceImpl.java:107)
	at org.example.job.NoPayNotifyOrderJob.exec(NoPayNotifyOrderJob.java:29)
	at sun.reflect.NativeMethodAccessorImpl.invoke0(Native Method)
	at sun.reflect.NativeMethodAccessorImpl.invoke(NativeMethodAccessorImpl.java:62)
	at sun.reflect.DelegatingMethodAccessorImpl.invoke(DelegatingMethodAccessorImpl.java:43)
	at java.lang.reflect.Method.invoke(Method.java:498)
	at org.springframework.scheduling.support.ScheduledMethodRunnable.run(ScheduledMethodRunnable.java:84)
	at org.springframework.scheduling.support.DelegatingErrorHandlingRunnable.run(DelegatingErrorHandlingRunnable.java:54)
	at org.springframework.scheduling.concurrent.ReschedulingRunnable.run(ReschedulingRunnable.java:95)
	at java.util.concurrent.Executors$RunnableAdapter.call(Executors.java:511)
	at java.util.concurrent.FutureTask.run$$$capture(FutureTask.java:266)
	at java.util.concurrent.FutureTask.run(FutureTask.java)
	at java.util.concurrent.ScheduledThreadPoolExecutor$ScheduledFutureTask.access$201(ScheduledThreadPoolExecutor.java:180)
	at java.util.concurrent.ScheduledThreadPoolExecutor$ScheduledFutureTask.run(ScheduledThreadPoolExecutor.java:293)
	at java.util.concurrent.ThreadPoolExecutor.runWorker(ThreadPoolExecutor.java:1149)
	at java.util.concurrent.ThreadPoolExecutor$Worker.run(ThreadPoolExecutor.java:624)
	at java.lang.Thread.run(Thread.java:750)
Caused by: org.apache.ibatis.exceptions.PersistenceException: 
### Error querying database.  Cause: org.springframework.jdbc.CannotGetJdbcConnectionException: Failed to obtain JDBC Connection; nested exception is java.sql.SQLNonTransientConnectionException: Could not create connection to database server. Attempted reconnect 3 times. Giving up.
### The error may exist in file [D:\Workspace\s-pay-mall-qiusu\s-pay-mall-controller\target\classes\mybatis\mapper\pay_order_mapper.xml]
### The error may involve org.example.dao.IOrderDao.queryNoPayNotifyOrder
### The error occurred while executing a query
### Cause: org.springframework.jdbc.CannotGetJdbcConnectionException: Failed to obtain JDBC Connection; nested exception is java.sql.SQLNonTransientConnectionException: Could not create connection to database server. Attempted reconnect 3 times. Giving up.
	at org.apache.ibatis.exceptions.ExceptionFactory.wrapException(ExceptionFactory.java:30)
	at org.apache.ibatis.session.defaults.DefaultSqlSession.selectList(DefaultSqlSession.java:149)
	at org.apache.ibatis.session.defaults.DefaultSqlSession.selectList(DefaultSqlSession.java:140)
	at sun.reflect.NativeMethodAccessorImpl.invoke0(Native Method)
	at sun.reflect.NativeMethodAccessorImpl.invoke(NativeMethodAccessorImpl.java:62)
	at sun.reflect.DelegatingMethodAccessorImpl.invoke(DelegatingMethodAccessorImpl.java:43)
	at java.lang.reflect.Method.invoke(Method.java:498)
	at org.mybatis.spring.SqlSessionTemplate$SqlSessionInterceptor.invoke(SqlSessionTemplate.java:427)
	... 24 common frames omitted
Caused by: org.springframework.jdbc.CannotGetJdbcConnectionException: Failed to obtain JDBC Connection; nested exception is java.sql.SQLNonTransientConnectionException: Could not create connection to database server. Attempted reconnect 3 times. Giving up.
	at org.springframework.jdbc.datasource.DataSourceUtils.getConnection(DataSourceUtils.java:83)
	at org.mybatis.spring.transaction.SpringManagedTransaction.openConnection(SpringManagedTransaction.java:80)
	at org.mybatis.spring.transaction.SpringManagedTransaction.getConnection(SpringManagedTransaction.java:67)
	at org.apache.ibatis.executor.BaseExecutor.getConnection(BaseExecutor.java:337)
	at org.apache.ibatis.executor.SimpleExecutor.prepareStatement(SimpleExecutor.java:86)
	at org.apache.ibatis.executor.SimpleExecutor.doQuery(SimpleExecutor.java:62)
	at org.apache.ibatis.executor.BaseExecutor.queryFromDatabase(BaseExecutor.java:325)
	at org.apache.ibatis.executor.BaseExecutor.query(BaseExecutor.java:156)
	at org.apache.ibatis.executor.CachingExecutor.query(CachingExecutor.java:109)
	at org.apache.ibatis.executor.CachingExecutor.query(CachingExecutor.java:89)
	at org.apache.ibatis.session.defaults.DefaultSqlSession.selectList(DefaultSqlSession.java:147)
	... 30 common frames omitted
Caused by: java.sql.SQLNonTransientConnectionException: Could not create connection to database server. Attempted reconnect 3 times. Giving up.
	at com.mysql.cj.jdbc.exceptions.SQLError.createSQLException(SQLError.java:110)
	at com.mysql.cj.jdbc.exceptions.SQLError.createSQLException(SQLError.java:97)
	at com.mysql.cj.jdbc.exceptions.SQLError.createSQLException(SQLError.java:89)
	at com.mysql.cj.jdbc.exceptions.SQLError.createSQLException(SQLError.java:63)
	at com.mysql.cj.jdbc.exceptions.SQLError.createSQLException(SQLError.java:73)
	at com.mysql.cj.jdbc.ConnectionImpl.connectWithRetries(ConnectionImpl.java:903)
	at com.mysql.cj.jdbc.ConnectionImpl.createNewIO(ConnectionImpl.java:828)
	at com.mysql.cj.jdbc.ConnectionImpl.<init>(ConnectionImpl.java:453)
	at com.mysql.cj.jdbc.ConnectionImpl.getInstance(ConnectionImpl.java:246)
	at com.mysql.cj.jdbc.NonRegisteringDriver.connect(NonRegisteringDriver.java:198)
	at com.zaxxer.hikari.util.DriverDataSource.getConnection(DriverDataSource.java:138)
	at com.zaxxer.hikari.pool.PoolBase.newConnection(PoolBase.java:364)
	at com.zaxxer.hikari.pool.PoolBase.newPoolEntry(PoolBase.java:206)
	at com.zaxxer.hikari.pool.HikariPool.createPoolEntry(HikariPool.java:476)
	at com.zaxxer.hikari.pool.HikariPool.checkFailFast(HikariPool.java:561)
	at com.zaxxer.hikari.pool.HikariPool.<init>(HikariPool.java:115)
	at com.zaxxer.hikari.HikariDataSource.getConnection(HikariDataSource.java:112)
	at org.springframework.jdbc.datasource.DataSourceUtils.fetchConnection(DataSourceUtils.java:159)
	at org.springframework.jdbc.datasource.DataSourceUtils.doGetConnection(DataSourceUtils.java:117)
	at org.springframework.jdbc.datasource.DataSourceUtils.getConnection(DataSourceUtils.java:80)
	... 40 common frames omitted
Caused by: com.mysql.cj.exceptions.CJException: Unknown database 's-pay-mall'
	at sun.reflect.GeneratedConstructorAccessor47.newInstance(Unknown Source)
	at sun.reflect.DelegatingConstructorAccessorImpl.newInstance(DelegatingConstructorAccessorImpl.java:45)
	at java.lang.reflect.Constructor.newInstance(Constructor.java:423)
	at com.mysql.cj.exceptions.ExceptionFactory.createException(ExceptionFactory.java:61)
	at com.mysql.cj.exceptions.ExceptionFactory.createException(ExceptionFactory.java:105)
	at com.mysql.cj.exceptions.ExceptionFactory.createException(ExceptionFactory.java:151)
	at com.mysql.cj.exceptions.ExceptionFactory.createException(ExceptionFactory.java:129)
	at com.mysql.cj.protocol.a.NativeProtocol.checkErrorMessage(NativeProtocol.java:794)
	at com.mysql.cj.protocol.a.NativeProtocol.checkErrorMessage(NativeProtocol.java:719)
	at com.mysql.cj.protocol.a.NativeProtocol.checkErrorMessage(NativeProtocol.java:687)
	at com.mysql.cj.protocol.a.NativeProtocol.checkErrorMessage(NativeProtocol.java:136)
	at com.mysql.cj.protocol.a.NativeAuthenticationProvider.proceedHandshakeWithPluggableAuthentication(NativeAuthenticationProvider.java:469)
	at com.mysql.cj.protocol.a.NativeAuthenticationProvider.connect(NativeAuthenticationProvider.java:174)
	at com.mysql.cj.protocol.a.NativeProtocol.connect(NativeProtocol.java:1350)
	at com.mysql.cj.NativeSession.connect(NativeSession.java:157)
	at com.mysql.cj.jdbc.ConnectionImpl.connectWithRetries(ConnectionImpl.java:847)
	... 54 common frames omitted
25-02-07.14:40:15.011 [scheduling-1    ] INFO  NoPayNotifyOrderJob    - 任务；检测未接收到或未正确处理的支付回调通知
25-02-07.14:40:15.012 [scheduling-1    ] INFO  HikariDataSource       - HikariPool-1 - Starting...
25-02-07.14:40:20.100 [scheduling-1    ] ERROR HikariPool             - HikariPool-1 - Exception during pool initialization.
java.sql.SQLNonTransientConnectionException: Could not create connection to database server. Attempted reconnect 3 times. Giving up.
	at com.mysql.cj.jdbc.exceptions.SQLError.createSQLException(SQLError.java:110)
	at com.mysql.cj.jdbc.exceptions.SQLError.createSQLException(SQLError.java:97)
	at com.mysql.cj.jdbc.exceptions.SQLError.createSQLException(SQLError.java:89)
	at com.mysql.cj.jdbc.exceptions.SQLError.createSQLException(SQLError.java:63)
	at com.mysql.cj.jdbc.exceptions.SQLError.createSQLException(SQLError.java:73)
	at com.mysql.cj.jdbc.ConnectionImpl.connectWithRetries(ConnectionImpl.java:903)
	at com.mysql.cj.jdbc.ConnectionImpl.createNewIO(ConnectionImpl.java:828)
	at com.mysql.cj.jdbc.ConnectionImpl.<init>(ConnectionImpl.java:453)
	at com.mysql.cj.jdbc.ConnectionImpl.getInstance(ConnectionImpl.java:246)
	at com.mysql.cj.jdbc.NonRegisteringDriver.connect(NonRegisteringDriver.java:198)
	at com.zaxxer.hikari.util.DriverDataSource.getConnection(DriverDataSource.java:138)
	at com.zaxxer.hikari.pool.PoolBase.newConnection(PoolBase.java:364)
	at com.zaxxer.hikari.pool.PoolBase.newPoolEntry(PoolBase.java:206)
	at com.zaxxer.hikari.pool.HikariPool.createPoolEntry(HikariPool.java:476)
	at com.zaxxer.hikari.pool.HikariPool.checkFailFast(HikariPool.java:561)
	at com.zaxxer.hikari.pool.HikariPool.<init>(HikariPool.java:115)
	at com.zaxxer.hikari.HikariDataSource.getConnection(HikariDataSource.java:112)
	at org.springframework.jdbc.datasource.DataSourceUtils.fetchConnection(DataSourceUtils.java:159)
	at org.springframework.jdbc.datasource.DataSourceUtils.doGetConnection(DataSourceUtils.java:117)
	at org.springframework.jdbc.datasource.DataSourceUtils.getConnection(DataSourceUtils.java:80)
	at org.mybatis.spring.transaction.SpringManagedTransaction.openConnection(SpringManagedTransaction.java:80)
	at org.mybatis.spring.transaction.SpringManagedTransaction.getConnection(SpringManagedTransaction.java:67)
	at org.apache.ibatis.executor.BaseExecutor.getConnection(BaseExecutor.java:337)
	at org.apache.ibatis.executor.SimpleExecutor.prepareStatement(SimpleExecutor.java:86)
	at org.apache.ibatis.executor.SimpleExecutor.doQuery(SimpleExecutor.java:62)
	at org.apache.ibatis.executor.BaseExecutor.queryFromDatabase(BaseExecutor.java:325)
	at org.apache.ibatis.executor.BaseExecutor.query(BaseExecutor.java:156)
	at org.apache.ibatis.executor.CachingExecutor.query(CachingExecutor.java:109)
	at org.apache.ibatis.executor.CachingExecutor.query(CachingExecutor.java:89)
	at org.apache.ibatis.session.defaults.DefaultSqlSession.selectList(DefaultSqlSession.java:147)
	at org.apache.ibatis.session.defaults.DefaultSqlSession.selectList(DefaultSqlSession.java:140)
	at sun.reflect.NativeMethodAccessorImpl.invoke0(Native Method)
	at sun.reflect.NativeMethodAccessorImpl.invoke(NativeMethodAccessorImpl.java:62)
	at sun.reflect.DelegatingMethodAccessorImpl.invoke(DelegatingMethodAccessorImpl.java:43)
	at java.lang.reflect.Method.invoke(Method.java:498)
	at org.mybatis.spring.SqlSessionTemplate$SqlSessionInterceptor.invoke(SqlSessionTemplate.java:427)
	at com.sun.proxy.$Proxy69.selectList(Unknown Source)
	at org.mybatis.spring.SqlSessionTemplate.selectList(SqlSessionTemplate.java:224)
	at org.apache.ibatis.binding.MapperMethod.executeForMany(MapperMethod.java:147)
	at org.apache.ibatis.binding.MapperMethod.execute(MapperMethod.java:80)
	at org.apache.ibatis.binding.MapperProxy$PlainMethodInvoker.invoke(MapperProxy.java:152)
	at org.apache.ibatis.binding.MapperProxy.invoke(MapperProxy.java:85)
	at com.sun.proxy.$Proxy70.queryNoPayNotifyOrder(Unknown Source)
	at org.example.service.impl.OrderServiceImpl.queryNoPayNotifyOrder(OrderServiceImpl.java:107)
	at org.example.job.NoPayNotifyOrderJob.exec(NoPayNotifyOrderJob.java:29)
	at sun.reflect.NativeMethodAccessorImpl.invoke0(Native Method)
	at sun.reflect.NativeMethodAccessorImpl.invoke(NativeMethodAccessorImpl.java:62)
	at sun.reflect.DelegatingMethodAccessorImpl.invoke(DelegatingMethodAccessorImpl.java:43)
	at java.lang.reflect.Method.invoke(Method.java:498)
	at org.springframework.scheduling.support.ScheduledMethodRunnable.run(ScheduledMethodRunnable.java:84)
	at org.springframework.scheduling.support.DelegatingErrorHandlingRunnable.run(DelegatingErrorHandlingRunnable.java:54)
	at org.springframework.scheduling.concurrent.ReschedulingRunnable.run(ReschedulingRunnable.java:95)
	at java.util.concurrent.Executors$RunnableAdapter.call(Executors.java:511)
	at java.util.concurrent.FutureTask.run$$$capture(FutureTask.java:266)
	at java.util.concurrent.FutureTask.run(FutureTask.java)
	at java.util.concurrent.ScheduledThreadPoolExecutor$ScheduledFutureTask.access$201(ScheduledThreadPoolExecutor.java:180)
	at java.util.concurrent.ScheduledThreadPoolExecutor$ScheduledFutureTask.run(ScheduledThreadPoolExecutor.java:293)
	at java.util.concurrent.ThreadPoolExecutor.runWorker(ThreadPoolExecutor.java:1149)
	at java.util.concurrent.ThreadPoolExecutor$Worker.run(ThreadPoolExecutor.java:624)
	at java.lang.Thread.run(Thread.java:750)
Caused by: com.mysql.cj.exceptions.CJException: Unknown database 's-pay-mall'
	at sun.reflect.GeneratedConstructorAccessor47.newInstance(Unknown Source)
	at sun.reflect.DelegatingConstructorAccessorImpl.newInstance(DelegatingConstructorAccessorImpl.java:45)
	at java.lang.reflect.Constructor.newInstance(Constructor.java:423)
	at com.mysql.cj.exceptions.ExceptionFactory.createException(ExceptionFactory.java:61)
	at com.mysql.cj.exceptions.ExceptionFactory.createException(ExceptionFactory.java:105)
	at com.mysql.cj.exceptions.ExceptionFactory.createException(ExceptionFactory.java:151)
	at com.mysql.cj.exceptions.ExceptionFactory.createException(ExceptionFactory.java:129)
	at com.mysql.cj.protocol.a.NativeProtocol.checkErrorMessage(NativeProtocol.java:794)
	at com.mysql.cj.protocol.a.NativeProtocol.checkErrorMessage(NativeProtocol.java:719)
	at com.mysql.cj.protocol.a.NativeProtocol.checkErrorMessage(NativeProtocol.java:687)
	at com.mysql.cj.protocol.a.NativeProtocol.checkErrorMessage(NativeProtocol.java:136)
	at com.mysql.cj.protocol.a.NativeAuthenticationProvider.proceedHandshakeWithPluggableAuthentication(NativeAuthenticationProvider.java:469)
	at com.mysql.cj.protocol.a.NativeAuthenticationProvider.connect(NativeAuthenticationProvider.java:174)
	at com.mysql.cj.protocol.a.NativeProtocol.connect(NativeProtocol.java:1350)
	at com.mysql.cj.NativeSession.connect(NativeSession.java:157)
	at com.mysql.cj.jdbc.ConnectionImpl.connectWithRetries(ConnectionImpl.java:847)
	... 54 common frames omitted
25-02-07.14:40:20.101 [scheduling-1    ] ERROR NoPayNotifyOrderJob    - 检测未接收到或未正确处理的支付回调通知失败
org.mybatis.spring.MyBatisSystemException: nested exception is org.apache.ibatis.exceptions.PersistenceException: 
### Error querying database.  Cause: org.springframework.jdbc.CannotGetJdbcConnectionException: Failed to obtain JDBC Connection; nested exception is java.sql.SQLNonTransientConnectionException: Could not create connection to database server. Attempted reconnect 3 times. Giving up.
### The error may exist in file [D:\Workspace\s-pay-mall-qiusu\s-pay-mall-controller\target\classes\mybatis\mapper\pay_order_mapper.xml]
### The error may involve org.example.dao.IOrderDao.queryNoPayNotifyOrder
### The error occurred while executing a query
### Cause: org.springframework.jdbc.CannotGetJdbcConnectionException: Failed to obtain JDBC Connection; nested exception is java.sql.SQLNonTransientConnectionException: Could not create connection to database server. Attempted reconnect 3 times. Giving up.
	at org.mybatis.spring.MyBatisExceptionTranslator.translateExceptionIfPossible(MyBatisExceptionTranslator.java:96)
	at org.mybatis.spring.SqlSessionTemplate$SqlSessionInterceptor.invoke(SqlSessionTemplate.java:441)
	at com.sun.proxy.$Proxy69.selectList(Unknown Source)
	at org.mybatis.spring.SqlSessionTemplate.selectList(SqlSessionTemplate.java:224)
	at org.apache.ibatis.binding.MapperMethod.executeForMany(MapperMethod.java:147)
	at org.apache.ibatis.binding.MapperMethod.execute(MapperMethod.java:80)
	at org.apache.ibatis.binding.MapperProxy$PlainMethodInvoker.invoke(MapperProxy.java:152)
	at org.apache.ibatis.binding.MapperProxy.invoke(MapperProxy.java:85)
	at com.sun.proxy.$Proxy70.queryNoPayNotifyOrder(Unknown Source)
	at org.example.service.impl.OrderServiceImpl.queryNoPayNotifyOrder(OrderServiceImpl.java:107)
	at org.example.job.NoPayNotifyOrderJob.exec(NoPayNotifyOrderJob.java:29)
	at sun.reflect.NativeMethodAccessorImpl.invoke0(Native Method)
	at sun.reflect.NativeMethodAccessorImpl.invoke(NativeMethodAccessorImpl.java:62)
	at sun.reflect.DelegatingMethodAccessorImpl.invoke(DelegatingMethodAccessorImpl.java:43)
	at java.lang.reflect.Method.invoke(Method.java:498)
	at org.springframework.scheduling.support.ScheduledMethodRunnable.run(ScheduledMethodRunnable.java:84)
	at org.springframework.scheduling.support.DelegatingErrorHandlingRunnable.run(DelegatingErrorHandlingRunnable.java:54)
	at org.springframework.scheduling.concurrent.ReschedulingRunnable.run(ReschedulingRunnable.java:95)
	at java.util.concurrent.Executors$RunnableAdapter.call(Executors.java:511)
	at java.util.concurrent.FutureTask.run$$$capture(FutureTask.java:266)
	at java.util.concurrent.FutureTask.run(FutureTask.java)
	at java.util.concurrent.ScheduledThreadPoolExecutor$ScheduledFutureTask.access$201(ScheduledThreadPoolExecutor.java:180)
	at java.util.concurrent.ScheduledThreadPoolExecutor$ScheduledFutureTask.run(ScheduledThreadPoolExecutor.java:293)
	at java.util.concurrent.ThreadPoolExecutor.runWorker(ThreadPoolExecutor.java:1149)
	at java.util.concurrent.ThreadPoolExecutor$Worker.run(ThreadPoolExecutor.java:624)
	at java.lang.Thread.run(Thread.java:750)
Caused by: org.apache.ibatis.exceptions.PersistenceException: 
### Error querying database.  Cause: org.springframework.jdbc.CannotGetJdbcConnectionException: Failed to obtain JDBC Connection; nested exception is java.sql.SQLNonTransientConnectionException: Could not create connection to database server. Attempted reconnect 3 times. Giving up.
### The error may exist in file [D:\Workspace\s-pay-mall-qiusu\s-pay-mall-controller\target\classes\mybatis\mapper\pay_order_mapper.xml]
### The error may involve org.example.dao.IOrderDao.queryNoPayNotifyOrder
### The error occurred while executing a query
### Cause: org.springframework.jdbc.CannotGetJdbcConnectionException: Failed to obtain JDBC Connection; nested exception is java.sql.SQLNonTransientConnectionException: Could not create connection to database server. Attempted reconnect 3 times. Giving up.
	at org.apache.ibatis.exceptions.ExceptionFactory.wrapException(ExceptionFactory.java:30)
	at org.apache.ibatis.session.defaults.DefaultSqlSession.selectList(DefaultSqlSession.java:149)
	at org.apache.ibatis.session.defaults.DefaultSqlSession.selectList(DefaultSqlSession.java:140)
	at sun.reflect.NativeMethodAccessorImpl.invoke0(Native Method)
	at sun.reflect.NativeMethodAccessorImpl.invoke(NativeMethodAccessorImpl.java:62)
	at sun.reflect.DelegatingMethodAccessorImpl.invoke(DelegatingMethodAccessorImpl.java:43)
	at java.lang.reflect.Method.invoke(Method.java:498)
	at org.mybatis.spring.SqlSessionTemplate$SqlSessionInterceptor.invoke(SqlSessionTemplate.java:427)
	... 24 common frames omitted
Caused by: org.springframework.jdbc.CannotGetJdbcConnectionException: Failed to obtain JDBC Connection; nested exception is java.sql.SQLNonTransientConnectionException: Could not create connection to database server. Attempted reconnect 3 times. Giving up.
	at org.springframework.jdbc.datasource.DataSourceUtils.getConnection(DataSourceUtils.java:83)
	at org.mybatis.spring.transaction.SpringManagedTransaction.openConnection(SpringManagedTransaction.java:80)
	at org.mybatis.spring.transaction.SpringManagedTransaction.getConnection(SpringManagedTransaction.java:67)
	at org.apache.ibatis.executor.BaseExecutor.getConnection(BaseExecutor.java:337)
	at org.apache.ibatis.executor.SimpleExecutor.prepareStatement(SimpleExecutor.java:86)
	at org.apache.ibatis.executor.SimpleExecutor.doQuery(SimpleExecutor.java:62)
	at org.apache.ibatis.executor.BaseExecutor.queryFromDatabase(BaseExecutor.java:325)
	at org.apache.ibatis.executor.BaseExecutor.query(BaseExecutor.java:156)
	at org.apache.ibatis.executor.CachingExecutor.query(CachingExecutor.java:109)
	at org.apache.ibatis.executor.CachingExecutor.query(CachingExecutor.java:89)
	at org.apache.ibatis.session.defaults.DefaultSqlSession.selectList(DefaultSqlSession.java:147)
	... 30 common frames omitted
Caused by: java.sql.SQLNonTransientConnectionException: Could not create connection to database server. Attempted reconnect 3 times. Giving up.
	at com.mysql.cj.jdbc.exceptions.SQLError.createSQLException(SQLError.java:110)
	at com.mysql.cj.jdbc.exceptions.SQLError.createSQLException(SQLError.java:97)
	at com.mysql.cj.jdbc.exceptions.SQLError.createSQLException(SQLError.java:89)
	at com.mysql.cj.jdbc.exceptions.SQLError.createSQLException(SQLError.java:63)
	at com.mysql.cj.jdbc.exceptions.SQLError.createSQLException(SQLError.java:73)
	at com.mysql.cj.jdbc.ConnectionImpl.connectWithRetries(ConnectionImpl.java:903)
	at com.mysql.cj.jdbc.ConnectionImpl.createNewIO(ConnectionImpl.java:828)
	at com.mysql.cj.jdbc.ConnectionImpl.<init>(ConnectionImpl.java:453)
	at com.mysql.cj.jdbc.ConnectionImpl.getInstance(ConnectionImpl.java:246)
	at com.mysql.cj.jdbc.NonRegisteringDriver.connect(NonRegisteringDriver.java:198)
	at com.zaxxer.hikari.util.DriverDataSource.getConnection(DriverDataSource.java:138)
	at com.zaxxer.hikari.pool.PoolBase.newConnection(PoolBase.java:364)
	at com.zaxxer.hikari.pool.PoolBase.newPoolEntry(PoolBase.java:206)
	at com.zaxxer.hikari.pool.HikariPool.createPoolEntry(HikariPool.java:476)
	at com.zaxxer.hikari.pool.HikariPool.checkFailFast(HikariPool.java:561)
	at com.zaxxer.hikari.pool.HikariPool.<init>(HikariPool.java:115)
	at com.zaxxer.hikari.HikariDataSource.getConnection(HikariDataSource.java:112)
	at org.springframework.jdbc.datasource.DataSourceUtils.fetchConnection(DataSourceUtils.java:159)
	at org.springframework.jdbc.datasource.DataSourceUtils.doGetConnection(DataSourceUtils.java:117)
	at org.springframework.jdbc.datasource.DataSourceUtils.getConnection(DataSourceUtils.java:80)
	... 40 common frames omitted
Caused by: com.mysql.cj.exceptions.CJException: Unknown database 's-pay-mall'
	at sun.reflect.GeneratedConstructorAccessor47.newInstance(Unknown Source)
	at sun.reflect.DelegatingConstructorAccessorImpl.newInstance(DelegatingConstructorAccessorImpl.java:45)
	at java.lang.reflect.Constructor.newInstance(Constructor.java:423)
	at com.mysql.cj.exceptions.ExceptionFactory.createException(ExceptionFactory.java:61)
	at com.mysql.cj.exceptions.ExceptionFactory.createException(ExceptionFactory.java:105)
	at com.mysql.cj.exceptions.ExceptionFactory.createException(ExceptionFactory.java:151)
	at com.mysql.cj.exceptions.ExceptionFactory.createException(ExceptionFactory.java:129)
	at com.mysql.cj.protocol.a.NativeProtocol.checkErrorMessage(NativeProtocol.java:794)
	at com.mysql.cj.protocol.a.NativeProtocol.checkErrorMessage(NativeProtocol.java:719)
	at com.mysql.cj.protocol.a.NativeProtocol.checkErrorMessage(NativeProtocol.java:687)
	at com.mysql.cj.protocol.a.NativeProtocol.checkErrorMessage(NativeProtocol.java:136)
	at com.mysql.cj.protocol.a.NativeAuthenticationProvider.proceedHandshakeWithPluggableAuthentication(NativeAuthenticationProvider.java:469)
	at com.mysql.cj.protocol.a.NativeAuthenticationProvider.connect(NativeAuthenticationProvider.java:174)
	at com.mysql.cj.protocol.a.NativeProtocol.connect(NativeProtocol.java:1350)
	at com.mysql.cj.NativeSession.connect(NativeSession.java:157)
	at com.mysql.cj.jdbc.ConnectionImpl.connectWithRetries(ConnectionImpl.java:847)
	... 54 common frames omitted
25-02-07.14:40:25.005 [scheduling-1    ] INFO  NoPayNotifyOrderJob    - 任务；检测未接收到或未正确处理的支付回调通知
25-02-07.14:40:25.005 [scheduling-1    ] INFO  HikariDataSource       - HikariPool-1 - Starting...
25-02-07.14:40:30.064 [scheduling-1    ] ERROR HikariPool             - HikariPool-1 - Exception during pool initialization.
java.sql.SQLNonTransientConnectionException: Could not create connection to database server. Attempted reconnect 3 times. Giving up.
	at com.mysql.cj.jdbc.exceptions.SQLError.createSQLException(SQLError.java:110)
	at com.mysql.cj.jdbc.exceptions.SQLError.createSQLException(SQLError.java:97)
	at com.mysql.cj.jdbc.exceptions.SQLError.createSQLException(SQLError.java:89)
	at com.mysql.cj.jdbc.exceptions.SQLError.createSQLException(SQLError.java:63)
	at com.mysql.cj.jdbc.exceptions.SQLError.createSQLException(SQLError.java:73)
	at com.mysql.cj.jdbc.ConnectionImpl.connectWithRetries(ConnectionImpl.java:903)
	at com.mysql.cj.jdbc.ConnectionImpl.createNewIO(ConnectionImpl.java:828)
	at com.mysql.cj.jdbc.ConnectionImpl.<init>(ConnectionImpl.java:453)
	at com.mysql.cj.jdbc.ConnectionImpl.getInstance(ConnectionImpl.java:246)
	at com.mysql.cj.jdbc.NonRegisteringDriver.connect(NonRegisteringDriver.java:198)
	at com.zaxxer.hikari.util.DriverDataSource.getConnection(DriverDataSource.java:138)
	at com.zaxxer.hikari.pool.PoolBase.newConnection(PoolBase.java:364)
	at com.zaxxer.hikari.pool.PoolBase.newPoolEntry(PoolBase.java:206)
	at com.zaxxer.hikari.pool.HikariPool.createPoolEntry(HikariPool.java:476)
	at com.zaxxer.hikari.pool.HikariPool.checkFailFast(HikariPool.java:561)
	at com.zaxxer.hikari.pool.HikariPool.<init>(HikariPool.java:115)
	at com.zaxxer.hikari.HikariDataSource.getConnection(HikariDataSource.java:112)
	at org.springframework.jdbc.datasource.DataSourceUtils.fetchConnection(DataSourceUtils.java:159)
	at org.springframework.jdbc.datasource.DataSourceUtils.doGetConnection(DataSourceUtils.java:117)
	at org.springframework.jdbc.datasource.DataSourceUtils.getConnection(DataSourceUtils.java:80)
	at org.mybatis.spring.transaction.SpringManagedTransaction.openConnection(SpringManagedTransaction.java:80)
	at org.mybatis.spring.transaction.SpringManagedTransaction.getConnection(SpringManagedTransaction.java:67)
	at org.apache.ibatis.executor.BaseExecutor.getConnection(BaseExecutor.java:337)
	at org.apache.ibatis.executor.SimpleExecutor.prepareStatement(SimpleExecutor.java:86)
	at org.apache.ibatis.executor.SimpleExecutor.doQuery(SimpleExecutor.java:62)
	at org.apache.ibatis.executor.BaseExecutor.queryFromDatabase(BaseExecutor.java:325)
	at org.apache.ibatis.executor.BaseExecutor.query(BaseExecutor.java:156)
	at org.apache.ibatis.executor.CachingExecutor.query(CachingExecutor.java:109)
	at org.apache.ibatis.executor.CachingExecutor.query(CachingExecutor.java:89)
	at org.apache.ibatis.session.defaults.DefaultSqlSession.selectList(DefaultSqlSession.java:147)
	at org.apache.ibatis.session.defaults.DefaultSqlSession.selectList(DefaultSqlSession.java:140)
	at sun.reflect.NativeMethodAccessorImpl.invoke0(Native Method)
	at sun.reflect.NativeMethodAccessorImpl.invoke(NativeMethodAccessorImpl.java:62)
	at sun.reflect.DelegatingMethodAccessorImpl.invoke(DelegatingMethodAccessorImpl.java:43)
	at java.lang.reflect.Method.invoke(Method.java:498)
	at org.mybatis.spring.SqlSessionTemplate$SqlSessionInterceptor.invoke(SqlSessionTemplate.java:427)
	at com.sun.proxy.$Proxy69.selectList(Unknown Source)
	at org.mybatis.spring.SqlSessionTemplate.selectList(SqlSessionTemplate.java:224)
	at org.apache.ibatis.binding.MapperMethod.executeForMany(MapperMethod.java:147)
	at org.apache.ibatis.binding.MapperMethod.execute(MapperMethod.java:80)
	at org.apache.ibatis.binding.MapperProxy$PlainMethodInvoker.invoke(MapperProxy.java:152)
	at org.apache.ibatis.binding.MapperProxy.invoke(MapperProxy.java:85)
	at com.sun.proxy.$Proxy70.queryNoPayNotifyOrder(Unknown Source)
	at org.example.service.impl.OrderServiceImpl.queryNoPayNotifyOrder(OrderServiceImpl.java:107)
	at org.example.job.NoPayNotifyOrderJob.exec(NoPayNotifyOrderJob.java:29)
	at sun.reflect.NativeMethodAccessorImpl.invoke0(Native Method)
	at sun.reflect.NativeMethodAccessorImpl.invoke(NativeMethodAccessorImpl.java:62)
	at sun.reflect.DelegatingMethodAccessorImpl.invoke(DelegatingMethodAccessorImpl.java:43)
	at java.lang.reflect.Method.invoke(Method.java:498)
	at org.springframework.scheduling.support.ScheduledMethodRunnable.run(ScheduledMethodRunnable.java:84)
	at org.springframework.scheduling.support.DelegatingErrorHandlingRunnable.run(DelegatingErrorHandlingRunnable.java:54)
	at org.springframework.scheduling.concurrent.ReschedulingRunnable.run(ReschedulingRunnable.java:95)
	at java.util.concurrent.Executors$RunnableAdapter.call(Executors.java:511)
	at java.util.concurrent.FutureTask.run$$$capture(FutureTask.java:266)
	at java.util.concurrent.FutureTask.run(FutureTask.java)
	at java.util.concurrent.ScheduledThreadPoolExecutor$ScheduledFutureTask.access$201(ScheduledThreadPoolExecutor.java:180)
	at java.util.concurrent.ScheduledThreadPoolExecutor$ScheduledFutureTask.run(ScheduledThreadPoolExecutor.java:293)
	at java.util.concurrent.ThreadPoolExecutor.runWorker(ThreadPoolExecutor.java:1149)
	at java.util.concurrent.ThreadPoolExecutor$Worker.run(ThreadPoolExecutor.java:624)
	at java.lang.Thread.run(Thread.java:750)
Caused by: com.mysql.cj.exceptions.CJException: Unknown database 's-pay-mall'
	at sun.reflect.GeneratedConstructorAccessor47.newInstance(Unknown Source)
	at sun.reflect.DelegatingConstructorAccessorImpl.newInstance(DelegatingConstructorAccessorImpl.java:45)
	at java.lang.reflect.Constructor.newInstance(Constructor.java:423)
	at com.mysql.cj.exceptions.ExceptionFactory.createException(ExceptionFactory.java:61)
	at com.mysql.cj.exceptions.ExceptionFactory.createException(ExceptionFactory.java:105)
	at com.mysql.cj.exceptions.ExceptionFactory.createException(ExceptionFactory.java:151)
	at com.mysql.cj.exceptions.ExceptionFactory.createException(ExceptionFactory.java:129)
	at com.mysql.cj.protocol.a.NativeProtocol.checkErrorMessage(NativeProtocol.java:794)
	at com.mysql.cj.protocol.a.NativeProtocol.checkErrorMessage(NativeProtocol.java:719)
	at com.mysql.cj.protocol.a.NativeProtocol.checkErrorMessage(NativeProtocol.java:687)
	at com.mysql.cj.protocol.a.NativeProtocol.checkErrorMessage(NativeProtocol.java:136)
	at com.mysql.cj.protocol.a.NativeAuthenticationProvider.proceedHandshakeWithPluggableAuthentication(NativeAuthenticationProvider.java:469)
	at com.mysql.cj.protocol.a.NativeAuthenticationProvider.connect(NativeAuthenticationProvider.java:174)
	at com.mysql.cj.protocol.a.NativeProtocol.connect(NativeProtocol.java:1350)
	at com.mysql.cj.NativeSession.connect(NativeSession.java:157)
	at com.mysql.cj.jdbc.ConnectionImpl.connectWithRetries(ConnectionImpl.java:847)
	... 54 common frames omitted
25-02-07.14:40:30.065 [scheduling-1    ] ERROR NoPayNotifyOrderJob    - 检测未接收到或未正确处理的支付回调通知失败
org.mybatis.spring.MyBatisSystemException: nested exception is org.apache.ibatis.exceptions.PersistenceException: 
### Error querying database.  Cause: org.springframework.jdbc.CannotGetJdbcConnectionException: Failed to obtain JDBC Connection; nested exception is java.sql.SQLNonTransientConnectionException: Could not create connection to database server. Attempted reconnect 3 times. Giving up.
### The error may exist in file [D:\Workspace\s-pay-mall-qiusu\s-pay-mall-controller\target\classes\mybatis\mapper\pay_order_mapper.xml]
### The error may involve org.example.dao.IOrderDao.queryNoPayNotifyOrder
### The error occurred while executing a query
### Cause: org.springframework.jdbc.CannotGetJdbcConnectionException: Failed to obtain JDBC Connection; nested exception is java.sql.SQLNonTransientConnectionException: Could not create connection to database server. Attempted reconnect 3 times. Giving up.
	at org.mybatis.spring.MyBatisExceptionTranslator.translateExceptionIfPossible(MyBatisExceptionTranslator.java:96)
	at org.mybatis.spring.SqlSessionTemplate$SqlSessionInterceptor.invoke(SqlSessionTemplate.java:441)
	at com.sun.proxy.$Proxy69.selectList(Unknown Source)
	at org.mybatis.spring.SqlSessionTemplate.selectList(SqlSessionTemplate.java:224)
	at org.apache.ibatis.binding.MapperMethod.executeForMany(MapperMethod.java:147)
	at org.apache.ibatis.binding.MapperMethod.execute(MapperMethod.java:80)
	at org.apache.ibatis.binding.MapperProxy$PlainMethodInvoker.invoke(MapperProxy.java:152)
	at org.apache.ibatis.binding.MapperProxy.invoke(MapperProxy.java:85)
	at com.sun.proxy.$Proxy70.queryNoPayNotifyOrder(Unknown Source)
	at org.example.service.impl.OrderServiceImpl.queryNoPayNotifyOrder(OrderServiceImpl.java:107)
	at org.example.job.NoPayNotifyOrderJob.exec(NoPayNotifyOrderJob.java:29)
	at sun.reflect.NativeMethodAccessorImpl.invoke0(Native Method)
	at sun.reflect.NativeMethodAccessorImpl.invoke(NativeMethodAccessorImpl.java:62)
	at sun.reflect.DelegatingMethodAccessorImpl.invoke(DelegatingMethodAccessorImpl.java:43)
	at java.lang.reflect.Method.invoke(Method.java:498)
	at org.springframework.scheduling.support.ScheduledMethodRunnable.run(ScheduledMethodRunnable.java:84)
	at org.springframework.scheduling.support.DelegatingErrorHandlingRunnable.run(DelegatingErrorHandlingRunnable.java:54)
	at org.springframework.scheduling.concurrent.ReschedulingRunnable.run(ReschedulingRunnable.java:95)
	at java.util.concurrent.Executors$RunnableAdapter.call(Executors.java:511)
	at java.util.concurrent.FutureTask.run$$$capture(FutureTask.java:266)
	at java.util.concurrent.FutureTask.run(FutureTask.java)
	at java.util.concurrent.ScheduledThreadPoolExecutor$ScheduledFutureTask.access$201(ScheduledThreadPoolExecutor.java:180)
	at java.util.concurrent.ScheduledThreadPoolExecutor$ScheduledFutureTask.run(ScheduledThreadPoolExecutor.java:293)
	at java.util.concurrent.ThreadPoolExecutor.runWorker(ThreadPoolExecutor.java:1149)
	at java.util.concurrent.ThreadPoolExecutor$Worker.run(ThreadPoolExecutor.java:624)
	at java.lang.Thread.run(Thread.java:750)
Caused by: org.apache.ibatis.exceptions.PersistenceException: 
### Error querying database.  Cause: org.springframework.jdbc.CannotGetJdbcConnectionException: Failed to obtain JDBC Connection; nested exception is java.sql.SQLNonTransientConnectionException: Could not create connection to database server. Attempted reconnect 3 times. Giving up.
### The error may exist in file [D:\Workspace\s-pay-mall-qiusu\s-pay-mall-controller\target\classes\mybatis\mapper\pay_order_mapper.xml]
### The error may involve org.example.dao.IOrderDao.queryNoPayNotifyOrder
### The error occurred while executing a query
### Cause: org.springframework.jdbc.CannotGetJdbcConnectionException: Failed to obtain JDBC Connection; nested exception is java.sql.SQLNonTransientConnectionException: Could not create connection to database server. Attempted reconnect 3 times. Giving up.
	at org.apache.ibatis.exceptions.ExceptionFactory.wrapException(ExceptionFactory.java:30)
	at org.apache.ibatis.session.defaults.DefaultSqlSession.selectList(DefaultSqlSession.java:149)
	at org.apache.ibatis.session.defaults.DefaultSqlSession.selectList(DefaultSqlSession.java:140)
	at sun.reflect.NativeMethodAccessorImpl.invoke0(Native Method)
	at sun.reflect.NativeMethodAccessorImpl.invoke(NativeMethodAccessorImpl.java:62)
	at sun.reflect.DelegatingMethodAccessorImpl.invoke(DelegatingMethodAccessorImpl.java:43)
	at java.lang.reflect.Method.invoke(Method.java:498)
	at org.mybatis.spring.SqlSessionTemplate$SqlSessionInterceptor.invoke(SqlSessionTemplate.java:427)
	... 24 common frames omitted
Caused by: org.springframework.jdbc.CannotGetJdbcConnectionException: Failed to obtain JDBC Connection; nested exception is java.sql.SQLNonTransientConnectionException: Could not create connection to database server. Attempted reconnect 3 times. Giving up.
	at org.springframework.jdbc.datasource.DataSourceUtils.getConnection(DataSourceUtils.java:83)
	at org.mybatis.spring.transaction.SpringManagedTransaction.openConnection(SpringManagedTransaction.java:80)
	at org.mybatis.spring.transaction.SpringManagedTransaction.getConnection(SpringManagedTransaction.java:67)
	at org.apache.ibatis.executor.BaseExecutor.getConnection(BaseExecutor.java:337)
	at org.apache.ibatis.executor.SimpleExecutor.prepareStatement(SimpleExecutor.java:86)
	at org.apache.ibatis.executor.SimpleExecutor.doQuery(SimpleExecutor.java:62)
	at org.apache.ibatis.executor.BaseExecutor.queryFromDatabase(BaseExecutor.java:325)
	at org.apache.ibatis.executor.BaseExecutor.query(BaseExecutor.java:156)
	at org.apache.ibatis.executor.CachingExecutor.query(CachingExecutor.java:109)
	at org.apache.ibatis.executor.CachingExecutor.query(CachingExecutor.java:89)
	at org.apache.ibatis.session.defaults.DefaultSqlSession.selectList(DefaultSqlSession.java:147)
	... 30 common frames omitted
Caused by: java.sql.SQLNonTransientConnectionException: Could not create connection to database server. Attempted reconnect 3 times. Giving up.
	at com.mysql.cj.jdbc.exceptions.SQLError.createSQLException(SQLError.java:110)
	at com.mysql.cj.jdbc.exceptions.SQLError.createSQLException(SQLError.java:97)
	at com.mysql.cj.jdbc.exceptions.SQLError.createSQLException(SQLError.java:89)
	at com.mysql.cj.jdbc.exceptions.SQLError.createSQLException(SQLError.java:63)
	at com.mysql.cj.jdbc.exceptions.SQLError.createSQLException(SQLError.java:73)
	at com.mysql.cj.jdbc.ConnectionImpl.connectWithRetries(ConnectionImpl.java:903)
	at com.mysql.cj.jdbc.ConnectionImpl.createNewIO(ConnectionImpl.java:828)
	at com.mysql.cj.jdbc.ConnectionImpl.<init>(ConnectionImpl.java:453)
	at com.mysql.cj.jdbc.ConnectionImpl.getInstance(ConnectionImpl.java:246)
	at com.mysql.cj.jdbc.NonRegisteringDriver.connect(NonRegisteringDriver.java:198)
	at com.zaxxer.hikari.util.DriverDataSource.getConnection(DriverDataSource.java:138)
	at com.zaxxer.hikari.pool.PoolBase.newConnection(PoolBase.java:364)
	at com.zaxxer.hikari.pool.PoolBase.newPoolEntry(PoolBase.java:206)
	at com.zaxxer.hikari.pool.HikariPool.createPoolEntry(HikariPool.java:476)
	at com.zaxxer.hikari.pool.HikariPool.checkFailFast(HikariPool.java:561)
	at com.zaxxer.hikari.pool.HikariPool.<init>(HikariPool.java:115)
	at com.zaxxer.hikari.HikariDataSource.getConnection(HikariDataSource.java:112)
	at org.springframework.jdbc.datasource.DataSourceUtils.fetchConnection(DataSourceUtils.java:159)
	at org.springframework.jdbc.datasource.DataSourceUtils.doGetConnection(DataSourceUtils.java:117)
	at org.springframework.jdbc.datasource.DataSourceUtils.getConnection(DataSourceUtils.java:80)
	... 40 common frames omitted
Caused by: com.mysql.cj.exceptions.CJException: Unknown database 's-pay-mall'
	at sun.reflect.GeneratedConstructorAccessor47.newInstance(Unknown Source)
	at sun.reflect.DelegatingConstructorAccessorImpl.newInstance(DelegatingConstructorAccessorImpl.java:45)
	at java.lang.reflect.Constructor.newInstance(Constructor.java:423)
	at com.mysql.cj.exceptions.ExceptionFactory.createException(ExceptionFactory.java:61)
	at com.mysql.cj.exceptions.ExceptionFactory.createException(ExceptionFactory.java:105)
	at com.mysql.cj.exceptions.ExceptionFactory.createException(ExceptionFactory.java:151)
	at com.mysql.cj.exceptions.ExceptionFactory.createException(ExceptionFactory.java:129)
	at com.mysql.cj.protocol.a.NativeProtocol.checkErrorMessage(NativeProtocol.java:794)
	at com.mysql.cj.protocol.a.NativeProtocol.checkErrorMessage(NativeProtocol.java:719)
	at com.mysql.cj.protocol.a.NativeProtocol.checkErrorMessage(NativeProtocol.java:687)
	at com.mysql.cj.protocol.a.NativeProtocol.checkErrorMessage(NativeProtocol.java:136)
	at com.mysql.cj.protocol.a.NativeAuthenticationProvider.proceedHandshakeWithPluggableAuthentication(NativeAuthenticationProvider.java:469)
	at com.mysql.cj.protocol.a.NativeAuthenticationProvider.connect(NativeAuthenticationProvider.java:174)
	at com.mysql.cj.protocol.a.NativeProtocol.connect(NativeProtocol.java:1350)
	at com.mysql.cj.NativeSession.connect(NativeSession.java:157)
	at com.mysql.cj.jdbc.ConnectionImpl.connectWithRetries(ConnectionImpl.java:847)
	... 54 common frames omitted
25-02-07.14:40:35.006 [scheduling-1    ] INFO  NoPayNotifyOrderJob    - 任务；检测未接收到或未正确处理的支付回调通知
25-02-07.14:40:35.006 [scheduling-1    ] INFO  HikariDataSource       - HikariPool-1 - Starting...
25-02-07.14:40:40.073 [scheduling-1    ] ERROR HikariPool             - HikariPool-1 - Exception during pool initialization.
java.sql.SQLNonTransientConnectionException: Could not create connection to database server. Attempted reconnect 3 times. Giving up.
	at com.mysql.cj.jdbc.exceptions.SQLError.createSQLException(SQLError.java:110)
	at com.mysql.cj.jdbc.exceptions.SQLError.createSQLException(SQLError.java:97)
	at com.mysql.cj.jdbc.exceptions.SQLError.createSQLException(SQLError.java:89)
	at com.mysql.cj.jdbc.exceptions.SQLError.createSQLException(SQLError.java:63)
	at com.mysql.cj.jdbc.exceptions.SQLError.createSQLException(SQLError.java:73)
	at com.mysql.cj.jdbc.ConnectionImpl.connectWithRetries(ConnectionImpl.java:903)
	at com.mysql.cj.jdbc.ConnectionImpl.createNewIO(ConnectionImpl.java:828)
	at com.mysql.cj.jdbc.ConnectionImpl.<init>(ConnectionImpl.java:453)
	at com.mysql.cj.jdbc.ConnectionImpl.getInstance(ConnectionImpl.java:246)
	at com.mysql.cj.jdbc.NonRegisteringDriver.connect(NonRegisteringDriver.java:198)
	at com.zaxxer.hikari.util.DriverDataSource.getConnection(DriverDataSource.java:138)
	at com.zaxxer.hikari.pool.PoolBase.newConnection(PoolBase.java:364)
	at com.zaxxer.hikari.pool.PoolBase.newPoolEntry(PoolBase.java:206)
	at com.zaxxer.hikari.pool.HikariPool.createPoolEntry(HikariPool.java:476)
	at com.zaxxer.hikari.pool.HikariPool.checkFailFast(HikariPool.java:561)
	at com.zaxxer.hikari.pool.HikariPool.<init>(HikariPool.java:115)
	at com.zaxxer.hikari.HikariDataSource.getConnection(HikariDataSource.java:112)
	at org.springframework.jdbc.datasource.DataSourceUtils.fetchConnection(DataSourceUtils.java:159)
	at org.springframework.jdbc.datasource.DataSourceUtils.doGetConnection(DataSourceUtils.java:117)
	at org.springframework.jdbc.datasource.DataSourceUtils.getConnection(DataSourceUtils.java:80)
	at org.mybatis.spring.transaction.SpringManagedTransaction.openConnection(SpringManagedTransaction.java:80)
	at org.mybatis.spring.transaction.SpringManagedTransaction.getConnection(SpringManagedTransaction.java:67)
	at org.apache.ibatis.executor.BaseExecutor.getConnection(BaseExecutor.java:337)
	at org.apache.ibatis.executor.SimpleExecutor.prepareStatement(SimpleExecutor.java:86)
	at org.apache.ibatis.executor.SimpleExecutor.doQuery(SimpleExecutor.java:62)
	at org.apache.ibatis.executor.BaseExecutor.queryFromDatabase(BaseExecutor.java:325)
	at org.apache.ibatis.executor.BaseExecutor.query(BaseExecutor.java:156)
	at org.apache.ibatis.executor.CachingExecutor.query(CachingExecutor.java:109)
	at org.apache.ibatis.executor.CachingExecutor.query(CachingExecutor.java:89)
	at org.apache.ibatis.session.defaults.DefaultSqlSession.selectList(DefaultSqlSession.java:147)
	at org.apache.ibatis.session.defaults.DefaultSqlSession.selectList(DefaultSqlSession.java:140)
	at sun.reflect.NativeMethodAccessorImpl.invoke0(Native Method)
	at sun.reflect.NativeMethodAccessorImpl.invoke(NativeMethodAccessorImpl.java:62)
	at sun.reflect.DelegatingMethodAccessorImpl.invoke(DelegatingMethodAccessorImpl.java:43)
	at java.lang.reflect.Method.invoke(Method.java:498)
	at org.mybatis.spring.SqlSessionTemplate$SqlSessionInterceptor.invoke(SqlSessionTemplate.java:427)
	at com.sun.proxy.$Proxy69.selectList(Unknown Source)
	at org.mybatis.spring.SqlSessionTemplate.selectList(SqlSessionTemplate.java:224)
	at org.apache.ibatis.binding.MapperMethod.executeForMany(MapperMethod.java:147)
	at org.apache.ibatis.binding.MapperMethod.execute(MapperMethod.java:80)
	at org.apache.ibatis.binding.MapperProxy$PlainMethodInvoker.invoke(MapperProxy.java:152)
	at org.apache.ibatis.binding.MapperProxy.invoke(MapperProxy.java:85)
	at com.sun.proxy.$Proxy70.queryNoPayNotifyOrder(Unknown Source)
	at org.example.service.impl.OrderServiceImpl.queryNoPayNotifyOrder(OrderServiceImpl.java:107)
	at org.example.job.NoPayNotifyOrderJob.exec(NoPayNotifyOrderJob.java:29)
	at sun.reflect.NativeMethodAccessorImpl.invoke0(Native Method)
	at sun.reflect.NativeMethodAccessorImpl.invoke(NativeMethodAccessorImpl.java:62)
	at sun.reflect.DelegatingMethodAccessorImpl.invoke(DelegatingMethodAccessorImpl.java:43)
	at java.lang.reflect.Method.invoke(Method.java:498)
	at org.springframework.scheduling.support.ScheduledMethodRunnable.run(ScheduledMethodRunnable.java:84)
	at org.springframework.scheduling.support.DelegatingErrorHandlingRunnable.run(DelegatingErrorHandlingRunnable.java:54)
	at org.springframework.scheduling.concurrent.ReschedulingRunnable.run(ReschedulingRunnable.java:95)
	at java.util.concurrent.Executors$RunnableAdapter.call(Executors.java:511)
	at java.util.concurrent.FutureTask.run$$$capture(FutureTask.java:266)
	at java.util.concurrent.FutureTask.run(FutureTask.java)
	at java.util.concurrent.ScheduledThreadPoolExecutor$ScheduledFutureTask.access$201(ScheduledThreadPoolExecutor.java:180)
	at java.util.concurrent.ScheduledThreadPoolExecutor$ScheduledFutureTask.run(ScheduledThreadPoolExecutor.java:293)
	at java.util.concurrent.ThreadPoolExecutor.runWorker(ThreadPoolExecutor.java:1149)
	at java.util.concurrent.ThreadPoolExecutor$Worker.run(ThreadPoolExecutor.java:624)
	at java.lang.Thread.run(Thread.java:750)
Caused by: com.mysql.cj.exceptions.CJException: Unknown database 's-pay-mall'
	at sun.reflect.GeneratedConstructorAccessor47.newInstance(Unknown Source)
	at sun.reflect.DelegatingConstructorAccessorImpl.newInstance(DelegatingConstructorAccessorImpl.java:45)
	at java.lang.reflect.Constructor.newInstance(Constructor.java:423)
	at com.mysql.cj.exceptions.ExceptionFactory.createException(ExceptionFactory.java:61)
	at com.mysql.cj.exceptions.ExceptionFactory.createException(ExceptionFactory.java:105)
	at com.mysql.cj.exceptions.ExceptionFactory.createException(ExceptionFactory.java:151)
	at com.mysql.cj.exceptions.ExceptionFactory.createException(ExceptionFactory.java:129)
	at com.mysql.cj.protocol.a.NativeProtocol.checkErrorMessage(NativeProtocol.java:794)
	at com.mysql.cj.protocol.a.NativeProtocol.checkErrorMessage(NativeProtocol.java:719)
	at com.mysql.cj.protocol.a.NativeProtocol.checkErrorMessage(NativeProtocol.java:687)
	at com.mysql.cj.protocol.a.NativeProtocol.checkErrorMessage(NativeProtocol.java:136)
	at com.mysql.cj.protocol.a.NativeAuthenticationProvider.proceedHandshakeWithPluggableAuthentication(NativeAuthenticationProvider.java:469)
	at com.mysql.cj.protocol.a.NativeAuthenticationProvider.connect(NativeAuthenticationProvider.java:174)
	at com.mysql.cj.protocol.a.NativeProtocol.connect(NativeProtocol.java:1350)
	at com.mysql.cj.NativeSession.connect(NativeSession.java:157)
	at com.mysql.cj.jdbc.ConnectionImpl.connectWithRetries(ConnectionImpl.java:847)
	... 54 common frames omitted
25-02-07.14:40:40.074 [scheduling-1    ] ERROR NoPayNotifyOrderJob    - 检测未接收到或未正确处理的支付回调通知失败
org.mybatis.spring.MyBatisSystemException: nested exception is org.apache.ibatis.exceptions.PersistenceException: 
### Error querying database.  Cause: org.springframework.jdbc.CannotGetJdbcConnectionException: Failed to obtain JDBC Connection; nested exception is java.sql.SQLNonTransientConnectionException: Could not create connection to database server. Attempted reconnect 3 times. Giving up.
### The error may exist in file [D:\Workspace\s-pay-mall-qiusu\s-pay-mall-controller\target\classes\mybatis\mapper\pay_order_mapper.xml]
### The error may involve org.example.dao.IOrderDao.queryNoPayNotifyOrder
### The error occurred while executing a query
### Cause: org.springframework.jdbc.CannotGetJdbcConnectionException: Failed to obtain JDBC Connection; nested exception is java.sql.SQLNonTransientConnectionException: Could not create connection to database server. Attempted reconnect 3 times. Giving up.
	at org.mybatis.spring.MyBatisExceptionTranslator.translateExceptionIfPossible(MyBatisExceptionTranslator.java:96)
	at org.mybatis.spring.SqlSessionTemplate$SqlSessionInterceptor.invoke(SqlSessionTemplate.java:441)
	at com.sun.proxy.$Proxy69.selectList(Unknown Source)
	at org.mybatis.spring.SqlSessionTemplate.selectList(SqlSessionTemplate.java:224)
	at org.apache.ibatis.binding.MapperMethod.executeForMany(MapperMethod.java:147)
	at org.apache.ibatis.binding.MapperMethod.execute(MapperMethod.java:80)
	at org.apache.ibatis.binding.MapperProxy$PlainMethodInvoker.invoke(MapperProxy.java:152)
	at org.apache.ibatis.binding.MapperProxy.invoke(MapperProxy.java:85)
	at com.sun.proxy.$Proxy70.queryNoPayNotifyOrder(Unknown Source)
	at org.example.service.impl.OrderServiceImpl.queryNoPayNotifyOrder(OrderServiceImpl.java:107)
	at org.example.job.NoPayNotifyOrderJob.exec(NoPayNotifyOrderJob.java:29)
	at sun.reflect.NativeMethodAccessorImpl.invoke0(Native Method)
	at sun.reflect.NativeMethodAccessorImpl.invoke(NativeMethodAccessorImpl.java:62)
	at sun.reflect.DelegatingMethodAccessorImpl.invoke(DelegatingMethodAccessorImpl.java:43)
	at java.lang.reflect.Method.invoke(Method.java:498)
	at org.springframework.scheduling.support.ScheduledMethodRunnable.run(ScheduledMethodRunnable.java:84)
	at org.springframework.scheduling.support.DelegatingErrorHandlingRunnable.run(DelegatingErrorHandlingRunnable.java:54)
	at org.springframework.scheduling.concurrent.ReschedulingRunnable.run(ReschedulingRunnable.java:95)
	at java.util.concurrent.Executors$RunnableAdapter.call(Executors.java:511)
	at java.util.concurrent.FutureTask.run$$$capture(FutureTask.java:266)
	at java.util.concurrent.FutureTask.run(FutureTask.java)
	at java.util.concurrent.ScheduledThreadPoolExecutor$ScheduledFutureTask.access$201(ScheduledThreadPoolExecutor.java:180)
	at java.util.concurrent.ScheduledThreadPoolExecutor$ScheduledFutureTask.run(ScheduledThreadPoolExecutor.java:293)
	at java.util.concurrent.ThreadPoolExecutor.runWorker(ThreadPoolExecutor.java:1149)
	at java.util.concurrent.ThreadPoolExecutor$Worker.run(ThreadPoolExecutor.java:624)
	at java.lang.Thread.run(Thread.java:750)
Caused by: org.apache.ibatis.exceptions.PersistenceException: 
### Error querying database.  Cause: org.springframework.jdbc.CannotGetJdbcConnectionException: Failed to obtain JDBC Connection; nested exception is java.sql.SQLNonTransientConnectionException: Could not create connection to database server. Attempted reconnect 3 times. Giving up.
### The error may exist in file [D:\Workspace\s-pay-mall-qiusu\s-pay-mall-controller\target\classes\mybatis\mapper\pay_order_mapper.xml]
### The error may involve org.example.dao.IOrderDao.queryNoPayNotifyOrder
### The error occurred while executing a query
### Cause: org.springframework.jdbc.CannotGetJdbcConnectionException: Failed to obtain JDBC Connection; nested exception is java.sql.SQLNonTransientConnectionException: Could not create connection to database server. Attempted reconnect 3 times. Giving up.
	at org.apache.ibatis.exceptions.ExceptionFactory.wrapException(ExceptionFactory.java:30)
	at org.apache.ibatis.session.defaults.DefaultSqlSession.selectList(DefaultSqlSession.java:149)
	at org.apache.ibatis.session.defaults.DefaultSqlSession.selectList(DefaultSqlSession.java:140)
	at sun.reflect.NativeMethodAccessorImpl.invoke0(Native Method)
	at sun.reflect.NativeMethodAccessorImpl.invoke(NativeMethodAccessorImpl.java:62)
	at sun.reflect.DelegatingMethodAccessorImpl.invoke(DelegatingMethodAccessorImpl.java:43)
	at java.lang.reflect.Method.invoke(Method.java:498)
	at org.mybatis.spring.SqlSessionTemplate$SqlSessionInterceptor.invoke(SqlSessionTemplate.java:427)
	... 24 common frames omitted
Caused by: org.springframework.jdbc.CannotGetJdbcConnectionException: Failed to obtain JDBC Connection; nested exception is java.sql.SQLNonTransientConnectionException: Could not create connection to database server. Attempted reconnect 3 times. Giving up.
	at org.springframework.jdbc.datasource.DataSourceUtils.getConnection(DataSourceUtils.java:83)
	at org.mybatis.spring.transaction.SpringManagedTransaction.openConnection(SpringManagedTransaction.java:80)
	at org.mybatis.spring.transaction.SpringManagedTransaction.getConnection(SpringManagedTransaction.java:67)
	at org.apache.ibatis.executor.BaseExecutor.getConnection(BaseExecutor.java:337)
	at org.apache.ibatis.executor.SimpleExecutor.prepareStatement(SimpleExecutor.java:86)
	at org.apache.ibatis.executor.SimpleExecutor.doQuery(SimpleExecutor.java:62)
	at org.apache.ibatis.executor.BaseExecutor.queryFromDatabase(BaseExecutor.java:325)
	at org.apache.ibatis.executor.BaseExecutor.query(BaseExecutor.java:156)
	at org.apache.ibatis.executor.CachingExecutor.query(CachingExecutor.java:109)
	at org.apache.ibatis.executor.CachingExecutor.query(CachingExecutor.java:89)
	at org.apache.ibatis.session.defaults.DefaultSqlSession.selectList(DefaultSqlSession.java:147)
	... 30 common frames omitted
Caused by: java.sql.SQLNonTransientConnectionException: Could not create connection to database server. Attempted reconnect 3 times. Giving up.
	at com.mysql.cj.jdbc.exceptions.SQLError.createSQLException(SQLError.java:110)
	at com.mysql.cj.jdbc.exceptions.SQLError.createSQLException(SQLError.java:97)
	at com.mysql.cj.jdbc.exceptions.SQLError.createSQLException(SQLError.java:89)
	at com.mysql.cj.jdbc.exceptions.SQLError.createSQLException(SQLError.java:63)
	at com.mysql.cj.jdbc.exceptions.SQLError.createSQLException(SQLError.java:73)
	at com.mysql.cj.jdbc.ConnectionImpl.connectWithRetries(ConnectionImpl.java:903)
	at com.mysql.cj.jdbc.ConnectionImpl.createNewIO(ConnectionImpl.java:828)
	at com.mysql.cj.jdbc.ConnectionImpl.<init>(ConnectionImpl.java:453)
	at com.mysql.cj.jdbc.ConnectionImpl.getInstance(ConnectionImpl.java:246)
	at com.mysql.cj.jdbc.NonRegisteringDriver.connect(NonRegisteringDriver.java:198)
	at com.zaxxer.hikari.util.DriverDataSource.getConnection(DriverDataSource.java:138)
	at com.zaxxer.hikari.pool.PoolBase.newConnection(PoolBase.java:364)
	at com.zaxxer.hikari.pool.PoolBase.newPoolEntry(PoolBase.java:206)
	at com.zaxxer.hikari.pool.HikariPool.createPoolEntry(HikariPool.java:476)
	at com.zaxxer.hikari.pool.HikariPool.checkFailFast(HikariPool.java:561)
	at com.zaxxer.hikari.pool.HikariPool.<init>(HikariPool.java:115)
	at com.zaxxer.hikari.HikariDataSource.getConnection(HikariDataSource.java:112)
	at org.springframework.jdbc.datasource.DataSourceUtils.fetchConnection(DataSourceUtils.java:159)
	at org.springframework.jdbc.datasource.DataSourceUtils.doGetConnection(DataSourceUtils.java:117)
	at org.springframework.jdbc.datasource.DataSourceUtils.getConnection(DataSourceUtils.java:80)
	... 40 common frames omitted
Caused by: com.mysql.cj.exceptions.CJException: Unknown database 's-pay-mall'
	at sun.reflect.GeneratedConstructorAccessor47.newInstance(Unknown Source)
	at sun.reflect.DelegatingConstructorAccessorImpl.newInstance(DelegatingConstructorAccessorImpl.java:45)
	at java.lang.reflect.Constructor.newInstance(Constructor.java:423)
	at com.mysql.cj.exceptions.ExceptionFactory.createException(ExceptionFactory.java:61)
	at com.mysql.cj.exceptions.ExceptionFactory.createException(ExceptionFactory.java:105)
	at com.mysql.cj.exceptions.ExceptionFactory.createException(ExceptionFactory.java:151)
	at com.mysql.cj.exceptions.ExceptionFactory.createException(ExceptionFactory.java:129)
	at com.mysql.cj.protocol.a.NativeProtocol.checkErrorMessage(NativeProtocol.java:794)
	at com.mysql.cj.protocol.a.NativeProtocol.checkErrorMessage(NativeProtocol.java:719)
	at com.mysql.cj.protocol.a.NativeProtocol.checkErrorMessage(NativeProtocol.java:687)
	at com.mysql.cj.protocol.a.NativeProtocol.checkErrorMessage(NativeProtocol.java:136)
	at com.mysql.cj.protocol.a.NativeAuthenticationProvider.proceedHandshakeWithPluggableAuthentication(NativeAuthenticationProvider.java:469)
	at com.mysql.cj.protocol.a.NativeAuthenticationProvider.connect(NativeAuthenticationProvider.java:174)
	at com.mysql.cj.protocol.a.NativeProtocol.connect(NativeProtocol.java:1350)
	at com.mysql.cj.NativeSession.connect(NativeSession.java:157)
	at com.mysql.cj.jdbc.ConnectionImpl.connectWithRetries(ConnectionImpl.java:847)
	... 54 common frames omitted
25-02-07.14:40:45.008 [scheduling-1    ] INFO  NoPayNotifyOrderJob    - 任务；检测未接收到或未正确处理的支付回调通知
25-02-07.14:40:45.008 [scheduling-1    ] INFO  HikariDataSource       - HikariPool-1 - Starting...
25-02-07.14:40:50.089 [scheduling-1    ] ERROR HikariPool             - HikariPool-1 - Exception during pool initialization.
java.sql.SQLNonTransientConnectionException: Could not create connection to database server. Attempted reconnect 3 times. Giving up.
	at com.mysql.cj.jdbc.exceptions.SQLError.createSQLException(SQLError.java:110)
	at com.mysql.cj.jdbc.exceptions.SQLError.createSQLException(SQLError.java:97)
	at com.mysql.cj.jdbc.exceptions.SQLError.createSQLException(SQLError.java:89)
	at com.mysql.cj.jdbc.exceptions.SQLError.createSQLException(SQLError.java:63)
	at com.mysql.cj.jdbc.exceptions.SQLError.createSQLException(SQLError.java:73)
	at com.mysql.cj.jdbc.ConnectionImpl.connectWithRetries(ConnectionImpl.java:903)
	at com.mysql.cj.jdbc.ConnectionImpl.createNewIO(ConnectionImpl.java:828)
	at com.mysql.cj.jdbc.ConnectionImpl.<init>(ConnectionImpl.java:453)
	at com.mysql.cj.jdbc.ConnectionImpl.getInstance(ConnectionImpl.java:246)
	at com.mysql.cj.jdbc.NonRegisteringDriver.connect(NonRegisteringDriver.java:198)
	at com.zaxxer.hikari.util.DriverDataSource.getConnection(DriverDataSource.java:138)
	at com.zaxxer.hikari.pool.PoolBase.newConnection(PoolBase.java:364)
	at com.zaxxer.hikari.pool.PoolBase.newPoolEntry(PoolBase.java:206)
	at com.zaxxer.hikari.pool.HikariPool.createPoolEntry(HikariPool.java:476)
	at com.zaxxer.hikari.pool.HikariPool.checkFailFast(HikariPool.java:561)
	at com.zaxxer.hikari.pool.HikariPool.<init>(HikariPool.java:115)
	at com.zaxxer.hikari.HikariDataSource.getConnection(HikariDataSource.java:112)
	at org.springframework.jdbc.datasource.DataSourceUtils.fetchConnection(DataSourceUtils.java:159)
	at org.springframework.jdbc.datasource.DataSourceUtils.doGetConnection(DataSourceUtils.java:117)
	at org.springframework.jdbc.datasource.DataSourceUtils.getConnection(DataSourceUtils.java:80)
	at org.mybatis.spring.transaction.SpringManagedTransaction.openConnection(SpringManagedTransaction.java:80)
	at org.mybatis.spring.transaction.SpringManagedTransaction.getConnection(SpringManagedTransaction.java:67)
	at org.apache.ibatis.executor.BaseExecutor.getConnection(BaseExecutor.java:337)
	at org.apache.ibatis.executor.SimpleExecutor.prepareStatement(SimpleExecutor.java:86)
	at org.apache.ibatis.executor.SimpleExecutor.doQuery(SimpleExecutor.java:62)
	at org.apache.ibatis.executor.BaseExecutor.queryFromDatabase(BaseExecutor.java:325)
	at org.apache.ibatis.executor.BaseExecutor.query(BaseExecutor.java:156)
	at org.apache.ibatis.executor.CachingExecutor.query(CachingExecutor.java:109)
	at org.apache.ibatis.executor.CachingExecutor.query(CachingExecutor.java:89)
	at org.apache.ibatis.session.defaults.DefaultSqlSession.selectList(DefaultSqlSession.java:147)
	at org.apache.ibatis.session.defaults.DefaultSqlSession.selectList(DefaultSqlSession.java:140)
	at sun.reflect.NativeMethodAccessorImpl.invoke0(Native Method)
	at sun.reflect.NativeMethodAccessorImpl.invoke(NativeMethodAccessorImpl.java:62)
	at sun.reflect.DelegatingMethodAccessorImpl.invoke(DelegatingMethodAccessorImpl.java:43)
	at java.lang.reflect.Method.invoke(Method.java:498)
	at org.mybatis.spring.SqlSessionTemplate$SqlSessionInterceptor.invoke(SqlSessionTemplate.java:427)
	at com.sun.proxy.$Proxy69.selectList(Unknown Source)
	at org.mybatis.spring.SqlSessionTemplate.selectList(SqlSessionTemplate.java:224)
	at org.apache.ibatis.binding.MapperMethod.executeForMany(MapperMethod.java:147)
	at org.apache.ibatis.binding.MapperMethod.execute(MapperMethod.java:80)
	at org.apache.ibatis.binding.MapperProxy$PlainMethodInvoker.invoke(MapperProxy.java:152)
	at org.apache.ibatis.binding.MapperProxy.invoke(MapperProxy.java:85)
	at com.sun.proxy.$Proxy70.queryNoPayNotifyOrder(Unknown Source)
	at org.example.service.impl.OrderServiceImpl.queryNoPayNotifyOrder(OrderServiceImpl.java:107)
	at org.example.job.NoPayNotifyOrderJob.exec(NoPayNotifyOrderJob.java:29)
	at sun.reflect.NativeMethodAccessorImpl.invoke0(Native Method)
	at sun.reflect.NativeMethodAccessorImpl.invoke(NativeMethodAccessorImpl.java:62)
	at sun.reflect.DelegatingMethodAccessorImpl.invoke(DelegatingMethodAccessorImpl.java:43)
	at java.lang.reflect.Method.invoke(Method.java:498)
	at org.springframework.scheduling.support.ScheduledMethodRunnable.run(ScheduledMethodRunnable.java:84)
	at org.springframework.scheduling.support.DelegatingErrorHandlingRunnable.run(DelegatingErrorHandlingRunnable.java:54)
	at org.springframework.scheduling.concurrent.ReschedulingRunnable.run(ReschedulingRunnable.java:95)
	at java.util.concurrent.Executors$RunnableAdapter.call(Executors.java:511)
	at java.util.concurrent.FutureTask.run$$$capture(FutureTask.java:266)
	at java.util.concurrent.FutureTask.run(FutureTask.java)
	at java.util.concurrent.ScheduledThreadPoolExecutor$ScheduledFutureTask.access$201(ScheduledThreadPoolExecutor.java:180)
	at java.util.concurrent.ScheduledThreadPoolExecutor$ScheduledFutureTask.run(ScheduledThreadPoolExecutor.java:293)
	at java.util.concurrent.ThreadPoolExecutor.runWorker(ThreadPoolExecutor.java:1149)
	at java.util.concurrent.ThreadPoolExecutor$Worker.run(ThreadPoolExecutor.java:624)
	at java.lang.Thread.run(Thread.java:750)
Caused by: com.mysql.cj.exceptions.CJException: Unknown database 's-pay-mall'
	at sun.reflect.GeneratedConstructorAccessor47.newInstance(Unknown Source)
	at sun.reflect.DelegatingConstructorAccessorImpl.newInstance(DelegatingConstructorAccessorImpl.java:45)
	at java.lang.reflect.Constructor.newInstance(Constructor.java:423)
	at com.mysql.cj.exceptions.ExceptionFactory.createException(ExceptionFactory.java:61)
	at com.mysql.cj.exceptions.ExceptionFactory.createException(ExceptionFactory.java:105)
	at com.mysql.cj.exceptions.ExceptionFactory.createException(ExceptionFactory.java:151)
	at com.mysql.cj.exceptions.ExceptionFactory.createException(ExceptionFactory.java:129)
	at com.mysql.cj.protocol.a.NativeProtocol.checkErrorMessage(NativeProtocol.java:794)
	at com.mysql.cj.protocol.a.NativeProtocol.checkErrorMessage(NativeProtocol.java:719)
	at com.mysql.cj.protocol.a.NativeProtocol.checkErrorMessage(NativeProtocol.java:687)
	at com.mysql.cj.protocol.a.NativeProtocol.checkErrorMessage(NativeProtocol.java:136)
	at com.mysql.cj.protocol.a.NativeAuthenticationProvider.proceedHandshakeWithPluggableAuthentication(NativeAuthenticationProvider.java:469)
	at com.mysql.cj.protocol.a.NativeAuthenticationProvider.connect(NativeAuthenticationProvider.java:174)
	at com.mysql.cj.protocol.a.NativeProtocol.connect(NativeProtocol.java:1350)
	at com.mysql.cj.NativeSession.connect(NativeSession.java:157)
	at com.mysql.cj.jdbc.ConnectionImpl.connectWithRetries(ConnectionImpl.java:847)
	... 54 common frames omitted
25-02-07.14:40:50.090 [scheduling-1    ] ERROR NoPayNotifyOrderJob    - 检测未接收到或未正确处理的支付回调通知失败
org.mybatis.spring.MyBatisSystemException: nested exception is org.apache.ibatis.exceptions.PersistenceException: 
### Error querying database.  Cause: org.springframework.jdbc.CannotGetJdbcConnectionException: Failed to obtain JDBC Connection; nested exception is java.sql.SQLNonTransientConnectionException: Could not create connection to database server. Attempted reconnect 3 times. Giving up.
### The error may exist in file [D:\Workspace\s-pay-mall-qiusu\s-pay-mall-controller\target\classes\mybatis\mapper\pay_order_mapper.xml]
### The error may involve org.example.dao.IOrderDao.queryNoPayNotifyOrder
### The error occurred while executing a query
### Cause: org.springframework.jdbc.CannotGetJdbcConnectionException: Failed to obtain JDBC Connection; nested exception is java.sql.SQLNonTransientConnectionException: Could not create connection to database server. Attempted reconnect 3 times. Giving up.
	at org.mybatis.spring.MyBatisExceptionTranslator.translateExceptionIfPossible(MyBatisExceptionTranslator.java:96)
	at org.mybatis.spring.SqlSessionTemplate$SqlSessionInterceptor.invoke(SqlSessionTemplate.java:441)
	at com.sun.proxy.$Proxy69.selectList(Unknown Source)
	at org.mybatis.spring.SqlSessionTemplate.selectList(SqlSessionTemplate.java:224)
	at org.apache.ibatis.binding.MapperMethod.executeForMany(MapperMethod.java:147)
	at org.apache.ibatis.binding.MapperMethod.execute(MapperMethod.java:80)
	at org.apache.ibatis.binding.MapperProxy$PlainMethodInvoker.invoke(MapperProxy.java:152)
	at org.apache.ibatis.binding.MapperProxy.invoke(MapperProxy.java:85)
	at com.sun.proxy.$Proxy70.queryNoPayNotifyOrder(Unknown Source)
	at org.example.service.impl.OrderServiceImpl.queryNoPayNotifyOrder(OrderServiceImpl.java:107)
	at org.example.job.NoPayNotifyOrderJob.exec(NoPayNotifyOrderJob.java:29)
	at sun.reflect.NativeMethodAccessorImpl.invoke0(Native Method)
	at sun.reflect.NativeMethodAccessorImpl.invoke(NativeMethodAccessorImpl.java:62)
	at sun.reflect.DelegatingMethodAccessorImpl.invoke(DelegatingMethodAccessorImpl.java:43)
	at java.lang.reflect.Method.invoke(Method.java:498)
	at org.springframework.scheduling.support.ScheduledMethodRunnable.run(ScheduledMethodRunnable.java:84)
	at org.springframework.scheduling.support.DelegatingErrorHandlingRunnable.run(DelegatingErrorHandlingRunnable.java:54)
	at org.springframework.scheduling.concurrent.ReschedulingRunnable.run(ReschedulingRunnable.java:95)
	at java.util.concurrent.Executors$RunnableAdapter.call(Executors.java:511)
	at java.util.concurrent.FutureTask.run$$$capture(FutureTask.java:266)
	at java.util.concurrent.FutureTask.run(FutureTask.java)
	at java.util.concurrent.ScheduledThreadPoolExecutor$ScheduledFutureTask.access$201(ScheduledThreadPoolExecutor.java:180)
	at java.util.concurrent.ScheduledThreadPoolExecutor$ScheduledFutureTask.run(ScheduledThreadPoolExecutor.java:293)
	at java.util.concurrent.ThreadPoolExecutor.runWorker(ThreadPoolExecutor.java:1149)
	at java.util.concurrent.ThreadPoolExecutor$Worker.run(ThreadPoolExecutor.java:624)
	at java.lang.Thread.run(Thread.java:750)
Caused by: org.apache.ibatis.exceptions.PersistenceException: 
### Error querying database.  Cause: org.springframework.jdbc.CannotGetJdbcConnectionException: Failed to obtain JDBC Connection; nested exception is java.sql.SQLNonTransientConnectionException: Could not create connection to database server. Attempted reconnect 3 times. Giving up.
### The error may exist in file [D:\Workspace\s-pay-mall-qiusu\s-pay-mall-controller\target\classes\mybatis\mapper\pay_order_mapper.xml]
### The error may involve org.example.dao.IOrderDao.queryNoPayNotifyOrder
### The error occurred while executing a query
### Cause: org.springframework.jdbc.CannotGetJdbcConnectionException: Failed to obtain JDBC Connection; nested exception is java.sql.SQLNonTransientConnectionException: Could not create connection to database server. Attempted reconnect 3 times. Giving up.
	at org.apache.ibatis.exceptions.ExceptionFactory.wrapException(ExceptionFactory.java:30)
	at org.apache.ibatis.session.defaults.DefaultSqlSession.selectList(DefaultSqlSession.java:149)
	at org.apache.ibatis.session.defaults.DefaultSqlSession.selectList(DefaultSqlSession.java:140)
	at sun.reflect.NativeMethodAccessorImpl.invoke0(Native Method)
	at sun.reflect.NativeMethodAccessorImpl.invoke(NativeMethodAccessorImpl.java:62)
	at sun.reflect.DelegatingMethodAccessorImpl.invoke(DelegatingMethodAccessorImpl.java:43)
	at java.lang.reflect.Method.invoke(Method.java:498)
	at org.mybatis.spring.SqlSessionTemplate$SqlSessionInterceptor.invoke(SqlSessionTemplate.java:427)
	... 24 common frames omitted
Caused by: org.springframework.jdbc.CannotGetJdbcConnectionException: Failed to obtain JDBC Connection; nested exception is java.sql.SQLNonTransientConnectionException: Could not create connection to database server. Attempted reconnect 3 times. Giving up.
	at org.springframework.jdbc.datasource.DataSourceUtils.getConnection(DataSourceUtils.java:83)
	at org.mybatis.spring.transaction.SpringManagedTransaction.openConnection(SpringManagedTransaction.java:80)
	at org.mybatis.spring.transaction.SpringManagedTransaction.getConnection(SpringManagedTransaction.java:67)
	at org.apache.ibatis.executor.BaseExecutor.getConnection(BaseExecutor.java:337)
	at org.apache.ibatis.executor.SimpleExecutor.prepareStatement(SimpleExecutor.java:86)
	at org.apache.ibatis.executor.SimpleExecutor.doQuery(SimpleExecutor.java:62)
	at org.apache.ibatis.executor.BaseExecutor.queryFromDatabase(BaseExecutor.java:325)
	at org.apache.ibatis.executor.BaseExecutor.query(BaseExecutor.java:156)
	at org.apache.ibatis.executor.CachingExecutor.query(CachingExecutor.java:109)
	at org.apache.ibatis.executor.CachingExecutor.query(CachingExecutor.java:89)
	at org.apache.ibatis.session.defaults.DefaultSqlSession.selectList(DefaultSqlSession.java:147)
	... 30 common frames omitted
Caused by: java.sql.SQLNonTransientConnectionException: Could not create connection to database server. Attempted reconnect 3 times. Giving up.
	at com.mysql.cj.jdbc.exceptions.SQLError.createSQLException(SQLError.java:110)
	at com.mysql.cj.jdbc.exceptions.SQLError.createSQLException(SQLError.java:97)
	at com.mysql.cj.jdbc.exceptions.SQLError.createSQLException(SQLError.java:89)
	at com.mysql.cj.jdbc.exceptions.SQLError.createSQLException(SQLError.java:63)
	at com.mysql.cj.jdbc.exceptions.SQLError.createSQLException(SQLError.java:73)
	at com.mysql.cj.jdbc.ConnectionImpl.connectWithRetries(ConnectionImpl.java:903)
	at com.mysql.cj.jdbc.ConnectionImpl.createNewIO(ConnectionImpl.java:828)
	at com.mysql.cj.jdbc.ConnectionImpl.<init>(ConnectionImpl.java:453)
	at com.mysql.cj.jdbc.ConnectionImpl.getInstance(ConnectionImpl.java:246)
	at com.mysql.cj.jdbc.NonRegisteringDriver.connect(NonRegisteringDriver.java:198)
	at com.zaxxer.hikari.util.DriverDataSource.getConnection(DriverDataSource.java:138)
	at com.zaxxer.hikari.pool.PoolBase.newConnection(PoolBase.java:364)
	at com.zaxxer.hikari.pool.PoolBase.newPoolEntry(PoolBase.java:206)
	at com.zaxxer.hikari.pool.HikariPool.createPoolEntry(HikariPool.java:476)
	at com.zaxxer.hikari.pool.HikariPool.checkFailFast(HikariPool.java:561)
	at com.zaxxer.hikari.pool.HikariPool.<init>(HikariPool.java:115)
	at com.zaxxer.hikari.HikariDataSource.getConnection(HikariDataSource.java:112)
	at org.springframework.jdbc.datasource.DataSourceUtils.fetchConnection(DataSourceUtils.java:159)
	at org.springframework.jdbc.datasource.DataSourceUtils.doGetConnection(DataSourceUtils.java:117)
	at org.springframework.jdbc.datasource.DataSourceUtils.getConnection(DataSourceUtils.java:80)
	... 40 common frames omitted
Caused by: com.mysql.cj.exceptions.CJException: Unknown database 's-pay-mall'
	at sun.reflect.GeneratedConstructorAccessor47.newInstance(Unknown Source)
	at sun.reflect.DelegatingConstructorAccessorImpl.newInstance(DelegatingConstructorAccessorImpl.java:45)
	at java.lang.reflect.Constructor.newInstance(Constructor.java:423)
	at com.mysql.cj.exceptions.ExceptionFactory.createException(ExceptionFactory.java:61)
	at com.mysql.cj.exceptions.ExceptionFactory.createException(ExceptionFactory.java:105)
	at com.mysql.cj.exceptions.ExceptionFactory.createException(ExceptionFactory.java:151)
	at com.mysql.cj.exceptions.ExceptionFactory.createException(ExceptionFactory.java:129)
	at com.mysql.cj.protocol.a.NativeProtocol.checkErrorMessage(NativeProtocol.java:794)
	at com.mysql.cj.protocol.a.NativeProtocol.checkErrorMessage(NativeProtocol.java:719)
	at com.mysql.cj.protocol.a.NativeProtocol.checkErrorMessage(NativeProtocol.java:687)
	at com.mysql.cj.protocol.a.NativeProtocol.checkErrorMessage(NativeProtocol.java:136)
	at com.mysql.cj.protocol.a.NativeAuthenticationProvider.proceedHandshakeWithPluggableAuthentication(NativeAuthenticationProvider.java:469)
	at com.mysql.cj.protocol.a.NativeAuthenticationProvider.connect(NativeAuthenticationProvider.java:174)
	at com.mysql.cj.protocol.a.NativeProtocol.connect(NativeProtocol.java:1350)
	at com.mysql.cj.NativeSession.connect(NativeSession.java:157)
	at com.mysql.cj.jdbc.ConnectionImpl.connectWithRetries(ConnectionImpl.java:847)
	... 54 common frames omitted
25-02-07.14:40:55.008 [scheduling-1    ] INFO  NoPayNotifyOrderJob    - 任务；检测未接收到或未正确处理的支付回调通知
25-02-07.14:40:55.008 [scheduling-1    ] INFO  HikariDataSource       - HikariPool-1 - Starting...
25-02-07.14:41:00.079 [scheduling-1    ] ERROR HikariPool             - HikariPool-1 - Exception during pool initialization.
java.sql.SQLNonTransientConnectionException: Could not create connection to database server. Attempted reconnect 3 times. Giving up.
	at com.mysql.cj.jdbc.exceptions.SQLError.createSQLException(SQLError.java:110)
	at com.mysql.cj.jdbc.exceptions.SQLError.createSQLException(SQLError.java:97)
	at com.mysql.cj.jdbc.exceptions.SQLError.createSQLException(SQLError.java:89)
	at com.mysql.cj.jdbc.exceptions.SQLError.createSQLException(SQLError.java:63)
	at com.mysql.cj.jdbc.exceptions.SQLError.createSQLException(SQLError.java:73)
	at com.mysql.cj.jdbc.ConnectionImpl.connectWithRetries(ConnectionImpl.java:903)
	at com.mysql.cj.jdbc.ConnectionImpl.createNewIO(ConnectionImpl.java:828)
	at com.mysql.cj.jdbc.ConnectionImpl.<init>(ConnectionImpl.java:453)
	at com.mysql.cj.jdbc.ConnectionImpl.getInstance(ConnectionImpl.java:246)
	at com.mysql.cj.jdbc.NonRegisteringDriver.connect(NonRegisteringDriver.java:198)
	at com.zaxxer.hikari.util.DriverDataSource.getConnection(DriverDataSource.java:138)
	at com.zaxxer.hikari.pool.PoolBase.newConnection(PoolBase.java:364)
	at com.zaxxer.hikari.pool.PoolBase.newPoolEntry(PoolBase.java:206)
	at com.zaxxer.hikari.pool.HikariPool.createPoolEntry(HikariPool.java:476)
	at com.zaxxer.hikari.pool.HikariPool.checkFailFast(HikariPool.java:561)
	at com.zaxxer.hikari.pool.HikariPool.<init>(HikariPool.java:115)
	at com.zaxxer.hikari.HikariDataSource.getConnection(HikariDataSource.java:112)
	at org.springframework.jdbc.datasource.DataSourceUtils.fetchConnection(DataSourceUtils.java:159)
	at org.springframework.jdbc.datasource.DataSourceUtils.doGetConnection(DataSourceUtils.java:117)
	at org.springframework.jdbc.datasource.DataSourceUtils.getConnection(DataSourceUtils.java:80)
	at org.mybatis.spring.transaction.SpringManagedTransaction.openConnection(SpringManagedTransaction.java:80)
	at org.mybatis.spring.transaction.SpringManagedTransaction.getConnection(SpringManagedTransaction.java:67)
	at org.apache.ibatis.executor.BaseExecutor.getConnection(BaseExecutor.java:337)
	at org.apache.ibatis.executor.SimpleExecutor.prepareStatement(SimpleExecutor.java:86)
	at org.apache.ibatis.executor.SimpleExecutor.doQuery(SimpleExecutor.java:62)
	at org.apache.ibatis.executor.BaseExecutor.queryFromDatabase(BaseExecutor.java:325)
	at org.apache.ibatis.executor.BaseExecutor.query(BaseExecutor.java:156)
	at org.apache.ibatis.executor.CachingExecutor.query(CachingExecutor.java:109)
	at org.apache.ibatis.executor.CachingExecutor.query(CachingExecutor.java:89)
	at org.apache.ibatis.session.defaults.DefaultSqlSession.selectList(DefaultSqlSession.java:147)
	at org.apache.ibatis.session.defaults.DefaultSqlSession.selectList(DefaultSqlSession.java:140)
	at sun.reflect.NativeMethodAccessorImpl.invoke0(Native Method)
	at sun.reflect.NativeMethodAccessorImpl.invoke(NativeMethodAccessorImpl.java:62)
	at sun.reflect.DelegatingMethodAccessorImpl.invoke(DelegatingMethodAccessorImpl.java:43)
	at java.lang.reflect.Method.invoke(Method.java:498)
	at org.mybatis.spring.SqlSessionTemplate$SqlSessionInterceptor.invoke(SqlSessionTemplate.java:427)
	at com.sun.proxy.$Proxy69.selectList(Unknown Source)
	at org.mybatis.spring.SqlSessionTemplate.selectList(SqlSessionTemplate.java:224)
	at org.apache.ibatis.binding.MapperMethod.executeForMany(MapperMethod.java:147)
	at org.apache.ibatis.binding.MapperMethod.execute(MapperMethod.java:80)
	at org.apache.ibatis.binding.MapperProxy$PlainMethodInvoker.invoke(MapperProxy.java:152)
	at org.apache.ibatis.binding.MapperProxy.invoke(MapperProxy.java:85)
	at com.sun.proxy.$Proxy70.queryNoPayNotifyOrder(Unknown Source)
	at org.example.service.impl.OrderServiceImpl.queryNoPayNotifyOrder(OrderServiceImpl.java:107)
	at org.example.job.NoPayNotifyOrderJob.exec(NoPayNotifyOrderJob.java:29)
	at sun.reflect.NativeMethodAccessorImpl.invoke0(Native Method)
	at sun.reflect.NativeMethodAccessorImpl.invoke(NativeMethodAccessorImpl.java:62)
	at sun.reflect.DelegatingMethodAccessorImpl.invoke(DelegatingMethodAccessorImpl.java:43)
	at java.lang.reflect.Method.invoke(Method.java:498)
	at org.springframework.scheduling.support.ScheduledMethodRunnable.run(ScheduledMethodRunnable.java:84)
	at org.springframework.scheduling.support.DelegatingErrorHandlingRunnable.run(DelegatingErrorHandlingRunnable.java:54)
	at org.springframework.scheduling.concurrent.ReschedulingRunnable.run(ReschedulingRunnable.java:95)
	at java.util.concurrent.Executors$RunnableAdapter.call(Executors.java:511)
	at java.util.concurrent.FutureTask.run$$$capture(FutureTask.java:266)
	at java.util.concurrent.FutureTask.run(FutureTask.java)
	at java.util.concurrent.ScheduledThreadPoolExecutor$ScheduledFutureTask.access$201(ScheduledThreadPoolExecutor.java:180)
	at java.util.concurrent.ScheduledThreadPoolExecutor$ScheduledFutureTask.run(ScheduledThreadPoolExecutor.java:293)
	at java.util.concurrent.ThreadPoolExecutor.runWorker(ThreadPoolExecutor.java:1149)
	at java.util.concurrent.ThreadPoolExecutor$Worker.run(ThreadPoolExecutor.java:624)
	at java.lang.Thread.run(Thread.java:750)
Caused by: com.mysql.cj.exceptions.CJException: Unknown database 's-pay-mall'
	at sun.reflect.GeneratedConstructorAccessor47.newInstance(Unknown Source)
	at sun.reflect.DelegatingConstructorAccessorImpl.newInstance(DelegatingConstructorAccessorImpl.java:45)
	at java.lang.reflect.Constructor.newInstance(Constructor.java:423)
	at com.mysql.cj.exceptions.ExceptionFactory.createException(ExceptionFactory.java:61)
	at com.mysql.cj.exceptions.ExceptionFactory.createException(ExceptionFactory.java:105)
	at com.mysql.cj.exceptions.ExceptionFactory.createException(ExceptionFactory.java:151)
	at com.mysql.cj.exceptions.ExceptionFactory.createException(ExceptionFactory.java:129)
	at com.mysql.cj.protocol.a.NativeProtocol.checkErrorMessage(NativeProtocol.java:794)
	at com.mysql.cj.protocol.a.NativeProtocol.checkErrorMessage(NativeProtocol.java:719)
	at com.mysql.cj.protocol.a.NativeProtocol.checkErrorMessage(NativeProtocol.java:687)
	at com.mysql.cj.protocol.a.NativeProtocol.checkErrorMessage(NativeProtocol.java:136)
	at com.mysql.cj.protocol.a.NativeAuthenticationProvider.proceedHandshakeWithPluggableAuthentication(NativeAuthenticationProvider.java:469)
	at com.mysql.cj.protocol.a.NativeAuthenticationProvider.connect(NativeAuthenticationProvider.java:174)
	at com.mysql.cj.protocol.a.NativeProtocol.connect(NativeProtocol.java:1350)
	at com.mysql.cj.NativeSession.connect(NativeSession.java:157)
	at com.mysql.cj.jdbc.ConnectionImpl.connectWithRetries(ConnectionImpl.java:847)
	... 54 common frames omitted
25-02-07.14:41:00.080 [scheduling-1    ] ERROR NoPayNotifyOrderJob    - 检测未接收到或未正确处理的支付回调通知失败
org.mybatis.spring.MyBatisSystemException: nested exception is org.apache.ibatis.exceptions.PersistenceException: 
### Error querying database.  Cause: org.springframework.jdbc.CannotGetJdbcConnectionException: Failed to obtain JDBC Connection; nested exception is java.sql.SQLNonTransientConnectionException: Could not create connection to database server. Attempted reconnect 3 times. Giving up.
### The error may exist in file [D:\Workspace\s-pay-mall-qiusu\s-pay-mall-controller\target\classes\mybatis\mapper\pay_order_mapper.xml]
### The error may involve org.example.dao.IOrderDao.queryNoPayNotifyOrder
### The error occurred while executing a query
### Cause: org.springframework.jdbc.CannotGetJdbcConnectionException: Failed to obtain JDBC Connection; nested exception is java.sql.SQLNonTransientConnectionException: Could not create connection to database server. Attempted reconnect 3 times. Giving up.
	at org.mybatis.spring.MyBatisExceptionTranslator.translateExceptionIfPossible(MyBatisExceptionTranslator.java:96)
	at org.mybatis.spring.SqlSessionTemplate$SqlSessionInterceptor.invoke(SqlSessionTemplate.java:441)
	at com.sun.proxy.$Proxy69.selectList(Unknown Source)
	at org.mybatis.spring.SqlSessionTemplate.selectList(SqlSessionTemplate.java:224)
	at org.apache.ibatis.binding.MapperMethod.executeForMany(MapperMethod.java:147)
	at org.apache.ibatis.binding.MapperMethod.execute(MapperMethod.java:80)
	at org.apache.ibatis.binding.MapperProxy$PlainMethodInvoker.invoke(MapperProxy.java:152)
	at org.apache.ibatis.binding.MapperProxy.invoke(MapperProxy.java:85)
	at com.sun.proxy.$Proxy70.queryNoPayNotifyOrder(Unknown Source)
	at org.example.service.impl.OrderServiceImpl.queryNoPayNotifyOrder(OrderServiceImpl.java:107)
	at org.example.job.NoPayNotifyOrderJob.exec(NoPayNotifyOrderJob.java:29)
	at sun.reflect.NativeMethodAccessorImpl.invoke0(Native Method)
	at sun.reflect.NativeMethodAccessorImpl.invoke(NativeMethodAccessorImpl.java:62)
	at sun.reflect.DelegatingMethodAccessorImpl.invoke(DelegatingMethodAccessorImpl.java:43)
	at java.lang.reflect.Method.invoke(Method.java:498)
	at org.springframework.scheduling.support.ScheduledMethodRunnable.run(ScheduledMethodRunnable.java:84)
	at org.springframework.scheduling.support.DelegatingErrorHandlingRunnable.run(DelegatingErrorHandlingRunnable.java:54)
	at org.springframework.scheduling.concurrent.ReschedulingRunnable.run(ReschedulingRunnable.java:95)
	at java.util.concurrent.Executors$RunnableAdapter.call(Executors.java:511)
	at java.util.concurrent.FutureTask.run$$$capture(FutureTask.java:266)
	at java.util.concurrent.FutureTask.run(FutureTask.java)
	at java.util.concurrent.ScheduledThreadPoolExecutor$ScheduledFutureTask.access$201(ScheduledThreadPoolExecutor.java:180)
	at java.util.concurrent.ScheduledThreadPoolExecutor$ScheduledFutureTask.run(ScheduledThreadPoolExecutor.java:293)
	at java.util.concurrent.ThreadPoolExecutor.runWorker(ThreadPoolExecutor.java:1149)
	at java.util.concurrent.ThreadPoolExecutor$Worker.run(ThreadPoolExecutor.java:624)
	at java.lang.Thread.run(Thread.java:750)
Caused by: org.apache.ibatis.exceptions.PersistenceException: 
### Error querying database.  Cause: org.springframework.jdbc.CannotGetJdbcConnectionException: Failed to obtain JDBC Connection; nested exception is java.sql.SQLNonTransientConnectionException: Could not create connection to database server. Attempted reconnect 3 times. Giving up.
### The error may exist in file [D:\Workspace\s-pay-mall-qiusu\s-pay-mall-controller\target\classes\mybatis\mapper\pay_order_mapper.xml]
### The error may involve org.example.dao.IOrderDao.queryNoPayNotifyOrder
### The error occurred while executing a query
### Cause: org.springframework.jdbc.CannotGetJdbcConnectionException: Failed to obtain JDBC Connection; nested exception is java.sql.SQLNonTransientConnectionException: Could not create connection to database server. Attempted reconnect 3 times. Giving up.
	at org.apache.ibatis.exceptions.ExceptionFactory.wrapException(ExceptionFactory.java:30)
	at org.apache.ibatis.session.defaults.DefaultSqlSession.selectList(DefaultSqlSession.java:149)
	at org.apache.ibatis.session.defaults.DefaultSqlSession.selectList(DefaultSqlSession.java:140)
	at sun.reflect.NativeMethodAccessorImpl.invoke0(Native Method)
	at sun.reflect.NativeMethodAccessorImpl.invoke(NativeMethodAccessorImpl.java:62)
	at sun.reflect.DelegatingMethodAccessorImpl.invoke(DelegatingMethodAccessorImpl.java:43)
	at java.lang.reflect.Method.invoke(Method.java:498)
	at org.mybatis.spring.SqlSessionTemplate$SqlSessionInterceptor.invoke(SqlSessionTemplate.java:427)
	... 24 common frames omitted
Caused by: org.springframework.jdbc.CannotGetJdbcConnectionException: Failed to obtain JDBC Connection; nested exception is java.sql.SQLNonTransientConnectionException: Could not create connection to database server. Attempted reconnect 3 times. Giving up.
	at org.springframework.jdbc.datasource.DataSourceUtils.getConnection(DataSourceUtils.java:83)
	at org.mybatis.spring.transaction.SpringManagedTransaction.openConnection(SpringManagedTransaction.java:80)
	at org.mybatis.spring.transaction.SpringManagedTransaction.getConnection(SpringManagedTransaction.java:67)
	at org.apache.ibatis.executor.BaseExecutor.getConnection(BaseExecutor.java:337)
	at org.apache.ibatis.executor.SimpleExecutor.prepareStatement(SimpleExecutor.java:86)
	at org.apache.ibatis.executor.SimpleExecutor.doQuery(SimpleExecutor.java:62)
	at org.apache.ibatis.executor.BaseExecutor.queryFromDatabase(BaseExecutor.java:325)
	at org.apache.ibatis.executor.BaseExecutor.query(BaseExecutor.java:156)
	at org.apache.ibatis.executor.CachingExecutor.query(CachingExecutor.java:109)
	at org.apache.ibatis.executor.CachingExecutor.query(CachingExecutor.java:89)
	at org.apache.ibatis.session.defaults.DefaultSqlSession.selectList(DefaultSqlSession.java:147)
	... 30 common frames omitted
Caused by: java.sql.SQLNonTransientConnectionException: Could not create connection to database server. Attempted reconnect 3 times. Giving up.
	at com.mysql.cj.jdbc.exceptions.SQLError.createSQLException(SQLError.java:110)
	at com.mysql.cj.jdbc.exceptions.SQLError.createSQLException(SQLError.java:97)
	at com.mysql.cj.jdbc.exceptions.SQLError.createSQLException(SQLError.java:89)
	at com.mysql.cj.jdbc.exceptions.SQLError.createSQLException(SQLError.java:63)
	at com.mysql.cj.jdbc.exceptions.SQLError.createSQLException(SQLError.java:73)
	at com.mysql.cj.jdbc.ConnectionImpl.connectWithRetries(ConnectionImpl.java:903)
	at com.mysql.cj.jdbc.ConnectionImpl.createNewIO(ConnectionImpl.java:828)
	at com.mysql.cj.jdbc.ConnectionImpl.<init>(ConnectionImpl.java:453)
	at com.mysql.cj.jdbc.ConnectionImpl.getInstance(ConnectionImpl.java:246)
	at com.mysql.cj.jdbc.NonRegisteringDriver.connect(NonRegisteringDriver.java:198)
	at com.zaxxer.hikari.util.DriverDataSource.getConnection(DriverDataSource.java:138)
	at com.zaxxer.hikari.pool.PoolBase.newConnection(PoolBase.java:364)
	at com.zaxxer.hikari.pool.PoolBase.newPoolEntry(PoolBase.java:206)
	at com.zaxxer.hikari.pool.HikariPool.createPoolEntry(HikariPool.java:476)
	at com.zaxxer.hikari.pool.HikariPool.checkFailFast(HikariPool.java:561)
	at com.zaxxer.hikari.pool.HikariPool.<init>(HikariPool.java:115)
	at com.zaxxer.hikari.HikariDataSource.getConnection(HikariDataSource.java:112)
	at org.springframework.jdbc.datasource.DataSourceUtils.fetchConnection(DataSourceUtils.java:159)
	at org.springframework.jdbc.datasource.DataSourceUtils.doGetConnection(DataSourceUtils.java:117)
	at org.springframework.jdbc.datasource.DataSourceUtils.getConnection(DataSourceUtils.java:80)
	... 40 common frames omitted
Caused by: com.mysql.cj.exceptions.CJException: Unknown database 's-pay-mall'
	at sun.reflect.GeneratedConstructorAccessor47.newInstance(Unknown Source)
	at sun.reflect.DelegatingConstructorAccessorImpl.newInstance(DelegatingConstructorAccessorImpl.java:45)
	at java.lang.reflect.Constructor.newInstance(Constructor.java:423)
	at com.mysql.cj.exceptions.ExceptionFactory.createException(ExceptionFactory.java:61)
	at com.mysql.cj.exceptions.ExceptionFactory.createException(ExceptionFactory.java:105)
	at com.mysql.cj.exceptions.ExceptionFactory.createException(ExceptionFactory.java:151)
	at com.mysql.cj.exceptions.ExceptionFactory.createException(ExceptionFactory.java:129)
	at com.mysql.cj.protocol.a.NativeProtocol.checkErrorMessage(NativeProtocol.java:794)
	at com.mysql.cj.protocol.a.NativeProtocol.checkErrorMessage(NativeProtocol.java:719)
	at com.mysql.cj.protocol.a.NativeProtocol.checkErrorMessage(NativeProtocol.java:687)
	at com.mysql.cj.protocol.a.NativeProtocol.checkErrorMessage(NativeProtocol.java:136)
	at com.mysql.cj.protocol.a.NativeAuthenticationProvider.proceedHandshakeWithPluggableAuthentication(NativeAuthenticationProvider.java:469)
	at com.mysql.cj.protocol.a.NativeAuthenticationProvider.connect(NativeAuthenticationProvider.java:174)
	at com.mysql.cj.protocol.a.NativeProtocol.connect(NativeProtocol.java:1350)
	at com.mysql.cj.NativeSession.connect(NativeSession.java:157)
	at com.mysql.cj.jdbc.ConnectionImpl.connectWithRetries(ConnectionImpl.java:847)
	... 54 common frames omitted
25-02-07.14:41:05.016 [scheduling-1    ] INFO  NoPayNotifyOrderJob    - 任务；检测未接收到或未正确处理的支付回调通知
25-02-07.14:41:05.017 [scheduling-1    ] INFO  HikariDataSource       - HikariPool-1 - Starting...
25-02-07.14:41:10.082 [scheduling-1    ] ERROR HikariPool             - HikariPool-1 - Exception during pool initialization.
java.sql.SQLNonTransientConnectionException: Could not create connection to database server. Attempted reconnect 3 times. Giving up.
	at com.mysql.cj.jdbc.exceptions.SQLError.createSQLException(SQLError.java:110)
	at com.mysql.cj.jdbc.exceptions.SQLError.createSQLException(SQLError.java:97)
	at com.mysql.cj.jdbc.exceptions.SQLError.createSQLException(SQLError.java:89)
	at com.mysql.cj.jdbc.exceptions.SQLError.createSQLException(SQLError.java:63)
	at com.mysql.cj.jdbc.exceptions.SQLError.createSQLException(SQLError.java:73)
	at com.mysql.cj.jdbc.ConnectionImpl.connectWithRetries(ConnectionImpl.java:903)
	at com.mysql.cj.jdbc.ConnectionImpl.createNewIO(ConnectionImpl.java:828)
	at com.mysql.cj.jdbc.ConnectionImpl.<init>(ConnectionImpl.java:453)
	at com.mysql.cj.jdbc.ConnectionImpl.getInstance(ConnectionImpl.java:246)
	at com.mysql.cj.jdbc.NonRegisteringDriver.connect(NonRegisteringDriver.java:198)
	at com.zaxxer.hikari.util.DriverDataSource.getConnection(DriverDataSource.java:138)
	at com.zaxxer.hikari.pool.PoolBase.newConnection(PoolBase.java:364)
	at com.zaxxer.hikari.pool.PoolBase.newPoolEntry(PoolBase.java:206)
	at com.zaxxer.hikari.pool.HikariPool.createPoolEntry(HikariPool.java:476)
	at com.zaxxer.hikari.pool.HikariPool.checkFailFast(HikariPool.java:561)
	at com.zaxxer.hikari.pool.HikariPool.<init>(HikariPool.java:115)
	at com.zaxxer.hikari.HikariDataSource.getConnection(HikariDataSource.java:112)
	at org.springframework.jdbc.datasource.DataSourceUtils.fetchConnection(DataSourceUtils.java:159)
	at org.springframework.jdbc.datasource.DataSourceUtils.doGetConnection(DataSourceUtils.java:117)
	at org.springframework.jdbc.datasource.DataSourceUtils.getConnection(DataSourceUtils.java:80)
	at org.mybatis.spring.transaction.SpringManagedTransaction.openConnection(SpringManagedTransaction.java:80)
	at org.mybatis.spring.transaction.SpringManagedTransaction.getConnection(SpringManagedTransaction.java:67)
	at org.apache.ibatis.executor.BaseExecutor.getConnection(BaseExecutor.java:337)
	at org.apache.ibatis.executor.SimpleExecutor.prepareStatement(SimpleExecutor.java:86)
	at org.apache.ibatis.executor.SimpleExecutor.doQuery(SimpleExecutor.java:62)
	at org.apache.ibatis.executor.BaseExecutor.queryFromDatabase(BaseExecutor.java:325)
	at org.apache.ibatis.executor.BaseExecutor.query(BaseExecutor.java:156)
	at org.apache.ibatis.executor.CachingExecutor.query(CachingExecutor.java:109)
	at org.apache.ibatis.executor.CachingExecutor.query(CachingExecutor.java:89)
	at org.apache.ibatis.session.defaults.DefaultSqlSession.selectList(DefaultSqlSession.java:147)
	at org.apache.ibatis.session.defaults.DefaultSqlSession.selectList(DefaultSqlSession.java:140)
	at sun.reflect.NativeMethodAccessorImpl.invoke0(Native Method)
	at sun.reflect.NativeMethodAccessorImpl.invoke(NativeMethodAccessorImpl.java:62)
	at sun.reflect.DelegatingMethodAccessorImpl.invoke(DelegatingMethodAccessorImpl.java:43)
	at java.lang.reflect.Method.invoke(Method.java:498)
	at org.mybatis.spring.SqlSessionTemplate$SqlSessionInterceptor.invoke(SqlSessionTemplate.java:427)
	at com.sun.proxy.$Proxy69.selectList(Unknown Source)
	at org.mybatis.spring.SqlSessionTemplate.selectList(SqlSessionTemplate.java:224)
	at org.apache.ibatis.binding.MapperMethod.executeForMany(MapperMethod.java:147)
	at org.apache.ibatis.binding.MapperMethod.execute(MapperMethod.java:80)
	at org.apache.ibatis.binding.MapperProxy$PlainMethodInvoker.invoke(MapperProxy.java:152)
	at org.apache.ibatis.binding.MapperProxy.invoke(MapperProxy.java:85)
	at com.sun.proxy.$Proxy70.queryNoPayNotifyOrder(Unknown Source)
	at org.example.service.impl.OrderServiceImpl.queryNoPayNotifyOrder(OrderServiceImpl.java:107)
	at org.example.job.NoPayNotifyOrderJob.exec(NoPayNotifyOrderJob.java:29)
	at sun.reflect.NativeMethodAccessorImpl.invoke0(Native Method)
	at sun.reflect.NativeMethodAccessorImpl.invoke(NativeMethodAccessorImpl.java:62)
	at sun.reflect.DelegatingMethodAccessorImpl.invoke(DelegatingMethodAccessorImpl.java:43)
	at java.lang.reflect.Method.invoke(Method.java:498)
	at org.springframework.scheduling.support.ScheduledMethodRunnable.run(ScheduledMethodRunnable.java:84)
	at org.springframework.scheduling.support.DelegatingErrorHandlingRunnable.run(DelegatingErrorHandlingRunnable.java:54)
	at org.springframework.scheduling.concurrent.ReschedulingRunnable.run(ReschedulingRunnable.java:95)
	at java.util.concurrent.Executors$RunnableAdapter.call(Executors.java:511)
	at java.util.concurrent.FutureTask.run$$$capture(FutureTask.java:266)
	at java.util.concurrent.FutureTask.run(FutureTask.java)
	at java.util.concurrent.ScheduledThreadPoolExecutor$ScheduledFutureTask.access$201(ScheduledThreadPoolExecutor.java:180)
	at java.util.concurrent.ScheduledThreadPoolExecutor$ScheduledFutureTask.run(ScheduledThreadPoolExecutor.java:293)
	at java.util.concurrent.ThreadPoolExecutor.runWorker(ThreadPoolExecutor.java:1149)
	at java.util.concurrent.ThreadPoolExecutor$Worker.run(ThreadPoolExecutor.java:624)
	at java.lang.Thread.run(Thread.java:750)
Caused by: com.mysql.cj.exceptions.CJException: Unknown database 's-pay-mall'
	at sun.reflect.GeneratedConstructorAccessor47.newInstance(Unknown Source)
	at sun.reflect.DelegatingConstructorAccessorImpl.newInstance(DelegatingConstructorAccessorImpl.java:45)
	at java.lang.reflect.Constructor.newInstance(Constructor.java:423)
	at com.mysql.cj.exceptions.ExceptionFactory.createException(ExceptionFactory.java:61)
	at com.mysql.cj.exceptions.ExceptionFactory.createException(ExceptionFactory.java:105)
	at com.mysql.cj.exceptions.ExceptionFactory.createException(ExceptionFactory.java:151)
	at com.mysql.cj.exceptions.ExceptionFactory.createException(ExceptionFactory.java:129)
	at com.mysql.cj.protocol.a.NativeProtocol.checkErrorMessage(NativeProtocol.java:794)
	at com.mysql.cj.protocol.a.NativeProtocol.checkErrorMessage(NativeProtocol.java:719)
	at com.mysql.cj.protocol.a.NativeProtocol.checkErrorMessage(NativeProtocol.java:687)
	at com.mysql.cj.protocol.a.NativeProtocol.checkErrorMessage(NativeProtocol.java:136)
	at com.mysql.cj.protocol.a.NativeAuthenticationProvider.proceedHandshakeWithPluggableAuthentication(NativeAuthenticationProvider.java:469)
	at com.mysql.cj.protocol.a.NativeAuthenticationProvider.connect(NativeAuthenticationProvider.java:174)
	at com.mysql.cj.protocol.a.NativeProtocol.connect(NativeProtocol.java:1350)
	at com.mysql.cj.NativeSession.connect(NativeSession.java:157)
	at com.mysql.cj.jdbc.ConnectionImpl.connectWithRetries(ConnectionImpl.java:847)
	... 54 common frames omitted
25-02-07.14:41:10.083 [scheduling-1    ] ERROR NoPayNotifyOrderJob    - 检测未接收到或未正确处理的支付回调通知失败
org.mybatis.spring.MyBatisSystemException: nested exception is org.apache.ibatis.exceptions.PersistenceException: 
### Error querying database.  Cause: org.springframework.jdbc.CannotGetJdbcConnectionException: Failed to obtain JDBC Connection; nested exception is java.sql.SQLNonTransientConnectionException: Could not create connection to database server. Attempted reconnect 3 times. Giving up.
### The error may exist in file [D:\Workspace\s-pay-mall-qiusu\s-pay-mall-controller\target\classes\mybatis\mapper\pay_order_mapper.xml]
### The error may involve org.example.dao.IOrderDao.queryNoPayNotifyOrder
### The error occurred while executing a query
### Cause: org.springframework.jdbc.CannotGetJdbcConnectionException: Failed to obtain JDBC Connection; nested exception is java.sql.SQLNonTransientConnectionException: Could not create connection to database server. Attempted reconnect 3 times. Giving up.
	at org.mybatis.spring.MyBatisExceptionTranslator.translateExceptionIfPossible(MyBatisExceptionTranslator.java:96)
	at org.mybatis.spring.SqlSessionTemplate$SqlSessionInterceptor.invoke(SqlSessionTemplate.java:441)
	at com.sun.proxy.$Proxy69.selectList(Unknown Source)
	at org.mybatis.spring.SqlSessionTemplate.selectList(SqlSessionTemplate.java:224)
	at org.apache.ibatis.binding.MapperMethod.executeForMany(MapperMethod.java:147)
	at org.apache.ibatis.binding.MapperMethod.execute(MapperMethod.java:80)
	at org.apache.ibatis.binding.MapperProxy$PlainMethodInvoker.invoke(MapperProxy.java:152)
	at org.apache.ibatis.binding.MapperProxy.invoke(MapperProxy.java:85)
	at com.sun.proxy.$Proxy70.queryNoPayNotifyOrder(Unknown Source)
	at org.example.service.impl.OrderServiceImpl.queryNoPayNotifyOrder(OrderServiceImpl.java:107)
	at org.example.job.NoPayNotifyOrderJob.exec(NoPayNotifyOrderJob.java:29)
	at sun.reflect.NativeMethodAccessorImpl.invoke0(Native Method)
	at sun.reflect.NativeMethodAccessorImpl.invoke(NativeMethodAccessorImpl.java:62)
	at sun.reflect.DelegatingMethodAccessorImpl.invoke(DelegatingMethodAccessorImpl.java:43)
	at java.lang.reflect.Method.invoke(Method.java:498)
	at org.springframework.scheduling.support.ScheduledMethodRunnable.run(ScheduledMethodRunnable.java:84)
	at org.springframework.scheduling.support.DelegatingErrorHandlingRunnable.run(DelegatingErrorHandlingRunnable.java:54)
	at org.springframework.scheduling.concurrent.ReschedulingRunnable.run(ReschedulingRunnable.java:95)
	at java.util.concurrent.Executors$RunnableAdapter.call(Executors.java:511)
	at java.util.concurrent.FutureTask.run$$$capture(FutureTask.java:266)
	at java.util.concurrent.FutureTask.run(FutureTask.java)
	at java.util.concurrent.ScheduledThreadPoolExecutor$ScheduledFutureTask.access$201(ScheduledThreadPoolExecutor.java:180)
	at java.util.concurrent.ScheduledThreadPoolExecutor$ScheduledFutureTask.run(ScheduledThreadPoolExecutor.java:293)
	at java.util.concurrent.ThreadPoolExecutor.runWorker(ThreadPoolExecutor.java:1149)
	at java.util.concurrent.ThreadPoolExecutor$Worker.run(ThreadPoolExecutor.java:624)
	at java.lang.Thread.run(Thread.java:750)
Caused by: org.apache.ibatis.exceptions.PersistenceException: 
### Error querying database.  Cause: org.springframework.jdbc.CannotGetJdbcConnectionException: Failed to obtain JDBC Connection; nested exception is java.sql.SQLNonTransientConnectionException: Could not create connection to database server. Attempted reconnect 3 times. Giving up.
### The error may exist in file [D:\Workspace\s-pay-mall-qiusu\s-pay-mall-controller\target\classes\mybatis\mapper\pay_order_mapper.xml]
### The error may involve org.example.dao.IOrderDao.queryNoPayNotifyOrder
### The error occurred while executing a query
### Cause: org.springframework.jdbc.CannotGetJdbcConnectionException: Failed to obtain JDBC Connection; nested exception is java.sql.SQLNonTransientConnectionException: Could not create connection to database server. Attempted reconnect 3 times. Giving up.
	at org.apache.ibatis.exceptions.ExceptionFactory.wrapException(ExceptionFactory.java:30)
	at org.apache.ibatis.session.defaults.DefaultSqlSession.selectList(DefaultSqlSession.java:149)
	at org.apache.ibatis.session.defaults.DefaultSqlSession.selectList(DefaultSqlSession.java:140)
	at sun.reflect.NativeMethodAccessorImpl.invoke0(Native Method)
	at sun.reflect.NativeMethodAccessorImpl.invoke(NativeMethodAccessorImpl.java:62)
	at sun.reflect.DelegatingMethodAccessorImpl.invoke(DelegatingMethodAccessorImpl.java:43)
	at java.lang.reflect.Method.invoke(Method.java:498)
	at org.mybatis.spring.SqlSessionTemplate$SqlSessionInterceptor.invoke(SqlSessionTemplate.java:427)
	... 24 common frames omitted
Caused by: org.springframework.jdbc.CannotGetJdbcConnectionException: Failed to obtain JDBC Connection; nested exception is java.sql.SQLNonTransientConnectionException: Could not create connection to database server. Attempted reconnect 3 times. Giving up.
	at org.springframework.jdbc.datasource.DataSourceUtils.getConnection(DataSourceUtils.java:83)
	at org.mybatis.spring.transaction.SpringManagedTransaction.openConnection(SpringManagedTransaction.java:80)
	at org.mybatis.spring.transaction.SpringManagedTransaction.getConnection(SpringManagedTransaction.java:67)
	at org.apache.ibatis.executor.BaseExecutor.getConnection(BaseExecutor.java:337)
	at org.apache.ibatis.executor.SimpleExecutor.prepareStatement(SimpleExecutor.java:86)
	at org.apache.ibatis.executor.SimpleExecutor.doQuery(SimpleExecutor.java:62)
	at org.apache.ibatis.executor.BaseExecutor.queryFromDatabase(BaseExecutor.java:325)
	at org.apache.ibatis.executor.BaseExecutor.query(BaseExecutor.java:156)
	at org.apache.ibatis.executor.CachingExecutor.query(CachingExecutor.java:109)
	at org.apache.ibatis.executor.CachingExecutor.query(CachingExecutor.java:89)
	at org.apache.ibatis.session.defaults.DefaultSqlSession.selectList(DefaultSqlSession.java:147)
	... 30 common frames omitted
Caused by: java.sql.SQLNonTransientConnectionException: Could not create connection to database server. Attempted reconnect 3 times. Giving up.
	at com.mysql.cj.jdbc.exceptions.SQLError.createSQLException(SQLError.java:110)
	at com.mysql.cj.jdbc.exceptions.SQLError.createSQLException(SQLError.java:97)
	at com.mysql.cj.jdbc.exceptions.SQLError.createSQLException(SQLError.java:89)
	at com.mysql.cj.jdbc.exceptions.SQLError.createSQLException(SQLError.java:63)
	at com.mysql.cj.jdbc.exceptions.SQLError.createSQLException(SQLError.java:73)
	at com.mysql.cj.jdbc.ConnectionImpl.connectWithRetries(ConnectionImpl.java:903)
	at com.mysql.cj.jdbc.ConnectionImpl.createNewIO(ConnectionImpl.java:828)
	at com.mysql.cj.jdbc.ConnectionImpl.<init>(ConnectionImpl.java:453)
	at com.mysql.cj.jdbc.ConnectionImpl.getInstance(ConnectionImpl.java:246)
	at com.mysql.cj.jdbc.NonRegisteringDriver.connect(NonRegisteringDriver.java:198)
	at com.zaxxer.hikari.util.DriverDataSource.getConnection(DriverDataSource.java:138)
	at com.zaxxer.hikari.pool.PoolBase.newConnection(PoolBase.java:364)
	at com.zaxxer.hikari.pool.PoolBase.newPoolEntry(PoolBase.java:206)
	at com.zaxxer.hikari.pool.HikariPool.createPoolEntry(HikariPool.java:476)
	at com.zaxxer.hikari.pool.HikariPool.checkFailFast(HikariPool.java:561)
	at com.zaxxer.hikari.pool.HikariPool.<init>(HikariPool.java:115)
	at com.zaxxer.hikari.HikariDataSource.getConnection(HikariDataSource.java:112)
	at org.springframework.jdbc.datasource.DataSourceUtils.fetchConnection(DataSourceUtils.java:159)
	at org.springframework.jdbc.datasource.DataSourceUtils.doGetConnection(DataSourceUtils.java:117)
	at org.springframework.jdbc.datasource.DataSourceUtils.getConnection(DataSourceUtils.java:80)
	... 40 common frames omitted
Caused by: com.mysql.cj.exceptions.CJException: Unknown database 's-pay-mall'
	at sun.reflect.GeneratedConstructorAccessor47.newInstance(Unknown Source)
	at sun.reflect.DelegatingConstructorAccessorImpl.newInstance(DelegatingConstructorAccessorImpl.java:45)
	at java.lang.reflect.Constructor.newInstance(Constructor.java:423)
	at com.mysql.cj.exceptions.ExceptionFactory.createException(ExceptionFactory.java:61)
	at com.mysql.cj.exceptions.ExceptionFactory.createException(ExceptionFactory.java:105)
	at com.mysql.cj.exceptions.ExceptionFactory.createException(ExceptionFactory.java:151)
	at com.mysql.cj.exceptions.ExceptionFactory.createException(ExceptionFactory.java:129)
	at com.mysql.cj.protocol.a.NativeProtocol.checkErrorMessage(NativeProtocol.java:794)
	at com.mysql.cj.protocol.a.NativeProtocol.checkErrorMessage(NativeProtocol.java:719)
	at com.mysql.cj.protocol.a.NativeProtocol.checkErrorMessage(NativeProtocol.java:687)
	at com.mysql.cj.protocol.a.NativeProtocol.checkErrorMessage(NativeProtocol.java:136)
	at com.mysql.cj.protocol.a.NativeAuthenticationProvider.proceedHandshakeWithPluggableAuthentication(NativeAuthenticationProvider.java:469)
	at com.mysql.cj.protocol.a.NativeAuthenticationProvider.connect(NativeAuthenticationProvider.java:174)
	at com.mysql.cj.protocol.a.NativeProtocol.connect(NativeProtocol.java:1350)
	at com.mysql.cj.NativeSession.connect(NativeSession.java:157)
	at com.mysql.cj.jdbc.ConnectionImpl.connectWithRetries(ConnectionImpl.java:847)
	... 54 common frames omitted
25-02-07.14:41:15.012 [scheduling-1    ] INFO  NoPayNotifyOrderJob    - 任务；检测未接收到或未正确处理的支付回调通知
25-02-07.14:41:15.012 [scheduling-1    ] INFO  HikariDataSource       - HikariPool-1 - Starting...
25-02-07.14:41:20.072 [scheduling-1    ] ERROR HikariPool             - HikariPool-1 - Exception during pool initialization.
java.sql.SQLNonTransientConnectionException: Could not create connection to database server. Attempted reconnect 3 times. Giving up.
	at com.mysql.cj.jdbc.exceptions.SQLError.createSQLException(SQLError.java:110)
	at com.mysql.cj.jdbc.exceptions.SQLError.createSQLException(SQLError.java:97)
	at com.mysql.cj.jdbc.exceptions.SQLError.createSQLException(SQLError.java:89)
	at com.mysql.cj.jdbc.exceptions.SQLError.createSQLException(SQLError.java:63)
	at com.mysql.cj.jdbc.exceptions.SQLError.createSQLException(SQLError.java:73)
	at com.mysql.cj.jdbc.ConnectionImpl.connectWithRetries(ConnectionImpl.java:903)
	at com.mysql.cj.jdbc.ConnectionImpl.createNewIO(ConnectionImpl.java:828)
	at com.mysql.cj.jdbc.ConnectionImpl.<init>(ConnectionImpl.java:453)
	at com.mysql.cj.jdbc.ConnectionImpl.getInstance(ConnectionImpl.java:246)
	at com.mysql.cj.jdbc.NonRegisteringDriver.connect(NonRegisteringDriver.java:198)
	at com.zaxxer.hikari.util.DriverDataSource.getConnection(DriverDataSource.java:138)
	at com.zaxxer.hikari.pool.PoolBase.newConnection(PoolBase.java:364)
	at com.zaxxer.hikari.pool.PoolBase.newPoolEntry(PoolBase.java:206)
	at com.zaxxer.hikari.pool.HikariPool.createPoolEntry(HikariPool.java:476)
	at com.zaxxer.hikari.pool.HikariPool.checkFailFast(HikariPool.java:561)
	at com.zaxxer.hikari.pool.HikariPool.<init>(HikariPool.java:115)
	at com.zaxxer.hikari.HikariDataSource.getConnection(HikariDataSource.java:112)
	at org.springframework.jdbc.datasource.DataSourceUtils.fetchConnection(DataSourceUtils.java:159)
	at org.springframework.jdbc.datasource.DataSourceUtils.doGetConnection(DataSourceUtils.java:117)
	at org.springframework.jdbc.datasource.DataSourceUtils.getConnection(DataSourceUtils.java:80)
	at org.mybatis.spring.transaction.SpringManagedTransaction.openConnection(SpringManagedTransaction.java:80)
	at org.mybatis.spring.transaction.SpringManagedTransaction.getConnection(SpringManagedTransaction.java:67)
	at org.apache.ibatis.executor.BaseExecutor.getConnection(BaseExecutor.java:337)
	at org.apache.ibatis.executor.SimpleExecutor.prepareStatement(SimpleExecutor.java:86)
	at org.apache.ibatis.executor.SimpleExecutor.doQuery(SimpleExecutor.java:62)
	at org.apache.ibatis.executor.BaseExecutor.queryFromDatabase(BaseExecutor.java:325)
	at org.apache.ibatis.executor.BaseExecutor.query(BaseExecutor.java:156)
	at org.apache.ibatis.executor.CachingExecutor.query(CachingExecutor.java:109)
	at org.apache.ibatis.executor.CachingExecutor.query(CachingExecutor.java:89)
	at org.apache.ibatis.session.defaults.DefaultSqlSession.selectList(DefaultSqlSession.java:147)
	at org.apache.ibatis.session.defaults.DefaultSqlSession.selectList(DefaultSqlSession.java:140)
	at sun.reflect.NativeMethodAccessorImpl.invoke0(Native Method)
	at sun.reflect.NativeMethodAccessorImpl.invoke(NativeMethodAccessorImpl.java:62)
	at sun.reflect.DelegatingMethodAccessorImpl.invoke(DelegatingMethodAccessorImpl.java:43)
	at java.lang.reflect.Method.invoke(Method.java:498)
	at org.mybatis.spring.SqlSessionTemplate$SqlSessionInterceptor.invoke(SqlSessionTemplate.java:427)
	at com.sun.proxy.$Proxy69.selectList(Unknown Source)
	at org.mybatis.spring.SqlSessionTemplate.selectList(SqlSessionTemplate.java:224)
	at org.apache.ibatis.binding.MapperMethod.executeForMany(MapperMethod.java:147)
	at org.apache.ibatis.binding.MapperMethod.execute(MapperMethod.java:80)
	at org.apache.ibatis.binding.MapperProxy$PlainMethodInvoker.invoke(MapperProxy.java:152)
	at org.apache.ibatis.binding.MapperProxy.invoke(MapperProxy.java:85)
	at com.sun.proxy.$Proxy70.queryNoPayNotifyOrder(Unknown Source)
	at org.example.service.impl.OrderServiceImpl.queryNoPayNotifyOrder(OrderServiceImpl.java:107)
	at org.example.job.NoPayNotifyOrderJob.exec(NoPayNotifyOrderJob.java:29)
	at sun.reflect.NativeMethodAccessorImpl.invoke0(Native Method)
	at sun.reflect.NativeMethodAccessorImpl.invoke(NativeMethodAccessorImpl.java:62)
	at sun.reflect.DelegatingMethodAccessorImpl.invoke(DelegatingMethodAccessorImpl.java:43)
	at java.lang.reflect.Method.invoke(Method.java:498)
	at org.springframework.scheduling.support.ScheduledMethodRunnable.run(ScheduledMethodRunnable.java:84)
	at org.springframework.scheduling.support.DelegatingErrorHandlingRunnable.run(DelegatingErrorHandlingRunnable.java:54)
	at org.springframework.scheduling.concurrent.ReschedulingRunnable.run(ReschedulingRunnable.java:95)
	at java.util.concurrent.Executors$RunnableAdapter.call(Executors.java:511)
	at java.util.concurrent.FutureTask.run$$$capture(FutureTask.java:266)
	at java.util.concurrent.FutureTask.run(FutureTask.java)
	at java.util.concurrent.ScheduledThreadPoolExecutor$ScheduledFutureTask.access$201(ScheduledThreadPoolExecutor.java:180)
	at java.util.concurrent.ScheduledThreadPoolExecutor$ScheduledFutureTask.run(ScheduledThreadPoolExecutor.java:293)
	at java.util.concurrent.ThreadPoolExecutor.runWorker(ThreadPoolExecutor.java:1149)
	at java.util.concurrent.ThreadPoolExecutor$Worker.run(ThreadPoolExecutor.java:624)
	at java.lang.Thread.run(Thread.java:750)
Caused by: com.mysql.cj.exceptions.CJException: Unknown database 's-pay-mall'
	at sun.reflect.GeneratedConstructorAccessor47.newInstance(Unknown Source)
	at sun.reflect.DelegatingConstructorAccessorImpl.newInstance(DelegatingConstructorAccessorImpl.java:45)
	at java.lang.reflect.Constructor.newInstance(Constructor.java:423)
	at com.mysql.cj.exceptions.ExceptionFactory.createException(ExceptionFactory.java:61)
	at com.mysql.cj.exceptions.ExceptionFactory.createException(ExceptionFactory.java:105)
	at com.mysql.cj.exceptions.ExceptionFactory.createException(ExceptionFactory.java:151)
	at com.mysql.cj.exceptions.ExceptionFactory.createException(ExceptionFactory.java:129)
	at com.mysql.cj.protocol.a.NativeProtocol.checkErrorMessage(NativeProtocol.java:794)
	at com.mysql.cj.protocol.a.NativeProtocol.checkErrorMessage(NativeProtocol.java:719)
	at com.mysql.cj.protocol.a.NativeProtocol.checkErrorMessage(NativeProtocol.java:687)
	at com.mysql.cj.protocol.a.NativeProtocol.checkErrorMessage(NativeProtocol.java:136)
	at com.mysql.cj.protocol.a.NativeAuthenticationProvider.proceedHandshakeWithPluggableAuthentication(NativeAuthenticationProvider.java:469)
	at com.mysql.cj.protocol.a.NativeAuthenticationProvider.connect(NativeAuthenticationProvider.java:174)
	at com.mysql.cj.protocol.a.NativeProtocol.connect(NativeProtocol.java:1350)
	at com.mysql.cj.NativeSession.connect(NativeSession.java:157)
	at com.mysql.cj.jdbc.ConnectionImpl.connectWithRetries(ConnectionImpl.java:847)
	... 54 common frames omitted
25-02-07.14:41:20.073 [scheduling-1    ] ERROR NoPayNotifyOrderJob    - 检测未接收到或未正确处理的支付回调通知失败
org.mybatis.spring.MyBatisSystemException: nested exception is org.apache.ibatis.exceptions.PersistenceException: 
### Error querying database.  Cause: org.springframework.jdbc.CannotGetJdbcConnectionException: Failed to obtain JDBC Connection; nested exception is java.sql.SQLNonTransientConnectionException: Could not create connection to database server. Attempted reconnect 3 times. Giving up.
### The error may exist in file [D:\Workspace\s-pay-mall-qiusu\s-pay-mall-controller\target\classes\mybatis\mapper\pay_order_mapper.xml]
### The error may involve org.example.dao.IOrderDao.queryNoPayNotifyOrder
### The error occurred while executing a query
### Cause: org.springframework.jdbc.CannotGetJdbcConnectionException: Failed to obtain JDBC Connection; nested exception is java.sql.SQLNonTransientConnectionException: Could not create connection to database server. Attempted reconnect 3 times. Giving up.
	at org.mybatis.spring.MyBatisExceptionTranslator.translateExceptionIfPossible(MyBatisExceptionTranslator.java:96)
	at org.mybatis.spring.SqlSessionTemplate$SqlSessionInterceptor.invoke(SqlSessionTemplate.java:441)
	at com.sun.proxy.$Proxy69.selectList(Unknown Source)
	at org.mybatis.spring.SqlSessionTemplate.selectList(SqlSessionTemplate.java:224)
	at org.apache.ibatis.binding.MapperMethod.executeForMany(MapperMethod.java:147)
	at org.apache.ibatis.binding.MapperMethod.execute(MapperMethod.java:80)
	at org.apache.ibatis.binding.MapperProxy$PlainMethodInvoker.invoke(MapperProxy.java:152)
	at org.apache.ibatis.binding.MapperProxy.invoke(MapperProxy.java:85)
	at com.sun.proxy.$Proxy70.queryNoPayNotifyOrder(Unknown Source)
	at org.example.service.impl.OrderServiceImpl.queryNoPayNotifyOrder(OrderServiceImpl.java:107)
	at org.example.job.NoPayNotifyOrderJob.exec(NoPayNotifyOrderJob.java:29)
	at sun.reflect.NativeMethodAccessorImpl.invoke0(Native Method)
	at sun.reflect.NativeMethodAccessorImpl.invoke(NativeMethodAccessorImpl.java:62)
	at sun.reflect.DelegatingMethodAccessorImpl.invoke(DelegatingMethodAccessorImpl.java:43)
	at java.lang.reflect.Method.invoke(Method.java:498)
	at org.springframework.scheduling.support.ScheduledMethodRunnable.run(ScheduledMethodRunnable.java:84)
	at org.springframework.scheduling.support.DelegatingErrorHandlingRunnable.run(DelegatingErrorHandlingRunnable.java:54)
	at org.springframework.scheduling.concurrent.ReschedulingRunnable.run(ReschedulingRunnable.java:95)
	at java.util.concurrent.Executors$RunnableAdapter.call(Executors.java:511)
	at java.util.concurrent.FutureTask.run$$$capture(FutureTask.java:266)
	at java.util.concurrent.FutureTask.run(FutureTask.java)
	at java.util.concurrent.ScheduledThreadPoolExecutor$ScheduledFutureTask.access$201(ScheduledThreadPoolExecutor.java:180)
	at java.util.concurrent.ScheduledThreadPoolExecutor$ScheduledFutureTask.run(ScheduledThreadPoolExecutor.java:293)
	at java.util.concurrent.ThreadPoolExecutor.runWorker(ThreadPoolExecutor.java:1149)
	at java.util.concurrent.ThreadPoolExecutor$Worker.run(ThreadPoolExecutor.java:624)
	at java.lang.Thread.run(Thread.java:750)
Caused by: org.apache.ibatis.exceptions.PersistenceException: 
### Error querying database.  Cause: org.springframework.jdbc.CannotGetJdbcConnectionException: Failed to obtain JDBC Connection; nested exception is java.sql.SQLNonTransientConnectionException: Could not create connection to database server. Attempted reconnect 3 times. Giving up.
### The error may exist in file [D:\Workspace\s-pay-mall-qiusu\s-pay-mall-controller\target\classes\mybatis\mapper\pay_order_mapper.xml]
### The error may involve org.example.dao.IOrderDao.queryNoPayNotifyOrder
### The error occurred while executing a query
### Cause: org.springframework.jdbc.CannotGetJdbcConnectionException: Failed to obtain JDBC Connection; nested exception is java.sql.SQLNonTransientConnectionException: Could not create connection to database server. Attempted reconnect 3 times. Giving up.
	at org.apache.ibatis.exceptions.ExceptionFactory.wrapException(ExceptionFactory.java:30)
	at org.apache.ibatis.session.defaults.DefaultSqlSession.selectList(DefaultSqlSession.java:149)
	at org.apache.ibatis.session.defaults.DefaultSqlSession.selectList(DefaultSqlSession.java:140)
	at sun.reflect.NativeMethodAccessorImpl.invoke0(Native Method)
	at sun.reflect.NativeMethodAccessorImpl.invoke(NativeMethodAccessorImpl.java:62)
	at sun.reflect.DelegatingMethodAccessorImpl.invoke(DelegatingMethodAccessorImpl.java:43)
	at java.lang.reflect.Method.invoke(Method.java:498)
	at org.mybatis.spring.SqlSessionTemplate$SqlSessionInterceptor.invoke(SqlSessionTemplate.java:427)
	... 24 common frames omitted
Caused by: org.springframework.jdbc.CannotGetJdbcConnectionException: Failed to obtain JDBC Connection; nested exception is java.sql.SQLNonTransientConnectionException: Could not create connection to database server. Attempted reconnect 3 times. Giving up.
	at org.springframework.jdbc.datasource.DataSourceUtils.getConnection(DataSourceUtils.java:83)
	at org.mybatis.spring.transaction.SpringManagedTransaction.openConnection(SpringManagedTransaction.java:80)
	at org.mybatis.spring.transaction.SpringManagedTransaction.getConnection(SpringManagedTransaction.java:67)
	at org.apache.ibatis.executor.BaseExecutor.getConnection(BaseExecutor.java:337)
	at org.apache.ibatis.executor.SimpleExecutor.prepareStatement(SimpleExecutor.java:86)
	at org.apache.ibatis.executor.SimpleExecutor.doQuery(SimpleExecutor.java:62)
	at org.apache.ibatis.executor.BaseExecutor.queryFromDatabase(BaseExecutor.java:325)
	at org.apache.ibatis.executor.BaseExecutor.query(BaseExecutor.java:156)
	at org.apache.ibatis.executor.CachingExecutor.query(CachingExecutor.java:109)
	at org.apache.ibatis.executor.CachingExecutor.query(CachingExecutor.java:89)
	at org.apache.ibatis.session.defaults.DefaultSqlSession.selectList(DefaultSqlSession.java:147)
	... 30 common frames omitted
Caused by: java.sql.SQLNonTransientConnectionException: Could not create connection to database server. Attempted reconnect 3 times. Giving up.
	at com.mysql.cj.jdbc.exceptions.SQLError.createSQLException(SQLError.java:110)
	at com.mysql.cj.jdbc.exceptions.SQLError.createSQLException(SQLError.java:97)
	at com.mysql.cj.jdbc.exceptions.SQLError.createSQLException(SQLError.java:89)
	at com.mysql.cj.jdbc.exceptions.SQLError.createSQLException(SQLError.java:63)
	at com.mysql.cj.jdbc.exceptions.SQLError.createSQLException(SQLError.java:73)
	at com.mysql.cj.jdbc.ConnectionImpl.connectWithRetries(ConnectionImpl.java:903)
	at com.mysql.cj.jdbc.ConnectionImpl.createNewIO(ConnectionImpl.java:828)
	at com.mysql.cj.jdbc.ConnectionImpl.<init>(ConnectionImpl.java:453)
	at com.mysql.cj.jdbc.ConnectionImpl.getInstance(ConnectionImpl.java:246)
	at com.mysql.cj.jdbc.NonRegisteringDriver.connect(NonRegisteringDriver.java:198)
	at com.zaxxer.hikari.util.DriverDataSource.getConnection(DriverDataSource.java:138)
	at com.zaxxer.hikari.pool.PoolBase.newConnection(PoolBase.java:364)
	at com.zaxxer.hikari.pool.PoolBase.newPoolEntry(PoolBase.java:206)
	at com.zaxxer.hikari.pool.HikariPool.createPoolEntry(HikariPool.java:476)
	at com.zaxxer.hikari.pool.HikariPool.checkFailFast(HikariPool.java:561)
	at com.zaxxer.hikari.pool.HikariPool.<init>(HikariPool.java:115)
	at com.zaxxer.hikari.HikariDataSource.getConnection(HikariDataSource.java:112)
	at org.springframework.jdbc.datasource.DataSourceUtils.fetchConnection(DataSourceUtils.java:159)
	at org.springframework.jdbc.datasource.DataSourceUtils.doGetConnection(DataSourceUtils.java:117)
	at org.springframework.jdbc.datasource.DataSourceUtils.getConnection(DataSourceUtils.java:80)
	... 40 common frames omitted
Caused by: com.mysql.cj.exceptions.CJException: Unknown database 's-pay-mall'
	at sun.reflect.GeneratedConstructorAccessor47.newInstance(Unknown Source)
	at sun.reflect.DelegatingConstructorAccessorImpl.newInstance(DelegatingConstructorAccessorImpl.java:45)
	at java.lang.reflect.Constructor.newInstance(Constructor.java:423)
	at com.mysql.cj.exceptions.ExceptionFactory.createException(ExceptionFactory.java:61)
	at com.mysql.cj.exceptions.ExceptionFactory.createException(ExceptionFactory.java:105)
	at com.mysql.cj.exceptions.ExceptionFactory.createException(ExceptionFactory.java:151)
	at com.mysql.cj.exceptions.ExceptionFactory.createException(ExceptionFactory.java:129)
	at com.mysql.cj.protocol.a.NativeProtocol.checkErrorMessage(NativeProtocol.java:794)
	at com.mysql.cj.protocol.a.NativeProtocol.checkErrorMessage(NativeProtocol.java:719)
	at com.mysql.cj.protocol.a.NativeProtocol.checkErrorMessage(NativeProtocol.java:687)
	at com.mysql.cj.protocol.a.NativeProtocol.checkErrorMessage(NativeProtocol.java:136)
	at com.mysql.cj.protocol.a.NativeAuthenticationProvider.proceedHandshakeWithPluggableAuthentication(NativeAuthenticationProvider.java:469)
	at com.mysql.cj.protocol.a.NativeAuthenticationProvider.connect(NativeAuthenticationProvider.java:174)
	at com.mysql.cj.protocol.a.NativeProtocol.connect(NativeProtocol.java:1350)
	at com.mysql.cj.NativeSession.connect(NativeSession.java:157)
	at com.mysql.cj.jdbc.ConnectionImpl.connectWithRetries(ConnectionImpl.java:847)
	... 54 common frames omitted
25-02-07.14:41:25.012 [scheduling-1    ] INFO  NoPayNotifyOrderJob    - 任务；检测未接收到或未正确处理的支付回调通知
25-02-07.14:41:25.012 [scheduling-1    ] INFO  HikariDataSource       - HikariPool-1 - Starting...
25-02-07.14:41:30.065 [scheduling-1    ] ERROR HikariPool             - HikariPool-1 - Exception during pool initialization.
java.sql.SQLNonTransientConnectionException: Could not create connection to database server. Attempted reconnect 3 times. Giving up.
	at com.mysql.cj.jdbc.exceptions.SQLError.createSQLException(SQLError.java:110)
	at com.mysql.cj.jdbc.exceptions.SQLError.createSQLException(SQLError.java:97)
	at com.mysql.cj.jdbc.exceptions.SQLError.createSQLException(SQLError.java:89)
	at com.mysql.cj.jdbc.exceptions.SQLError.createSQLException(SQLError.java:63)
	at com.mysql.cj.jdbc.exceptions.SQLError.createSQLException(SQLError.java:73)
	at com.mysql.cj.jdbc.ConnectionImpl.connectWithRetries(ConnectionImpl.java:903)
	at com.mysql.cj.jdbc.ConnectionImpl.createNewIO(ConnectionImpl.java:828)
	at com.mysql.cj.jdbc.ConnectionImpl.<init>(ConnectionImpl.java:453)
	at com.mysql.cj.jdbc.ConnectionImpl.getInstance(ConnectionImpl.java:246)
	at com.mysql.cj.jdbc.NonRegisteringDriver.connect(NonRegisteringDriver.java:198)
	at com.zaxxer.hikari.util.DriverDataSource.getConnection(DriverDataSource.java:138)
	at com.zaxxer.hikari.pool.PoolBase.newConnection(PoolBase.java:364)
	at com.zaxxer.hikari.pool.PoolBase.newPoolEntry(PoolBase.java:206)
	at com.zaxxer.hikari.pool.HikariPool.createPoolEntry(HikariPool.java:476)
	at com.zaxxer.hikari.pool.HikariPool.checkFailFast(HikariPool.java:561)
	at com.zaxxer.hikari.pool.HikariPool.<init>(HikariPool.java:115)
	at com.zaxxer.hikari.HikariDataSource.getConnection(HikariDataSource.java:112)
	at org.springframework.jdbc.datasource.DataSourceUtils.fetchConnection(DataSourceUtils.java:159)
	at org.springframework.jdbc.datasource.DataSourceUtils.doGetConnection(DataSourceUtils.java:117)
	at org.springframework.jdbc.datasource.DataSourceUtils.getConnection(DataSourceUtils.java:80)
	at org.mybatis.spring.transaction.SpringManagedTransaction.openConnection(SpringManagedTransaction.java:80)
	at org.mybatis.spring.transaction.SpringManagedTransaction.getConnection(SpringManagedTransaction.java:67)
	at org.apache.ibatis.executor.BaseExecutor.getConnection(BaseExecutor.java:337)
	at org.apache.ibatis.executor.SimpleExecutor.prepareStatement(SimpleExecutor.java:86)
	at org.apache.ibatis.executor.SimpleExecutor.doQuery(SimpleExecutor.java:62)
	at org.apache.ibatis.executor.BaseExecutor.queryFromDatabase(BaseExecutor.java:325)
	at org.apache.ibatis.executor.BaseExecutor.query(BaseExecutor.java:156)
	at org.apache.ibatis.executor.CachingExecutor.query(CachingExecutor.java:109)
	at org.apache.ibatis.executor.CachingExecutor.query(CachingExecutor.java:89)
	at org.apache.ibatis.session.defaults.DefaultSqlSession.selectList(DefaultSqlSession.java:147)
	at org.apache.ibatis.session.defaults.DefaultSqlSession.selectList(DefaultSqlSession.java:140)
	at sun.reflect.NativeMethodAccessorImpl.invoke0(Native Method)
	at sun.reflect.NativeMethodAccessorImpl.invoke(NativeMethodAccessorImpl.java:62)
	at sun.reflect.DelegatingMethodAccessorImpl.invoke(DelegatingMethodAccessorImpl.java:43)
	at java.lang.reflect.Method.invoke(Method.java:498)
	at org.mybatis.spring.SqlSessionTemplate$SqlSessionInterceptor.invoke(SqlSessionTemplate.java:427)
	at com.sun.proxy.$Proxy69.selectList(Unknown Source)
	at org.mybatis.spring.SqlSessionTemplate.selectList(SqlSessionTemplate.java:224)
	at org.apache.ibatis.binding.MapperMethod.executeForMany(MapperMethod.java:147)
	at org.apache.ibatis.binding.MapperMethod.execute(MapperMethod.java:80)
	at org.apache.ibatis.binding.MapperProxy$PlainMethodInvoker.invoke(MapperProxy.java:152)
	at org.apache.ibatis.binding.MapperProxy.invoke(MapperProxy.java:85)
	at com.sun.proxy.$Proxy70.queryNoPayNotifyOrder(Unknown Source)
	at org.example.service.impl.OrderServiceImpl.queryNoPayNotifyOrder(OrderServiceImpl.java:107)
	at org.example.job.NoPayNotifyOrderJob.exec(NoPayNotifyOrderJob.java:29)
	at sun.reflect.NativeMethodAccessorImpl.invoke0(Native Method)
	at sun.reflect.NativeMethodAccessorImpl.invoke(NativeMethodAccessorImpl.java:62)
	at sun.reflect.DelegatingMethodAccessorImpl.invoke(DelegatingMethodAccessorImpl.java:43)
	at java.lang.reflect.Method.invoke(Method.java:498)
	at org.springframework.scheduling.support.ScheduledMethodRunnable.run(ScheduledMethodRunnable.java:84)
	at org.springframework.scheduling.support.DelegatingErrorHandlingRunnable.run(DelegatingErrorHandlingRunnable.java:54)
	at org.springframework.scheduling.concurrent.ReschedulingRunnable.run(ReschedulingRunnable.java:95)
	at java.util.concurrent.Executors$RunnableAdapter.call(Executors.java:511)
	at java.util.concurrent.FutureTask.run$$$capture(FutureTask.java:266)
	at java.util.concurrent.FutureTask.run(FutureTask.java)
	at java.util.concurrent.ScheduledThreadPoolExecutor$ScheduledFutureTask.access$201(ScheduledThreadPoolExecutor.java:180)
	at java.util.concurrent.ScheduledThreadPoolExecutor$ScheduledFutureTask.run(ScheduledThreadPoolExecutor.java:293)
	at java.util.concurrent.ThreadPoolExecutor.runWorker(ThreadPoolExecutor.java:1149)
	at java.util.concurrent.ThreadPoolExecutor$Worker.run(ThreadPoolExecutor.java:624)
	at java.lang.Thread.run(Thread.java:750)
Caused by: com.mysql.cj.exceptions.CJException: Unknown database 's-pay-mall'
	at sun.reflect.GeneratedConstructorAccessor47.newInstance(Unknown Source)
	at sun.reflect.DelegatingConstructorAccessorImpl.newInstance(DelegatingConstructorAccessorImpl.java:45)
	at java.lang.reflect.Constructor.newInstance(Constructor.java:423)
	at com.mysql.cj.exceptions.ExceptionFactory.createException(ExceptionFactory.java:61)
	at com.mysql.cj.exceptions.ExceptionFactory.createException(ExceptionFactory.java:105)
	at com.mysql.cj.exceptions.ExceptionFactory.createException(ExceptionFactory.java:151)
	at com.mysql.cj.exceptions.ExceptionFactory.createException(ExceptionFactory.java:129)
	at com.mysql.cj.protocol.a.NativeProtocol.checkErrorMessage(NativeProtocol.java:794)
	at com.mysql.cj.protocol.a.NativeProtocol.checkErrorMessage(NativeProtocol.java:719)
	at com.mysql.cj.protocol.a.NativeProtocol.checkErrorMessage(NativeProtocol.java:687)
	at com.mysql.cj.protocol.a.NativeProtocol.checkErrorMessage(NativeProtocol.java:136)
	at com.mysql.cj.protocol.a.NativeAuthenticationProvider.proceedHandshakeWithPluggableAuthentication(NativeAuthenticationProvider.java:469)
	at com.mysql.cj.protocol.a.NativeAuthenticationProvider.connect(NativeAuthenticationProvider.java:174)
	at com.mysql.cj.protocol.a.NativeProtocol.connect(NativeProtocol.java:1350)
	at com.mysql.cj.NativeSession.connect(NativeSession.java:157)
	at com.mysql.cj.jdbc.ConnectionImpl.connectWithRetries(ConnectionImpl.java:847)
	... 54 common frames omitted
25-02-07.14:41:30.066 [scheduling-1    ] ERROR NoPayNotifyOrderJob    - 检测未接收到或未正确处理的支付回调通知失败
org.mybatis.spring.MyBatisSystemException: nested exception is org.apache.ibatis.exceptions.PersistenceException: 
### Error querying database.  Cause: org.springframework.jdbc.CannotGetJdbcConnectionException: Failed to obtain JDBC Connection; nested exception is java.sql.SQLNonTransientConnectionException: Could not create connection to database server. Attempted reconnect 3 times. Giving up.
### The error may exist in file [D:\Workspace\s-pay-mall-qiusu\s-pay-mall-controller\target\classes\mybatis\mapper\pay_order_mapper.xml]
### The error may involve org.example.dao.IOrderDao.queryNoPayNotifyOrder
### The error occurred while executing a query
### Cause: org.springframework.jdbc.CannotGetJdbcConnectionException: Failed to obtain JDBC Connection; nested exception is java.sql.SQLNonTransientConnectionException: Could not create connection to database server. Attempted reconnect 3 times. Giving up.
	at org.mybatis.spring.MyBatisExceptionTranslator.translateExceptionIfPossible(MyBatisExceptionTranslator.java:96)
	at org.mybatis.spring.SqlSessionTemplate$SqlSessionInterceptor.invoke(SqlSessionTemplate.java:441)
	at com.sun.proxy.$Proxy69.selectList(Unknown Source)
	at org.mybatis.spring.SqlSessionTemplate.selectList(SqlSessionTemplate.java:224)
	at org.apache.ibatis.binding.MapperMethod.executeForMany(MapperMethod.java:147)
	at org.apache.ibatis.binding.MapperMethod.execute(MapperMethod.java:80)
	at org.apache.ibatis.binding.MapperProxy$PlainMethodInvoker.invoke(MapperProxy.java:152)
	at org.apache.ibatis.binding.MapperProxy.invoke(MapperProxy.java:85)
	at com.sun.proxy.$Proxy70.queryNoPayNotifyOrder(Unknown Source)
	at org.example.service.impl.OrderServiceImpl.queryNoPayNotifyOrder(OrderServiceImpl.java:107)
	at org.example.job.NoPayNotifyOrderJob.exec(NoPayNotifyOrderJob.java:29)
	at sun.reflect.NativeMethodAccessorImpl.invoke0(Native Method)
	at sun.reflect.NativeMethodAccessorImpl.invoke(NativeMethodAccessorImpl.java:62)
	at sun.reflect.DelegatingMethodAccessorImpl.invoke(DelegatingMethodAccessorImpl.java:43)
	at java.lang.reflect.Method.invoke(Method.java:498)
	at org.springframework.scheduling.support.ScheduledMethodRunnable.run(ScheduledMethodRunnable.java:84)
	at org.springframework.scheduling.support.DelegatingErrorHandlingRunnable.run(DelegatingErrorHandlingRunnable.java:54)
	at org.springframework.scheduling.concurrent.ReschedulingRunnable.run(ReschedulingRunnable.java:95)
	at java.util.concurrent.Executors$RunnableAdapter.call(Executors.java:511)
	at java.util.concurrent.FutureTask.run$$$capture(FutureTask.java:266)
	at java.util.concurrent.FutureTask.run(FutureTask.java)
	at java.util.concurrent.ScheduledThreadPoolExecutor$ScheduledFutureTask.access$201(ScheduledThreadPoolExecutor.java:180)
	at java.util.concurrent.ScheduledThreadPoolExecutor$ScheduledFutureTask.run(ScheduledThreadPoolExecutor.java:293)
	at java.util.concurrent.ThreadPoolExecutor.runWorker(ThreadPoolExecutor.java:1149)
	at java.util.concurrent.ThreadPoolExecutor$Worker.run(ThreadPoolExecutor.java:624)
	at java.lang.Thread.run(Thread.java:750)
Caused by: org.apache.ibatis.exceptions.PersistenceException: 
### Error querying database.  Cause: org.springframework.jdbc.CannotGetJdbcConnectionException: Failed to obtain JDBC Connection; nested exception is java.sql.SQLNonTransientConnectionException: Could not create connection to database server. Attempted reconnect 3 times. Giving up.
### The error may exist in file [D:\Workspace\s-pay-mall-qiusu\s-pay-mall-controller\target\classes\mybatis\mapper\pay_order_mapper.xml]
### The error may involve org.example.dao.IOrderDao.queryNoPayNotifyOrder
### The error occurred while executing a query
### Cause: org.springframework.jdbc.CannotGetJdbcConnectionException: Failed to obtain JDBC Connection; nested exception is java.sql.SQLNonTransientConnectionException: Could not create connection to database server. Attempted reconnect 3 times. Giving up.
	at org.apache.ibatis.exceptions.ExceptionFactory.wrapException(ExceptionFactory.java:30)
	at org.apache.ibatis.session.defaults.DefaultSqlSession.selectList(DefaultSqlSession.java:149)
	at org.apache.ibatis.session.defaults.DefaultSqlSession.selectList(DefaultSqlSession.java:140)
	at sun.reflect.NativeMethodAccessorImpl.invoke0(Native Method)
	at sun.reflect.NativeMethodAccessorImpl.invoke(NativeMethodAccessorImpl.java:62)
	at sun.reflect.DelegatingMethodAccessorImpl.invoke(DelegatingMethodAccessorImpl.java:43)
	at java.lang.reflect.Method.invoke(Method.java:498)
	at org.mybatis.spring.SqlSessionTemplate$SqlSessionInterceptor.invoke(SqlSessionTemplate.java:427)
	... 24 common frames omitted
Caused by: org.springframework.jdbc.CannotGetJdbcConnectionException: Failed to obtain JDBC Connection; nested exception is java.sql.SQLNonTransientConnectionException: Could not create connection to database server. Attempted reconnect 3 times. Giving up.
	at org.springframework.jdbc.datasource.DataSourceUtils.getConnection(DataSourceUtils.java:83)
	at org.mybatis.spring.transaction.SpringManagedTransaction.openConnection(SpringManagedTransaction.java:80)
	at org.mybatis.spring.transaction.SpringManagedTransaction.getConnection(SpringManagedTransaction.java:67)
	at org.apache.ibatis.executor.BaseExecutor.getConnection(BaseExecutor.java:337)
	at org.apache.ibatis.executor.SimpleExecutor.prepareStatement(SimpleExecutor.java:86)
	at org.apache.ibatis.executor.SimpleExecutor.doQuery(SimpleExecutor.java:62)
	at org.apache.ibatis.executor.BaseExecutor.queryFromDatabase(BaseExecutor.java:325)
	at org.apache.ibatis.executor.BaseExecutor.query(BaseExecutor.java:156)
	at org.apache.ibatis.executor.CachingExecutor.query(CachingExecutor.java:109)
	at org.apache.ibatis.executor.CachingExecutor.query(CachingExecutor.java:89)
	at org.apache.ibatis.session.defaults.DefaultSqlSession.selectList(DefaultSqlSession.java:147)
	... 30 common frames omitted
Caused by: java.sql.SQLNonTransientConnectionException: Could not create connection to database server. Attempted reconnect 3 times. Giving up.
	at com.mysql.cj.jdbc.exceptions.SQLError.createSQLException(SQLError.java:110)
	at com.mysql.cj.jdbc.exceptions.SQLError.createSQLException(SQLError.java:97)
	at com.mysql.cj.jdbc.exceptions.SQLError.createSQLException(SQLError.java:89)
	at com.mysql.cj.jdbc.exceptions.SQLError.createSQLException(SQLError.java:63)
	at com.mysql.cj.jdbc.exceptions.SQLError.createSQLException(SQLError.java:73)
	at com.mysql.cj.jdbc.ConnectionImpl.connectWithRetries(ConnectionImpl.java:903)
	at com.mysql.cj.jdbc.ConnectionImpl.createNewIO(ConnectionImpl.java:828)
	at com.mysql.cj.jdbc.ConnectionImpl.<init>(ConnectionImpl.java:453)
	at com.mysql.cj.jdbc.ConnectionImpl.getInstance(ConnectionImpl.java:246)
	at com.mysql.cj.jdbc.NonRegisteringDriver.connect(NonRegisteringDriver.java:198)
	at com.zaxxer.hikari.util.DriverDataSource.getConnection(DriverDataSource.java:138)
	at com.zaxxer.hikari.pool.PoolBase.newConnection(PoolBase.java:364)
	at com.zaxxer.hikari.pool.PoolBase.newPoolEntry(PoolBase.java:206)
	at com.zaxxer.hikari.pool.HikariPool.createPoolEntry(HikariPool.java:476)
	at com.zaxxer.hikari.pool.HikariPool.checkFailFast(HikariPool.java:561)
	at com.zaxxer.hikari.pool.HikariPool.<init>(HikariPool.java:115)
	at com.zaxxer.hikari.HikariDataSource.getConnection(HikariDataSource.java:112)
	at org.springframework.jdbc.datasource.DataSourceUtils.fetchConnection(DataSourceUtils.java:159)
	at org.springframework.jdbc.datasource.DataSourceUtils.doGetConnection(DataSourceUtils.java:117)
	at org.springframework.jdbc.datasource.DataSourceUtils.getConnection(DataSourceUtils.java:80)
	... 40 common frames omitted
Caused by: com.mysql.cj.exceptions.CJException: Unknown database 's-pay-mall'
	at sun.reflect.GeneratedConstructorAccessor47.newInstance(Unknown Source)
	at sun.reflect.DelegatingConstructorAccessorImpl.newInstance(DelegatingConstructorAccessorImpl.java:45)
	at java.lang.reflect.Constructor.newInstance(Constructor.java:423)
	at com.mysql.cj.exceptions.ExceptionFactory.createException(ExceptionFactory.java:61)
	at com.mysql.cj.exceptions.ExceptionFactory.createException(ExceptionFactory.java:105)
	at com.mysql.cj.exceptions.ExceptionFactory.createException(ExceptionFactory.java:151)
	at com.mysql.cj.exceptions.ExceptionFactory.createException(ExceptionFactory.java:129)
	at com.mysql.cj.protocol.a.NativeProtocol.checkErrorMessage(NativeProtocol.java:794)
	at com.mysql.cj.protocol.a.NativeProtocol.checkErrorMessage(NativeProtocol.java:719)
	at com.mysql.cj.protocol.a.NativeProtocol.checkErrorMessage(NativeProtocol.java:687)
	at com.mysql.cj.protocol.a.NativeProtocol.checkErrorMessage(NativeProtocol.java:136)
	at com.mysql.cj.protocol.a.NativeAuthenticationProvider.proceedHandshakeWithPluggableAuthentication(NativeAuthenticationProvider.java:469)
	at com.mysql.cj.protocol.a.NativeAuthenticationProvider.connect(NativeAuthenticationProvider.java:174)
	at com.mysql.cj.protocol.a.NativeProtocol.connect(NativeProtocol.java:1350)
	at com.mysql.cj.NativeSession.connect(NativeSession.java:157)
	at com.mysql.cj.jdbc.ConnectionImpl.connectWithRetries(ConnectionImpl.java:847)
	... 54 common frames omitted
25-02-07.14:41:35.004 [scheduling-1    ] INFO  NoPayNotifyOrderJob    - 任务；检测未接收到或未正确处理的支付回调通知
25-02-07.14:41:35.005 [scheduling-1    ] INFO  HikariDataSource       - HikariPool-1 - Starting...
25-02-07.14:41:40.089 [scheduling-1    ] ERROR HikariPool             - HikariPool-1 - Exception during pool initialization.
java.sql.SQLNonTransientConnectionException: Could not create connection to database server. Attempted reconnect 3 times. Giving up.
	at com.mysql.cj.jdbc.exceptions.SQLError.createSQLException(SQLError.java:110)
	at com.mysql.cj.jdbc.exceptions.SQLError.createSQLException(SQLError.java:97)
	at com.mysql.cj.jdbc.exceptions.SQLError.createSQLException(SQLError.java:89)
	at com.mysql.cj.jdbc.exceptions.SQLError.createSQLException(SQLError.java:63)
	at com.mysql.cj.jdbc.exceptions.SQLError.createSQLException(SQLError.java:73)
	at com.mysql.cj.jdbc.ConnectionImpl.connectWithRetries(ConnectionImpl.java:903)
	at com.mysql.cj.jdbc.ConnectionImpl.createNewIO(ConnectionImpl.java:828)
	at com.mysql.cj.jdbc.ConnectionImpl.<init>(ConnectionImpl.java:453)
	at com.mysql.cj.jdbc.ConnectionImpl.getInstance(ConnectionImpl.java:246)
	at com.mysql.cj.jdbc.NonRegisteringDriver.connect(NonRegisteringDriver.java:198)
	at com.zaxxer.hikari.util.DriverDataSource.getConnection(DriverDataSource.java:138)
	at com.zaxxer.hikari.pool.PoolBase.newConnection(PoolBase.java:364)
	at com.zaxxer.hikari.pool.PoolBase.newPoolEntry(PoolBase.java:206)
	at com.zaxxer.hikari.pool.HikariPool.createPoolEntry(HikariPool.java:476)
	at com.zaxxer.hikari.pool.HikariPool.checkFailFast(HikariPool.java:561)
	at com.zaxxer.hikari.pool.HikariPool.<init>(HikariPool.java:115)
	at com.zaxxer.hikari.HikariDataSource.getConnection(HikariDataSource.java:112)
	at org.springframework.jdbc.datasource.DataSourceUtils.fetchConnection(DataSourceUtils.java:159)
	at org.springframework.jdbc.datasource.DataSourceUtils.doGetConnection(DataSourceUtils.java:117)
	at org.springframework.jdbc.datasource.DataSourceUtils.getConnection(DataSourceUtils.java:80)
	at org.mybatis.spring.transaction.SpringManagedTransaction.openConnection(SpringManagedTransaction.java:80)
	at org.mybatis.spring.transaction.SpringManagedTransaction.getConnection(SpringManagedTransaction.java:67)
	at org.apache.ibatis.executor.BaseExecutor.getConnection(BaseExecutor.java:337)
	at org.apache.ibatis.executor.SimpleExecutor.prepareStatement(SimpleExecutor.java:86)
	at org.apache.ibatis.executor.SimpleExecutor.doQuery(SimpleExecutor.java:62)
	at org.apache.ibatis.executor.BaseExecutor.queryFromDatabase(BaseExecutor.java:325)
	at org.apache.ibatis.executor.BaseExecutor.query(BaseExecutor.java:156)
	at org.apache.ibatis.executor.CachingExecutor.query(CachingExecutor.java:109)
	at org.apache.ibatis.executor.CachingExecutor.query(CachingExecutor.java:89)
	at org.apache.ibatis.session.defaults.DefaultSqlSession.selectList(DefaultSqlSession.java:147)
	at org.apache.ibatis.session.defaults.DefaultSqlSession.selectList(DefaultSqlSession.java:140)
	at sun.reflect.NativeMethodAccessorImpl.invoke0(Native Method)
	at sun.reflect.NativeMethodAccessorImpl.invoke(NativeMethodAccessorImpl.java:62)
	at sun.reflect.DelegatingMethodAccessorImpl.invoke(DelegatingMethodAccessorImpl.java:43)
	at java.lang.reflect.Method.invoke(Method.java:498)
	at org.mybatis.spring.SqlSessionTemplate$SqlSessionInterceptor.invoke(SqlSessionTemplate.java:427)
	at com.sun.proxy.$Proxy69.selectList(Unknown Source)
	at org.mybatis.spring.SqlSessionTemplate.selectList(SqlSessionTemplate.java:224)
	at org.apache.ibatis.binding.MapperMethod.executeForMany(MapperMethod.java:147)
	at org.apache.ibatis.binding.MapperMethod.execute(MapperMethod.java:80)
	at org.apache.ibatis.binding.MapperProxy$PlainMethodInvoker.invoke(MapperProxy.java:152)
	at org.apache.ibatis.binding.MapperProxy.invoke(MapperProxy.java:85)
	at com.sun.proxy.$Proxy70.queryNoPayNotifyOrder(Unknown Source)
	at org.example.service.impl.OrderServiceImpl.queryNoPayNotifyOrder(OrderServiceImpl.java:107)
	at org.example.job.NoPayNotifyOrderJob.exec(NoPayNotifyOrderJob.java:29)
	at sun.reflect.NativeMethodAccessorImpl.invoke0(Native Method)
	at sun.reflect.NativeMethodAccessorImpl.invoke(NativeMethodAccessorImpl.java:62)
	at sun.reflect.DelegatingMethodAccessorImpl.invoke(DelegatingMethodAccessorImpl.java:43)
	at java.lang.reflect.Method.invoke(Method.java:498)
	at org.springframework.scheduling.support.ScheduledMethodRunnable.run(ScheduledMethodRunnable.java:84)
	at org.springframework.scheduling.support.DelegatingErrorHandlingRunnable.run(DelegatingErrorHandlingRunnable.java:54)
	at org.springframework.scheduling.concurrent.ReschedulingRunnable.run(ReschedulingRunnable.java:95)
	at java.util.concurrent.Executors$RunnableAdapter.call(Executors.java:511)
	at java.util.concurrent.FutureTask.run$$$capture(FutureTask.java:266)
	at java.util.concurrent.FutureTask.run(FutureTask.java)
	at java.util.concurrent.ScheduledThreadPoolExecutor$ScheduledFutureTask.access$201(ScheduledThreadPoolExecutor.java:180)
	at java.util.concurrent.ScheduledThreadPoolExecutor$ScheduledFutureTask.run(ScheduledThreadPoolExecutor.java:293)
	at java.util.concurrent.ThreadPoolExecutor.runWorker(ThreadPoolExecutor.java:1149)
	at java.util.concurrent.ThreadPoolExecutor$Worker.run(ThreadPoolExecutor.java:624)
	at java.lang.Thread.run(Thread.java:750)
Caused by: com.mysql.cj.exceptions.CJException: Unknown database 's-pay-mall'
	at sun.reflect.GeneratedConstructorAccessor47.newInstance(Unknown Source)
	at sun.reflect.DelegatingConstructorAccessorImpl.newInstance(DelegatingConstructorAccessorImpl.java:45)
	at java.lang.reflect.Constructor.newInstance(Constructor.java:423)
	at com.mysql.cj.exceptions.ExceptionFactory.createException(ExceptionFactory.java:61)
	at com.mysql.cj.exceptions.ExceptionFactory.createException(ExceptionFactory.java:105)
	at com.mysql.cj.exceptions.ExceptionFactory.createException(ExceptionFactory.java:151)
	at com.mysql.cj.exceptions.ExceptionFactory.createException(ExceptionFactory.java:129)
	at com.mysql.cj.protocol.a.NativeProtocol.checkErrorMessage(NativeProtocol.java:794)
	at com.mysql.cj.protocol.a.NativeProtocol.checkErrorMessage(NativeProtocol.java:719)
	at com.mysql.cj.protocol.a.NativeProtocol.checkErrorMessage(NativeProtocol.java:687)
	at com.mysql.cj.protocol.a.NativeProtocol.checkErrorMessage(NativeProtocol.java:136)
	at com.mysql.cj.protocol.a.NativeAuthenticationProvider.proceedHandshakeWithPluggableAuthentication(NativeAuthenticationProvider.java:469)
	at com.mysql.cj.protocol.a.NativeAuthenticationProvider.connect(NativeAuthenticationProvider.java:174)
	at com.mysql.cj.protocol.a.NativeProtocol.connect(NativeProtocol.java:1350)
	at com.mysql.cj.NativeSession.connect(NativeSession.java:157)
	at com.mysql.cj.jdbc.ConnectionImpl.connectWithRetries(ConnectionImpl.java:847)
	... 54 common frames omitted
25-02-07.14:41:40.090 [scheduling-1    ] ERROR NoPayNotifyOrderJob    - 检测未接收到或未正确处理的支付回调通知失败
org.mybatis.spring.MyBatisSystemException: nested exception is org.apache.ibatis.exceptions.PersistenceException: 
### Error querying database.  Cause: org.springframework.jdbc.CannotGetJdbcConnectionException: Failed to obtain JDBC Connection; nested exception is java.sql.SQLNonTransientConnectionException: Could not create connection to database server. Attempted reconnect 3 times. Giving up.
### The error may exist in file [D:\Workspace\s-pay-mall-qiusu\s-pay-mall-controller\target\classes\mybatis\mapper\pay_order_mapper.xml]
### The error may involve org.example.dao.IOrderDao.queryNoPayNotifyOrder
### The error occurred while executing a query
### Cause: org.springframework.jdbc.CannotGetJdbcConnectionException: Failed to obtain JDBC Connection; nested exception is java.sql.SQLNonTransientConnectionException: Could not create connection to database server. Attempted reconnect 3 times. Giving up.
	at org.mybatis.spring.MyBatisExceptionTranslator.translateExceptionIfPossible(MyBatisExceptionTranslator.java:96)
	at org.mybatis.spring.SqlSessionTemplate$SqlSessionInterceptor.invoke(SqlSessionTemplate.java:441)
	at com.sun.proxy.$Proxy69.selectList(Unknown Source)
	at org.mybatis.spring.SqlSessionTemplate.selectList(SqlSessionTemplate.java:224)
	at org.apache.ibatis.binding.MapperMethod.executeForMany(MapperMethod.java:147)
	at org.apache.ibatis.binding.MapperMethod.execute(MapperMethod.java:80)
	at org.apache.ibatis.binding.MapperProxy$PlainMethodInvoker.invoke(MapperProxy.java:152)
	at org.apache.ibatis.binding.MapperProxy.invoke(MapperProxy.java:85)
	at com.sun.proxy.$Proxy70.queryNoPayNotifyOrder(Unknown Source)
	at org.example.service.impl.OrderServiceImpl.queryNoPayNotifyOrder(OrderServiceImpl.java:107)
	at org.example.job.NoPayNotifyOrderJob.exec(NoPayNotifyOrderJob.java:29)
	at sun.reflect.NativeMethodAccessorImpl.invoke0(Native Method)
	at sun.reflect.NativeMethodAccessorImpl.invoke(NativeMethodAccessorImpl.java:62)
	at sun.reflect.DelegatingMethodAccessorImpl.invoke(DelegatingMethodAccessorImpl.java:43)
	at java.lang.reflect.Method.invoke(Method.java:498)
	at org.springframework.scheduling.support.ScheduledMethodRunnable.run(ScheduledMethodRunnable.java:84)
	at org.springframework.scheduling.support.DelegatingErrorHandlingRunnable.run(DelegatingErrorHandlingRunnable.java:54)
	at org.springframework.scheduling.concurrent.ReschedulingRunnable.run(ReschedulingRunnable.java:95)
	at java.util.concurrent.Executors$RunnableAdapter.call(Executors.java:511)
	at java.util.concurrent.FutureTask.run$$$capture(FutureTask.java:266)
	at java.util.concurrent.FutureTask.run(FutureTask.java)
	at java.util.concurrent.ScheduledThreadPoolExecutor$ScheduledFutureTask.access$201(ScheduledThreadPoolExecutor.java:180)
	at java.util.concurrent.ScheduledThreadPoolExecutor$ScheduledFutureTask.run(ScheduledThreadPoolExecutor.java:293)
	at java.util.concurrent.ThreadPoolExecutor.runWorker(ThreadPoolExecutor.java:1149)
	at java.util.concurrent.ThreadPoolExecutor$Worker.run(ThreadPoolExecutor.java:624)
	at java.lang.Thread.run(Thread.java:750)
Caused by: org.apache.ibatis.exceptions.PersistenceException: 
### Error querying database.  Cause: org.springframework.jdbc.CannotGetJdbcConnectionException: Failed to obtain JDBC Connection; nested exception is java.sql.SQLNonTransientConnectionException: Could not create connection to database server. Attempted reconnect 3 times. Giving up.
### The error may exist in file [D:\Workspace\s-pay-mall-qiusu\s-pay-mall-controller\target\classes\mybatis\mapper\pay_order_mapper.xml]
### The error may involve org.example.dao.IOrderDao.queryNoPayNotifyOrder
### The error occurred while executing a query
### Cause: org.springframework.jdbc.CannotGetJdbcConnectionException: Failed to obtain JDBC Connection; nested exception is java.sql.SQLNonTransientConnectionException: Could not create connection to database server. Attempted reconnect 3 times. Giving up.
	at org.apache.ibatis.exceptions.ExceptionFactory.wrapException(ExceptionFactory.java:30)
	at org.apache.ibatis.session.defaults.DefaultSqlSession.selectList(DefaultSqlSession.java:149)
	at org.apache.ibatis.session.defaults.DefaultSqlSession.selectList(DefaultSqlSession.java:140)
	at sun.reflect.NativeMethodAccessorImpl.invoke0(Native Method)
	at sun.reflect.NativeMethodAccessorImpl.invoke(NativeMethodAccessorImpl.java:62)
	at sun.reflect.DelegatingMethodAccessorImpl.invoke(DelegatingMethodAccessorImpl.java:43)
	at java.lang.reflect.Method.invoke(Method.java:498)
	at org.mybatis.spring.SqlSessionTemplate$SqlSessionInterceptor.invoke(SqlSessionTemplate.java:427)
	... 24 common frames omitted
Caused by: org.springframework.jdbc.CannotGetJdbcConnectionException: Failed to obtain JDBC Connection; nested exception is java.sql.SQLNonTransientConnectionException: Could not create connection to database server. Attempted reconnect 3 times. Giving up.
	at org.springframework.jdbc.datasource.DataSourceUtils.getConnection(DataSourceUtils.java:83)
	at org.mybatis.spring.transaction.SpringManagedTransaction.openConnection(SpringManagedTransaction.java:80)
	at org.mybatis.spring.transaction.SpringManagedTransaction.getConnection(SpringManagedTransaction.java:67)
	at org.apache.ibatis.executor.BaseExecutor.getConnection(BaseExecutor.java:337)
	at org.apache.ibatis.executor.SimpleExecutor.prepareStatement(SimpleExecutor.java:86)
	at org.apache.ibatis.executor.SimpleExecutor.doQuery(SimpleExecutor.java:62)
	at org.apache.ibatis.executor.BaseExecutor.queryFromDatabase(BaseExecutor.java:325)
	at org.apache.ibatis.executor.BaseExecutor.query(BaseExecutor.java:156)
	at org.apache.ibatis.executor.CachingExecutor.query(CachingExecutor.java:109)
	at org.apache.ibatis.executor.CachingExecutor.query(CachingExecutor.java:89)
	at org.apache.ibatis.session.defaults.DefaultSqlSession.selectList(DefaultSqlSession.java:147)
	... 30 common frames omitted
Caused by: java.sql.SQLNonTransientConnectionException: Could not create connection to database server. Attempted reconnect 3 times. Giving up.
	at com.mysql.cj.jdbc.exceptions.SQLError.createSQLException(SQLError.java:110)
	at com.mysql.cj.jdbc.exceptions.SQLError.createSQLException(SQLError.java:97)
	at com.mysql.cj.jdbc.exceptions.SQLError.createSQLException(SQLError.java:89)
	at com.mysql.cj.jdbc.exceptions.SQLError.createSQLException(SQLError.java:63)
	at com.mysql.cj.jdbc.exceptions.SQLError.createSQLException(SQLError.java:73)
	at com.mysql.cj.jdbc.ConnectionImpl.connectWithRetries(ConnectionImpl.java:903)
	at com.mysql.cj.jdbc.ConnectionImpl.createNewIO(ConnectionImpl.java:828)
	at com.mysql.cj.jdbc.ConnectionImpl.<init>(ConnectionImpl.java:453)
	at com.mysql.cj.jdbc.ConnectionImpl.getInstance(ConnectionImpl.java:246)
	at com.mysql.cj.jdbc.NonRegisteringDriver.connect(NonRegisteringDriver.java:198)
	at com.zaxxer.hikari.util.DriverDataSource.getConnection(DriverDataSource.java:138)
	at com.zaxxer.hikari.pool.PoolBase.newConnection(PoolBase.java:364)
	at com.zaxxer.hikari.pool.PoolBase.newPoolEntry(PoolBase.java:206)
	at com.zaxxer.hikari.pool.HikariPool.createPoolEntry(HikariPool.java:476)
	at com.zaxxer.hikari.pool.HikariPool.checkFailFast(HikariPool.java:561)
	at com.zaxxer.hikari.pool.HikariPool.<init>(HikariPool.java:115)
	at com.zaxxer.hikari.HikariDataSource.getConnection(HikariDataSource.java:112)
	at org.springframework.jdbc.datasource.DataSourceUtils.fetchConnection(DataSourceUtils.java:159)
	at org.springframework.jdbc.datasource.DataSourceUtils.doGetConnection(DataSourceUtils.java:117)
	at org.springframework.jdbc.datasource.DataSourceUtils.getConnection(DataSourceUtils.java:80)
	... 40 common frames omitted
Caused by: com.mysql.cj.exceptions.CJException: Unknown database 's-pay-mall'
	at sun.reflect.GeneratedConstructorAccessor47.newInstance(Unknown Source)
	at sun.reflect.DelegatingConstructorAccessorImpl.newInstance(DelegatingConstructorAccessorImpl.java:45)
	at java.lang.reflect.Constructor.newInstance(Constructor.java:423)
	at com.mysql.cj.exceptions.ExceptionFactory.createException(ExceptionFactory.java:61)
	at com.mysql.cj.exceptions.ExceptionFactory.createException(ExceptionFactory.java:105)
	at com.mysql.cj.exceptions.ExceptionFactory.createException(ExceptionFactory.java:151)
	at com.mysql.cj.exceptions.ExceptionFactory.createException(ExceptionFactory.java:129)
	at com.mysql.cj.protocol.a.NativeProtocol.checkErrorMessage(NativeProtocol.java:794)
	at com.mysql.cj.protocol.a.NativeProtocol.checkErrorMessage(NativeProtocol.java:719)
	at com.mysql.cj.protocol.a.NativeProtocol.checkErrorMessage(NativeProtocol.java:687)
	at com.mysql.cj.protocol.a.NativeProtocol.checkErrorMessage(NativeProtocol.java:136)
	at com.mysql.cj.protocol.a.NativeAuthenticationProvider.proceedHandshakeWithPluggableAuthentication(NativeAuthenticationProvider.java:469)
	at com.mysql.cj.protocol.a.NativeAuthenticationProvider.connect(NativeAuthenticationProvider.java:174)
	at com.mysql.cj.protocol.a.NativeProtocol.connect(NativeProtocol.java:1350)
	at com.mysql.cj.NativeSession.connect(NativeSession.java:157)
	at com.mysql.cj.jdbc.ConnectionImpl.connectWithRetries(ConnectionImpl.java:847)
	... 54 common frames omitted
25-02-07.14:41:45.009 [scheduling-1    ] INFO  NoPayNotifyOrderJob    - 任务；检测未接收到或未正确处理的支付回调通知
25-02-07.14:41:45.009 [scheduling-1    ] INFO  HikariDataSource       - HikariPool-1 - Starting...
25-02-07.14:41:50.072 [scheduling-1    ] ERROR HikariPool             - HikariPool-1 - Exception during pool initialization.
java.sql.SQLNonTransientConnectionException: Could not create connection to database server. Attempted reconnect 3 times. Giving up.
	at com.mysql.cj.jdbc.exceptions.SQLError.createSQLException(SQLError.java:110)
	at com.mysql.cj.jdbc.exceptions.SQLError.createSQLException(SQLError.java:97)
	at com.mysql.cj.jdbc.exceptions.SQLError.createSQLException(SQLError.java:89)
	at com.mysql.cj.jdbc.exceptions.SQLError.createSQLException(SQLError.java:63)
	at com.mysql.cj.jdbc.exceptions.SQLError.createSQLException(SQLError.java:73)
	at com.mysql.cj.jdbc.ConnectionImpl.connectWithRetries(ConnectionImpl.java:903)
	at com.mysql.cj.jdbc.ConnectionImpl.createNewIO(ConnectionImpl.java:828)
	at com.mysql.cj.jdbc.ConnectionImpl.<init>(ConnectionImpl.java:453)
	at com.mysql.cj.jdbc.ConnectionImpl.getInstance(ConnectionImpl.java:246)
	at com.mysql.cj.jdbc.NonRegisteringDriver.connect(NonRegisteringDriver.java:198)
	at com.zaxxer.hikari.util.DriverDataSource.getConnection(DriverDataSource.java:138)
	at com.zaxxer.hikari.pool.PoolBase.newConnection(PoolBase.java:364)
	at com.zaxxer.hikari.pool.PoolBase.newPoolEntry(PoolBase.java:206)
	at com.zaxxer.hikari.pool.HikariPool.createPoolEntry(HikariPool.java:476)
	at com.zaxxer.hikari.pool.HikariPool.checkFailFast(HikariPool.java:561)
	at com.zaxxer.hikari.pool.HikariPool.<init>(HikariPool.java:115)
	at com.zaxxer.hikari.HikariDataSource.getConnection(HikariDataSource.java:112)
	at org.springframework.jdbc.datasource.DataSourceUtils.fetchConnection(DataSourceUtils.java:159)
	at org.springframework.jdbc.datasource.DataSourceUtils.doGetConnection(DataSourceUtils.java:117)
	at org.springframework.jdbc.datasource.DataSourceUtils.getConnection(DataSourceUtils.java:80)
	at org.mybatis.spring.transaction.SpringManagedTransaction.openConnection(SpringManagedTransaction.java:80)
	at org.mybatis.spring.transaction.SpringManagedTransaction.getConnection(SpringManagedTransaction.java:67)
	at org.apache.ibatis.executor.BaseExecutor.getConnection(BaseExecutor.java:337)
	at org.apache.ibatis.executor.SimpleExecutor.prepareStatement(SimpleExecutor.java:86)
	at org.apache.ibatis.executor.SimpleExecutor.doQuery(SimpleExecutor.java:62)
	at org.apache.ibatis.executor.BaseExecutor.queryFromDatabase(BaseExecutor.java:325)
	at org.apache.ibatis.executor.BaseExecutor.query(BaseExecutor.java:156)
	at org.apache.ibatis.executor.CachingExecutor.query(CachingExecutor.java:109)
	at org.apache.ibatis.executor.CachingExecutor.query(CachingExecutor.java:89)
	at org.apache.ibatis.session.defaults.DefaultSqlSession.selectList(DefaultSqlSession.java:147)
	at org.apache.ibatis.session.defaults.DefaultSqlSession.selectList(DefaultSqlSession.java:140)
	at sun.reflect.GeneratedMethodAccessor6.invoke(Unknown Source)
	at sun.reflect.DelegatingMethodAccessorImpl.invoke(DelegatingMethodAccessorImpl.java:43)
	at java.lang.reflect.Method.invoke(Method.java:498)
	at org.mybatis.spring.SqlSessionTemplate$SqlSessionInterceptor.invoke(SqlSessionTemplate.java:427)
	at com.sun.proxy.$Proxy69.selectList(Unknown Source)
	at org.mybatis.spring.SqlSessionTemplate.selectList(SqlSessionTemplate.java:224)
	at org.apache.ibatis.binding.MapperMethod.executeForMany(MapperMethod.java:147)
	at org.apache.ibatis.binding.MapperMethod.execute(MapperMethod.java:80)
	at org.apache.ibatis.binding.MapperProxy$PlainMethodInvoker.invoke(MapperProxy.java:152)
	at org.apache.ibatis.binding.MapperProxy.invoke(MapperProxy.java:85)
	at com.sun.proxy.$Proxy70.queryNoPayNotifyOrder(Unknown Source)
	at org.example.service.impl.OrderServiceImpl.queryNoPayNotifyOrder(OrderServiceImpl.java:107)
	at org.example.job.NoPayNotifyOrderJob.exec(NoPayNotifyOrderJob.java:29)
	at sun.reflect.NativeMethodAccessorImpl.invoke0(Native Method)
	at sun.reflect.NativeMethodAccessorImpl.invoke(NativeMethodAccessorImpl.java:62)
	at sun.reflect.DelegatingMethodAccessorImpl.invoke(DelegatingMethodAccessorImpl.java:43)
	at java.lang.reflect.Method.invoke(Method.java:498)
	at org.springframework.scheduling.support.ScheduledMethodRunnable.run(ScheduledMethodRunnable.java:84)
	at org.springframework.scheduling.support.DelegatingErrorHandlingRunnable.run(DelegatingErrorHandlingRunnable.java:54)
	at org.springframework.scheduling.concurrent.ReschedulingRunnable.run(ReschedulingRunnable.java:95)
	at java.util.concurrent.Executors$RunnableAdapter.call(Executors.java:511)
	at java.util.concurrent.FutureTask.run$$$capture(FutureTask.java:266)
	at java.util.concurrent.FutureTask.run(FutureTask.java)
	at java.util.concurrent.ScheduledThreadPoolExecutor$ScheduledFutureTask.access$201(ScheduledThreadPoolExecutor.java:180)
	at java.util.concurrent.ScheduledThreadPoolExecutor$ScheduledFutureTask.run(ScheduledThreadPoolExecutor.java:293)
	at java.util.concurrent.ThreadPoolExecutor.runWorker(ThreadPoolExecutor.java:1149)
	at java.util.concurrent.ThreadPoolExecutor$Worker.run(ThreadPoolExecutor.java:624)
	at java.lang.Thread.run(Thread.java:750)
Caused by: com.mysql.cj.exceptions.CJException: Unknown database 's-pay-mall'
	at sun.reflect.GeneratedConstructorAccessor47.newInstance(Unknown Source)
	at sun.reflect.DelegatingConstructorAccessorImpl.newInstance(DelegatingConstructorAccessorImpl.java:45)
	at java.lang.reflect.Constructor.newInstance(Constructor.java:423)
	at com.mysql.cj.exceptions.ExceptionFactory.createException(ExceptionFactory.java:61)
	at com.mysql.cj.exceptions.ExceptionFactory.createException(ExceptionFactory.java:105)
	at com.mysql.cj.exceptions.ExceptionFactory.createException(ExceptionFactory.java:151)
	at com.mysql.cj.exceptions.ExceptionFactory.createException(ExceptionFactory.java:129)
	at com.mysql.cj.protocol.a.NativeProtocol.checkErrorMessage(NativeProtocol.java:794)
	at com.mysql.cj.protocol.a.NativeProtocol.checkErrorMessage(NativeProtocol.java:719)
	at com.mysql.cj.protocol.a.NativeProtocol.checkErrorMessage(NativeProtocol.java:687)
	at com.mysql.cj.protocol.a.NativeProtocol.checkErrorMessage(NativeProtocol.java:136)
	at com.mysql.cj.protocol.a.NativeAuthenticationProvider.proceedHandshakeWithPluggableAuthentication(NativeAuthenticationProvider.java:469)
	at com.mysql.cj.protocol.a.NativeAuthenticationProvider.connect(NativeAuthenticationProvider.java:174)
	at com.mysql.cj.protocol.a.NativeProtocol.connect(NativeProtocol.java:1350)
	at com.mysql.cj.NativeSession.connect(NativeSession.java:157)
	at com.mysql.cj.jdbc.ConnectionImpl.connectWithRetries(ConnectionImpl.java:847)
	... 53 common frames omitted
25-02-07.14:41:50.072 [scheduling-1    ] ERROR NoPayNotifyOrderJob    - 检测未接收到或未正确处理的支付回调通知失败
org.mybatis.spring.MyBatisSystemException: nested exception is org.apache.ibatis.exceptions.PersistenceException: 
### Error querying database.  Cause: org.springframework.jdbc.CannotGetJdbcConnectionException: Failed to obtain JDBC Connection; nested exception is java.sql.SQLNonTransientConnectionException: Could not create connection to database server. Attempted reconnect 3 times. Giving up.
### The error may exist in file [D:\Workspace\s-pay-mall-qiusu\s-pay-mall-controller\target\classes\mybatis\mapper\pay_order_mapper.xml]
### The error may involve org.example.dao.IOrderDao.queryNoPayNotifyOrder
### The error occurred while executing a query
### Cause: org.springframework.jdbc.CannotGetJdbcConnectionException: Failed to obtain JDBC Connection; nested exception is java.sql.SQLNonTransientConnectionException: Could not create connection to database server. Attempted reconnect 3 times. Giving up.
	at org.mybatis.spring.MyBatisExceptionTranslator.translateExceptionIfPossible(MyBatisExceptionTranslator.java:96)
	at org.mybatis.spring.SqlSessionTemplate$SqlSessionInterceptor.invoke(SqlSessionTemplate.java:441)
	at com.sun.proxy.$Proxy69.selectList(Unknown Source)
	at org.mybatis.spring.SqlSessionTemplate.selectList(SqlSessionTemplate.java:224)
	at org.apache.ibatis.binding.MapperMethod.executeForMany(MapperMethod.java:147)
	at org.apache.ibatis.binding.MapperMethod.execute(MapperMethod.java:80)
	at org.apache.ibatis.binding.MapperProxy$PlainMethodInvoker.invoke(MapperProxy.java:152)
	at org.apache.ibatis.binding.MapperProxy.invoke(MapperProxy.java:85)
	at com.sun.proxy.$Proxy70.queryNoPayNotifyOrder(Unknown Source)
	at org.example.service.impl.OrderServiceImpl.queryNoPayNotifyOrder(OrderServiceImpl.java:107)
	at org.example.job.NoPayNotifyOrderJob.exec(NoPayNotifyOrderJob.java:29)
	at sun.reflect.NativeMethodAccessorImpl.invoke0(Native Method)
	at sun.reflect.NativeMethodAccessorImpl.invoke(NativeMethodAccessorImpl.java:62)
	at sun.reflect.DelegatingMethodAccessorImpl.invoke(DelegatingMethodAccessorImpl.java:43)
	at java.lang.reflect.Method.invoke(Method.java:498)
	at org.springframework.scheduling.support.ScheduledMethodRunnable.run(ScheduledMethodRunnable.java:84)
	at org.springframework.scheduling.support.DelegatingErrorHandlingRunnable.run(DelegatingErrorHandlingRunnable.java:54)
	at org.springframework.scheduling.concurrent.ReschedulingRunnable.run(ReschedulingRunnable.java:95)
	at java.util.concurrent.Executors$RunnableAdapter.call(Executors.java:511)
	at java.util.concurrent.FutureTask.run$$$capture(FutureTask.java:266)
	at java.util.concurrent.FutureTask.run(FutureTask.java)
	at java.util.concurrent.ScheduledThreadPoolExecutor$ScheduledFutureTask.access$201(ScheduledThreadPoolExecutor.java:180)
	at java.util.concurrent.ScheduledThreadPoolExecutor$ScheduledFutureTask.run(ScheduledThreadPoolExecutor.java:293)
	at java.util.concurrent.ThreadPoolExecutor.runWorker(ThreadPoolExecutor.java:1149)
	at java.util.concurrent.ThreadPoolExecutor$Worker.run(ThreadPoolExecutor.java:624)
	at java.lang.Thread.run(Thread.java:750)
Caused by: org.apache.ibatis.exceptions.PersistenceException: 
### Error querying database.  Cause: org.springframework.jdbc.CannotGetJdbcConnectionException: Failed to obtain JDBC Connection; nested exception is java.sql.SQLNonTransientConnectionException: Could not create connection to database server. Attempted reconnect 3 times. Giving up.
### The error may exist in file [D:\Workspace\s-pay-mall-qiusu\s-pay-mall-controller\target\classes\mybatis\mapper\pay_order_mapper.xml]
### The error may involve org.example.dao.IOrderDao.queryNoPayNotifyOrder
### The error occurred while executing a query
### Cause: org.springframework.jdbc.CannotGetJdbcConnectionException: Failed to obtain JDBC Connection; nested exception is java.sql.SQLNonTransientConnectionException: Could not create connection to database server. Attempted reconnect 3 times. Giving up.
	at org.apache.ibatis.exceptions.ExceptionFactory.wrapException(ExceptionFactory.java:30)
	at org.apache.ibatis.session.defaults.DefaultSqlSession.selectList(DefaultSqlSession.java:149)
	at org.apache.ibatis.session.defaults.DefaultSqlSession.selectList(DefaultSqlSession.java:140)
	at sun.reflect.GeneratedMethodAccessor6.invoke(Unknown Source)
	at sun.reflect.DelegatingMethodAccessorImpl.invoke(DelegatingMethodAccessorImpl.java:43)
	at java.lang.reflect.Method.invoke(Method.java:498)
	at org.mybatis.spring.SqlSessionTemplate$SqlSessionInterceptor.invoke(SqlSessionTemplate.java:427)
	... 24 common frames omitted
Caused by: org.springframework.jdbc.CannotGetJdbcConnectionException: Failed to obtain JDBC Connection; nested exception is java.sql.SQLNonTransientConnectionException: Could not create connection to database server. Attempted reconnect 3 times. Giving up.
	at org.springframework.jdbc.datasource.DataSourceUtils.getConnection(DataSourceUtils.java:83)
	at org.mybatis.spring.transaction.SpringManagedTransaction.openConnection(SpringManagedTransaction.java:80)
	at org.mybatis.spring.transaction.SpringManagedTransaction.getConnection(SpringManagedTransaction.java:67)
	at org.apache.ibatis.executor.BaseExecutor.getConnection(BaseExecutor.java:337)
	at org.apache.ibatis.executor.SimpleExecutor.prepareStatement(SimpleExecutor.java:86)
	at org.apache.ibatis.executor.SimpleExecutor.doQuery(SimpleExecutor.java:62)
	at org.apache.ibatis.executor.BaseExecutor.queryFromDatabase(BaseExecutor.java:325)
	at org.apache.ibatis.executor.BaseExecutor.query(BaseExecutor.java:156)
	at org.apache.ibatis.executor.CachingExecutor.query(CachingExecutor.java:109)
	at org.apache.ibatis.executor.CachingExecutor.query(CachingExecutor.java:89)
	at org.apache.ibatis.session.defaults.DefaultSqlSession.selectList(DefaultSqlSession.java:147)
	... 29 common frames omitted
Caused by: java.sql.SQLNonTransientConnectionException: Could not create connection to database server. Attempted reconnect 3 times. Giving up.
	at com.mysql.cj.jdbc.exceptions.SQLError.createSQLException(SQLError.java:110)
	at com.mysql.cj.jdbc.exceptions.SQLError.createSQLException(SQLError.java:97)
	at com.mysql.cj.jdbc.exceptions.SQLError.createSQLException(SQLError.java:89)
	at com.mysql.cj.jdbc.exceptions.SQLError.createSQLException(SQLError.java:63)
	at com.mysql.cj.jdbc.exceptions.SQLError.createSQLException(SQLError.java:73)
	at com.mysql.cj.jdbc.ConnectionImpl.connectWithRetries(ConnectionImpl.java:903)
	at com.mysql.cj.jdbc.ConnectionImpl.createNewIO(ConnectionImpl.java:828)
	at com.mysql.cj.jdbc.ConnectionImpl.<init>(ConnectionImpl.java:453)
	at com.mysql.cj.jdbc.ConnectionImpl.getInstance(ConnectionImpl.java:246)
	at com.mysql.cj.jdbc.NonRegisteringDriver.connect(NonRegisteringDriver.java:198)
	at com.zaxxer.hikari.util.DriverDataSource.getConnection(DriverDataSource.java:138)
	at com.zaxxer.hikari.pool.PoolBase.newConnection(PoolBase.java:364)
	at com.zaxxer.hikari.pool.PoolBase.newPoolEntry(PoolBase.java:206)
	at com.zaxxer.hikari.pool.HikariPool.createPoolEntry(HikariPool.java:476)
	at com.zaxxer.hikari.pool.HikariPool.checkFailFast(HikariPool.java:561)
	at com.zaxxer.hikari.pool.HikariPool.<init>(HikariPool.java:115)
	at com.zaxxer.hikari.HikariDataSource.getConnection(HikariDataSource.java:112)
	at org.springframework.jdbc.datasource.DataSourceUtils.fetchConnection(DataSourceUtils.java:159)
	at org.springframework.jdbc.datasource.DataSourceUtils.doGetConnection(DataSourceUtils.java:117)
	at org.springframework.jdbc.datasource.DataSourceUtils.getConnection(DataSourceUtils.java:80)
	... 39 common frames omitted
Caused by: com.mysql.cj.exceptions.CJException: Unknown database 's-pay-mall'
	at sun.reflect.GeneratedConstructorAccessor47.newInstance(Unknown Source)
	at sun.reflect.DelegatingConstructorAccessorImpl.newInstance(DelegatingConstructorAccessorImpl.java:45)
	at java.lang.reflect.Constructor.newInstance(Constructor.java:423)
	at com.mysql.cj.exceptions.ExceptionFactory.createException(ExceptionFactory.java:61)
	at com.mysql.cj.exceptions.ExceptionFactory.createException(ExceptionFactory.java:105)
	at com.mysql.cj.exceptions.ExceptionFactory.createException(ExceptionFactory.java:151)
	at com.mysql.cj.exceptions.ExceptionFactory.createException(ExceptionFactory.java:129)
	at com.mysql.cj.protocol.a.NativeProtocol.checkErrorMessage(NativeProtocol.java:794)
	at com.mysql.cj.protocol.a.NativeProtocol.checkErrorMessage(NativeProtocol.java:719)
	at com.mysql.cj.protocol.a.NativeProtocol.checkErrorMessage(NativeProtocol.java:687)
	at com.mysql.cj.protocol.a.NativeProtocol.checkErrorMessage(NativeProtocol.java:136)
	at com.mysql.cj.protocol.a.NativeAuthenticationProvider.proceedHandshakeWithPluggableAuthentication(NativeAuthenticationProvider.java:469)
	at com.mysql.cj.protocol.a.NativeAuthenticationProvider.connect(NativeAuthenticationProvider.java:174)
	at com.mysql.cj.protocol.a.NativeProtocol.connect(NativeProtocol.java:1350)
	at com.mysql.cj.NativeSession.connect(NativeSession.java:157)
	at com.mysql.cj.jdbc.ConnectionImpl.connectWithRetries(ConnectionImpl.java:847)
	... 53 common frames omitted
25-02-07.14:41:55.006 [scheduling-1    ] INFO  NoPayNotifyOrderJob    - 任务；检测未接收到或未正确处理的支付回调通知
25-02-07.14:41:55.006 [scheduling-1    ] INFO  HikariDataSource       - HikariPool-1 - Starting...
25-02-07.14:42:00.047 [scheduling-1    ] ERROR HikariPool             - HikariPool-1 - Exception during pool initialization.
java.sql.SQLNonTransientConnectionException: Could not create connection to database server. Attempted reconnect 3 times. Giving up.
	at com.mysql.cj.jdbc.exceptions.SQLError.createSQLException(SQLError.java:110)
	at com.mysql.cj.jdbc.exceptions.SQLError.createSQLException(SQLError.java:97)
	at com.mysql.cj.jdbc.exceptions.SQLError.createSQLException(SQLError.java:89)
	at com.mysql.cj.jdbc.exceptions.SQLError.createSQLException(SQLError.java:63)
	at com.mysql.cj.jdbc.exceptions.SQLError.createSQLException(SQLError.java:73)
	at com.mysql.cj.jdbc.ConnectionImpl.connectWithRetries(ConnectionImpl.java:903)
	at com.mysql.cj.jdbc.ConnectionImpl.createNewIO(ConnectionImpl.java:828)
	at com.mysql.cj.jdbc.ConnectionImpl.<init>(ConnectionImpl.java:453)
	at com.mysql.cj.jdbc.ConnectionImpl.getInstance(ConnectionImpl.java:246)
	at com.mysql.cj.jdbc.NonRegisteringDriver.connect(NonRegisteringDriver.java:198)
	at com.zaxxer.hikari.util.DriverDataSource.getConnection(DriverDataSource.java:138)
	at com.zaxxer.hikari.pool.PoolBase.newConnection(PoolBase.java:364)
	at com.zaxxer.hikari.pool.PoolBase.newPoolEntry(PoolBase.java:206)
	at com.zaxxer.hikari.pool.HikariPool.createPoolEntry(HikariPool.java:476)
	at com.zaxxer.hikari.pool.HikariPool.checkFailFast(HikariPool.java:561)
	at com.zaxxer.hikari.pool.HikariPool.<init>(HikariPool.java:115)
	at com.zaxxer.hikari.HikariDataSource.getConnection(HikariDataSource.java:112)
	at org.springframework.jdbc.datasource.DataSourceUtils.fetchConnection(DataSourceUtils.java:159)
	at org.springframework.jdbc.datasource.DataSourceUtils.doGetConnection(DataSourceUtils.java:117)
	at org.springframework.jdbc.datasource.DataSourceUtils.getConnection(DataSourceUtils.java:80)
	at org.mybatis.spring.transaction.SpringManagedTransaction.openConnection(SpringManagedTransaction.java:80)
	at org.mybatis.spring.transaction.SpringManagedTransaction.getConnection(SpringManagedTransaction.java:67)
	at org.apache.ibatis.executor.BaseExecutor.getConnection(BaseExecutor.java:337)
	at org.apache.ibatis.executor.SimpleExecutor.prepareStatement(SimpleExecutor.java:86)
	at org.apache.ibatis.executor.SimpleExecutor.doQuery(SimpleExecutor.java:62)
	at org.apache.ibatis.executor.BaseExecutor.queryFromDatabase(BaseExecutor.java:325)
	at org.apache.ibatis.executor.BaseExecutor.query(BaseExecutor.java:156)
	at org.apache.ibatis.executor.CachingExecutor.query(CachingExecutor.java:109)
	at org.apache.ibatis.executor.CachingExecutor.query(CachingExecutor.java:89)
	at org.apache.ibatis.session.defaults.DefaultSqlSession.selectList(DefaultSqlSession.java:147)
	at org.apache.ibatis.session.defaults.DefaultSqlSession.selectList(DefaultSqlSession.java:140)
	at sun.reflect.GeneratedMethodAccessor6.invoke(Unknown Source)
	at sun.reflect.DelegatingMethodAccessorImpl.invoke(DelegatingMethodAccessorImpl.java:43)
	at java.lang.reflect.Method.invoke(Method.java:498)
	at org.mybatis.spring.SqlSessionTemplate$SqlSessionInterceptor.invoke(SqlSessionTemplate.java:427)
	at com.sun.proxy.$Proxy69.selectList(Unknown Source)
	at org.mybatis.spring.SqlSessionTemplate.selectList(SqlSessionTemplate.java:224)
	at org.apache.ibatis.binding.MapperMethod.executeForMany(MapperMethod.java:147)
	at org.apache.ibatis.binding.MapperMethod.execute(MapperMethod.java:80)
	at org.apache.ibatis.binding.MapperProxy$PlainMethodInvoker.invoke(MapperProxy.java:152)
	at org.apache.ibatis.binding.MapperProxy.invoke(MapperProxy.java:85)
	at com.sun.proxy.$Proxy70.queryNoPayNotifyOrder(Unknown Source)
	at org.example.service.impl.OrderServiceImpl.queryNoPayNotifyOrder(OrderServiceImpl.java:107)
	at org.example.job.NoPayNotifyOrderJob.exec(NoPayNotifyOrderJob.java:29)
	at sun.reflect.GeneratedMethodAccessor7.invoke(Unknown Source)
	at sun.reflect.DelegatingMethodAccessorImpl.invoke(DelegatingMethodAccessorImpl.java:43)
	at java.lang.reflect.Method.invoke(Method.java:498)
	at org.springframework.scheduling.support.ScheduledMethodRunnable.run(ScheduledMethodRunnable.java:84)
	at org.springframework.scheduling.support.DelegatingErrorHandlingRunnable.run(DelegatingErrorHandlingRunnable.java:54)
	at org.springframework.scheduling.concurrent.ReschedulingRunnable.run(ReschedulingRunnable.java:95)
	at java.util.concurrent.Executors$RunnableAdapter.call(Executors.java:511)
	at java.util.concurrent.FutureTask.run$$$capture(FutureTask.java:266)
	at java.util.concurrent.FutureTask.run(FutureTask.java)
	at java.util.concurrent.ScheduledThreadPoolExecutor$ScheduledFutureTask.access$201(ScheduledThreadPoolExecutor.java:180)
	at java.util.concurrent.ScheduledThreadPoolExecutor$ScheduledFutureTask.run(ScheduledThreadPoolExecutor.java:293)
	at java.util.concurrent.ThreadPoolExecutor.runWorker(ThreadPoolExecutor.java:1149)
	at java.util.concurrent.ThreadPoolExecutor$Worker.run(ThreadPoolExecutor.java:624)
	at java.lang.Thread.run(Thread.java:750)
Caused by: com.mysql.cj.exceptions.CJException: Unknown database 's-pay-mall'
	at sun.reflect.GeneratedConstructorAccessor47.newInstance(Unknown Source)
	at sun.reflect.DelegatingConstructorAccessorImpl.newInstance(DelegatingConstructorAccessorImpl.java:45)
	at java.lang.reflect.Constructor.newInstance(Constructor.java:423)
	at com.mysql.cj.exceptions.ExceptionFactory.createException(ExceptionFactory.java:61)
	at com.mysql.cj.exceptions.ExceptionFactory.createException(ExceptionFactory.java:105)
	at com.mysql.cj.exceptions.ExceptionFactory.createException(ExceptionFactory.java:151)
	at com.mysql.cj.exceptions.ExceptionFactory.createException(ExceptionFactory.java:129)
	at com.mysql.cj.protocol.a.NativeProtocol.checkErrorMessage(NativeProtocol.java:794)
	at com.mysql.cj.protocol.a.NativeProtocol.checkErrorMessage(NativeProtocol.java:719)
	at com.mysql.cj.protocol.a.NativeProtocol.checkErrorMessage(NativeProtocol.java:687)
	at com.mysql.cj.protocol.a.NativeProtocol.checkErrorMessage(NativeProtocol.java:136)
	at com.mysql.cj.protocol.a.NativeAuthenticationProvider.proceedHandshakeWithPluggableAuthentication(NativeAuthenticationProvider.java:469)
	at com.mysql.cj.protocol.a.NativeAuthenticationProvider.connect(NativeAuthenticationProvider.java:174)
	at com.mysql.cj.protocol.a.NativeProtocol.connect(NativeProtocol.java:1350)
	at com.mysql.cj.NativeSession.connect(NativeSession.java:157)
	at com.mysql.cj.jdbc.ConnectionImpl.connectWithRetries(ConnectionImpl.java:847)
	... 52 common frames omitted
25-02-07.14:42:00.048 [scheduling-1    ] ERROR NoPayNotifyOrderJob    - 检测未接收到或未正确处理的支付回调通知失败
org.mybatis.spring.MyBatisSystemException: nested exception is org.apache.ibatis.exceptions.PersistenceException: 
### Error querying database.  Cause: org.springframework.jdbc.CannotGetJdbcConnectionException: Failed to obtain JDBC Connection; nested exception is java.sql.SQLNonTransientConnectionException: Could not create connection to database server. Attempted reconnect 3 times. Giving up.
### The error may exist in file [D:\Workspace\s-pay-mall-qiusu\s-pay-mall-controller\target\classes\mybatis\mapper\pay_order_mapper.xml]
### The error may involve org.example.dao.IOrderDao.queryNoPayNotifyOrder
### The error occurred while executing a query
### Cause: org.springframework.jdbc.CannotGetJdbcConnectionException: Failed to obtain JDBC Connection; nested exception is java.sql.SQLNonTransientConnectionException: Could not create connection to database server. Attempted reconnect 3 times. Giving up.
	at org.mybatis.spring.MyBatisExceptionTranslator.translateExceptionIfPossible(MyBatisExceptionTranslator.java:96)
	at org.mybatis.spring.SqlSessionTemplate$SqlSessionInterceptor.invoke(SqlSessionTemplate.java:441)
	at com.sun.proxy.$Proxy69.selectList(Unknown Source)
	at org.mybatis.spring.SqlSessionTemplate.selectList(SqlSessionTemplate.java:224)
	at org.apache.ibatis.binding.MapperMethod.executeForMany(MapperMethod.java:147)
	at org.apache.ibatis.binding.MapperMethod.execute(MapperMethod.java:80)
	at org.apache.ibatis.binding.MapperProxy$PlainMethodInvoker.invoke(MapperProxy.java:152)
	at org.apache.ibatis.binding.MapperProxy.invoke(MapperProxy.java:85)
	at com.sun.proxy.$Proxy70.queryNoPayNotifyOrder(Unknown Source)
	at org.example.service.impl.OrderServiceImpl.queryNoPayNotifyOrder(OrderServiceImpl.java:107)
	at org.example.job.NoPayNotifyOrderJob.exec(NoPayNotifyOrderJob.java:29)
	at sun.reflect.GeneratedMethodAccessor7.invoke(Unknown Source)
	at sun.reflect.DelegatingMethodAccessorImpl.invoke(DelegatingMethodAccessorImpl.java:43)
	at java.lang.reflect.Method.invoke(Method.java:498)
	at org.springframework.scheduling.support.ScheduledMethodRunnable.run(ScheduledMethodRunnable.java:84)
	at org.springframework.scheduling.support.DelegatingErrorHandlingRunnable.run(DelegatingErrorHandlingRunnable.java:54)
	at org.springframework.scheduling.concurrent.ReschedulingRunnable.run(ReschedulingRunnable.java:95)
	at java.util.concurrent.Executors$RunnableAdapter.call(Executors.java:511)
	at java.util.concurrent.FutureTask.run$$$capture(FutureTask.java:266)
	at java.util.concurrent.FutureTask.run(FutureTask.java)
	at java.util.concurrent.ScheduledThreadPoolExecutor$ScheduledFutureTask.access$201(ScheduledThreadPoolExecutor.java:180)
	at java.util.concurrent.ScheduledThreadPoolExecutor$ScheduledFutureTask.run(ScheduledThreadPoolExecutor.java:293)
	at java.util.concurrent.ThreadPoolExecutor.runWorker(ThreadPoolExecutor.java:1149)
	at java.util.concurrent.ThreadPoolExecutor$Worker.run(ThreadPoolExecutor.java:624)
	at java.lang.Thread.run(Thread.java:750)
Caused by: org.apache.ibatis.exceptions.PersistenceException: 
### Error querying database.  Cause: org.springframework.jdbc.CannotGetJdbcConnectionException: Failed to obtain JDBC Connection; nested exception is java.sql.SQLNonTransientConnectionException: Could not create connection to database server. Attempted reconnect 3 times. Giving up.
### The error may exist in file [D:\Workspace\s-pay-mall-qiusu\s-pay-mall-controller\target\classes\mybatis\mapper\pay_order_mapper.xml]
### The error may involve org.example.dao.IOrderDao.queryNoPayNotifyOrder
### The error occurred while executing a query
### Cause: org.springframework.jdbc.CannotGetJdbcConnectionException: Failed to obtain JDBC Connection; nested exception is java.sql.SQLNonTransientConnectionException: Could not create connection to database server. Attempted reconnect 3 times. Giving up.
	at org.apache.ibatis.exceptions.ExceptionFactory.wrapException(ExceptionFactory.java:30)
	at org.apache.ibatis.session.defaults.DefaultSqlSession.selectList(DefaultSqlSession.java:149)
	at org.apache.ibatis.session.defaults.DefaultSqlSession.selectList(DefaultSqlSession.java:140)
	at sun.reflect.GeneratedMethodAccessor6.invoke(Unknown Source)
	at sun.reflect.DelegatingMethodAccessorImpl.invoke(DelegatingMethodAccessorImpl.java:43)
	at java.lang.reflect.Method.invoke(Method.java:498)
	at org.mybatis.spring.SqlSessionTemplate$SqlSessionInterceptor.invoke(SqlSessionTemplate.java:427)
	... 23 common frames omitted
Caused by: org.springframework.jdbc.CannotGetJdbcConnectionException: Failed to obtain JDBC Connection; nested exception is java.sql.SQLNonTransientConnectionException: Could not create connection to database server. Attempted reconnect 3 times. Giving up.
	at org.springframework.jdbc.datasource.DataSourceUtils.getConnection(DataSourceUtils.java:83)
	at org.mybatis.spring.transaction.SpringManagedTransaction.openConnection(SpringManagedTransaction.java:80)
	at org.mybatis.spring.transaction.SpringManagedTransaction.getConnection(SpringManagedTransaction.java:67)
	at org.apache.ibatis.executor.BaseExecutor.getConnection(BaseExecutor.java:337)
	at org.apache.ibatis.executor.SimpleExecutor.prepareStatement(SimpleExecutor.java:86)
	at org.apache.ibatis.executor.SimpleExecutor.doQuery(SimpleExecutor.java:62)
	at org.apache.ibatis.executor.BaseExecutor.queryFromDatabase(BaseExecutor.java:325)
	at org.apache.ibatis.executor.BaseExecutor.query(BaseExecutor.java:156)
	at org.apache.ibatis.executor.CachingExecutor.query(CachingExecutor.java:109)
	at org.apache.ibatis.executor.CachingExecutor.query(CachingExecutor.java:89)
	at org.apache.ibatis.session.defaults.DefaultSqlSession.selectList(DefaultSqlSession.java:147)
	... 28 common frames omitted
Caused by: java.sql.SQLNonTransientConnectionException: Could not create connection to database server. Attempted reconnect 3 times. Giving up.
	at com.mysql.cj.jdbc.exceptions.SQLError.createSQLException(SQLError.java:110)
	at com.mysql.cj.jdbc.exceptions.SQLError.createSQLException(SQLError.java:97)
	at com.mysql.cj.jdbc.exceptions.SQLError.createSQLException(SQLError.java:89)
	at com.mysql.cj.jdbc.exceptions.SQLError.createSQLException(SQLError.java:63)
	at com.mysql.cj.jdbc.exceptions.SQLError.createSQLException(SQLError.java:73)
	at com.mysql.cj.jdbc.ConnectionImpl.connectWithRetries(ConnectionImpl.java:903)
	at com.mysql.cj.jdbc.ConnectionImpl.createNewIO(ConnectionImpl.java:828)
	at com.mysql.cj.jdbc.ConnectionImpl.<init>(ConnectionImpl.java:453)
	at com.mysql.cj.jdbc.ConnectionImpl.getInstance(ConnectionImpl.java:246)
	at com.mysql.cj.jdbc.NonRegisteringDriver.connect(NonRegisteringDriver.java:198)
	at com.zaxxer.hikari.util.DriverDataSource.getConnection(DriverDataSource.java:138)
	at com.zaxxer.hikari.pool.PoolBase.newConnection(PoolBase.java:364)
	at com.zaxxer.hikari.pool.PoolBase.newPoolEntry(PoolBase.java:206)
	at com.zaxxer.hikari.pool.HikariPool.createPoolEntry(HikariPool.java:476)
	at com.zaxxer.hikari.pool.HikariPool.checkFailFast(HikariPool.java:561)
	at com.zaxxer.hikari.pool.HikariPool.<init>(HikariPool.java:115)
	at com.zaxxer.hikari.HikariDataSource.getConnection(HikariDataSource.java:112)
	at org.springframework.jdbc.datasource.DataSourceUtils.fetchConnection(DataSourceUtils.java:159)
	at org.springframework.jdbc.datasource.DataSourceUtils.doGetConnection(DataSourceUtils.java:117)
	at org.springframework.jdbc.datasource.DataSourceUtils.getConnection(DataSourceUtils.java:80)
	... 38 common frames omitted
Caused by: com.mysql.cj.exceptions.CJException: Unknown database 's-pay-mall'
	at sun.reflect.GeneratedConstructorAccessor47.newInstance(Unknown Source)
	at sun.reflect.DelegatingConstructorAccessorImpl.newInstance(DelegatingConstructorAccessorImpl.java:45)
	at java.lang.reflect.Constructor.newInstance(Constructor.java:423)
	at com.mysql.cj.exceptions.ExceptionFactory.createException(ExceptionFactory.java:61)
	at com.mysql.cj.exceptions.ExceptionFactory.createException(ExceptionFactory.java:105)
	at com.mysql.cj.exceptions.ExceptionFactory.createException(ExceptionFactory.java:151)
	at com.mysql.cj.exceptions.ExceptionFactory.createException(ExceptionFactory.java:129)
	at com.mysql.cj.protocol.a.NativeProtocol.checkErrorMessage(NativeProtocol.java:794)
	at com.mysql.cj.protocol.a.NativeProtocol.checkErrorMessage(NativeProtocol.java:719)
	at com.mysql.cj.protocol.a.NativeProtocol.checkErrorMessage(NativeProtocol.java:687)
	at com.mysql.cj.protocol.a.NativeProtocol.checkErrorMessage(NativeProtocol.java:136)
	at com.mysql.cj.protocol.a.NativeAuthenticationProvider.proceedHandshakeWithPluggableAuthentication(NativeAuthenticationProvider.java:469)
	at com.mysql.cj.protocol.a.NativeAuthenticationProvider.connect(NativeAuthenticationProvider.java:174)
	at com.mysql.cj.protocol.a.NativeProtocol.connect(NativeProtocol.java:1350)
	at com.mysql.cj.NativeSession.connect(NativeSession.java:157)
	at com.mysql.cj.jdbc.ConnectionImpl.connectWithRetries(ConnectionImpl.java:847)
	... 52 common frames omitted
25-02-07.14:42:05.001 [scheduling-1    ] INFO  NoPayNotifyOrderJob    - 任务；检测未接收到或未正确处理的支付回调通知
25-02-07.14:42:05.001 [scheduling-1    ] INFO  HikariDataSource       - HikariPool-1 - Starting...
25-02-07.14:42:10.086 [scheduling-1    ] ERROR HikariPool             - HikariPool-1 - Exception during pool initialization.
java.sql.SQLNonTransientConnectionException: Could not create connection to database server. Attempted reconnect 3 times. Giving up.
	at com.mysql.cj.jdbc.exceptions.SQLError.createSQLException(SQLError.java:110)
	at com.mysql.cj.jdbc.exceptions.SQLError.createSQLException(SQLError.java:97)
	at com.mysql.cj.jdbc.exceptions.SQLError.createSQLException(SQLError.java:89)
	at com.mysql.cj.jdbc.exceptions.SQLError.createSQLException(SQLError.java:63)
	at com.mysql.cj.jdbc.exceptions.SQLError.createSQLException(SQLError.java:73)
	at com.mysql.cj.jdbc.ConnectionImpl.connectWithRetries(ConnectionImpl.java:903)
	at com.mysql.cj.jdbc.ConnectionImpl.createNewIO(ConnectionImpl.java:828)
	at com.mysql.cj.jdbc.ConnectionImpl.<init>(ConnectionImpl.java:453)
	at com.mysql.cj.jdbc.ConnectionImpl.getInstance(ConnectionImpl.java:246)
	at com.mysql.cj.jdbc.NonRegisteringDriver.connect(NonRegisteringDriver.java:198)
	at com.zaxxer.hikari.util.DriverDataSource.getConnection(DriverDataSource.java:138)
	at com.zaxxer.hikari.pool.PoolBase.newConnection(PoolBase.java:364)
	at com.zaxxer.hikari.pool.PoolBase.newPoolEntry(PoolBase.java:206)
	at com.zaxxer.hikari.pool.HikariPool.createPoolEntry(HikariPool.java:476)
	at com.zaxxer.hikari.pool.HikariPool.checkFailFast(HikariPool.java:561)
	at com.zaxxer.hikari.pool.HikariPool.<init>(HikariPool.java:115)
	at com.zaxxer.hikari.HikariDataSource.getConnection(HikariDataSource.java:112)
	at org.springframework.jdbc.datasource.DataSourceUtils.fetchConnection(DataSourceUtils.java:159)
	at org.springframework.jdbc.datasource.DataSourceUtils.doGetConnection(DataSourceUtils.java:117)
	at org.springframework.jdbc.datasource.DataSourceUtils.getConnection(DataSourceUtils.java:80)
	at org.mybatis.spring.transaction.SpringManagedTransaction.openConnection(SpringManagedTransaction.java:80)
	at org.mybatis.spring.transaction.SpringManagedTransaction.getConnection(SpringManagedTransaction.java:67)
	at org.apache.ibatis.executor.BaseExecutor.getConnection(BaseExecutor.java:337)
	at org.apache.ibatis.executor.SimpleExecutor.prepareStatement(SimpleExecutor.java:86)
	at org.apache.ibatis.executor.SimpleExecutor.doQuery(SimpleExecutor.java:62)
	at org.apache.ibatis.executor.BaseExecutor.queryFromDatabase(BaseExecutor.java:325)
	at org.apache.ibatis.executor.BaseExecutor.query(BaseExecutor.java:156)
	at org.apache.ibatis.executor.CachingExecutor.query(CachingExecutor.java:109)
	at org.apache.ibatis.executor.CachingExecutor.query(CachingExecutor.java:89)
	at org.apache.ibatis.session.defaults.DefaultSqlSession.selectList(DefaultSqlSession.java:147)
	at org.apache.ibatis.session.defaults.DefaultSqlSession.selectList(DefaultSqlSession.java:140)
	at sun.reflect.GeneratedMethodAccessor6.invoke(Unknown Source)
	at sun.reflect.DelegatingMethodAccessorImpl.invoke(DelegatingMethodAccessorImpl.java:43)
	at java.lang.reflect.Method.invoke(Method.java:498)
	at org.mybatis.spring.SqlSessionTemplate$SqlSessionInterceptor.invoke(SqlSessionTemplate.java:427)
	at com.sun.proxy.$Proxy69.selectList(Unknown Source)
	at org.mybatis.spring.SqlSessionTemplate.selectList(SqlSessionTemplate.java:224)
	at org.apache.ibatis.binding.MapperMethod.executeForMany(MapperMethod.java:147)
	at org.apache.ibatis.binding.MapperMethod.execute(MapperMethod.java:80)
	at org.apache.ibatis.binding.MapperProxy$PlainMethodInvoker.invoke(MapperProxy.java:152)
	at org.apache.ibatis.binding.MapperProxy.invoke(MapperProxy.java:85)
	at com.sun.proxy.$Proxy70.queryNoPayNotifyOrder(Unknown Source)
	at org.example.service.impl.OrderServiceImpl.queryNoPayNotifyOrder(OrderServiceImpl.java:107)
	at org.example.job.NoPayNotifyOrderJob.exec(NoPayNotifyOrderJob.java:29)
	at sun.reflect.GeneratedMethodAccessor7.invoke(Unknown Source)
	at sun.reflect.DelegatingMethodAccessorImpl.invoke(DelegatingMethodAccessorImpl.java:43)
	at java.lang.reflect.Method.invoke(Method.java:498)
	at org.springframework.scheduling.support.ScheduledMethodRunnable.run(ScheduledMethodRunnable.java:84)
	at org.springframework.scheduling.support.DelegatingErrorHandlingRunnable.run(DelegatingErrorHandlingRunnable.java:54)
	at org.springframework.scheduling.concurrent.ReschedulingRunnable.run(ReschedulingRunnable.java:95)
	at java.util.concurrent.Executors$RunnableAdapter.call(Executors.java:511)
	at java.util.concurrent.FutureTask.run$$$capture(FutureTask.java:266)
	at java.util.concurrent.FutureTask.run(FutureTask.java)
	at java.util.concurrent.ScheduledThreadPoolExecutor$ScheduledFutureTask.access$201(ScheduledThreadPoolExecutor.java:180)
	at java.util.concurrent.ScheduledThreadPoolExecutor$ScheduledFutureTask.run(ScheduledThreadPoolExecutor.java:293)
	at java.util.concurrent.ThreadPoolExecutor.runWorker(ThreadPoolExecutor.java:1149)
	at java.util.concurrent.ThreadPoolExecutor$Worker.run(ThreadPoolExecutor.java:624)
	at java.lang.Thread.run(Thread.java:750)
Caused by: com.mysql.cj.exceptions.CJException: Unknown database 's-pay-mall'
	at sun.reflect.GeneratedConstructorAccessor47.newInstance(Unknown Source)
	at sun.reflect.DelegatingConstructorAccessorImpl.newInstance(DelegatingConstructorAccessorImpl.java:45)
	at java.lang.reflect.Constructor.newInstance(Constructor.java:423)
	at com.mysql.cj.exceptions.ExceptionFactory.createException(ExceptionFactory.java:61)
	at com.mysql.cj.exceptions.ExceptionFactory.createException(ExceptionFactory.java:105)
	at com.mysql.cj.exceptions.ExceptionFactory.createException(ExceptionFactory.java:151)
	at com.mysql.cj.exceptions.ExceptionFactory.createException(ExceptionFactory.java:129)
	at com.mysql.cj.protocol.a.NativeProtocol.checkErrorMessage(NativeProtocol.java:794)
	at com.mysql.cj.protocol.a.NativeProtocol.checkErrorMessage(NativeProtocol.java:719)
	at com.mysql.cj.protocol.a.NativeProtocol.checkErrorMessage(NativeProtocol.java:687)
	at com.mysql.cj.protocol.a.NativeProtocol.checkErrorMessage(NativeProtocol.java:136)
	at com.mysql.cj.protocol.a.NativeAuthenticationProvider.proceedHandshakeWithPluggableAuthentication(NativeAuthenticationProvider.java:469)
	at com.mysql.cj.protocol.a.NativeAuthenticationProvider.connect(NativeAuthenticationProvider.java:174)
	at com.mysql.cj.protocol.a.NativeProtocol.connect(NativeProtocol.java:1350)
	at com.mysql.cj.NativeSession.connect(NativeSession.java:157)
	at com.mysql.cj.jdbc.ConnectionImpl.connectWithRetries(ConnectionImpl.java:847)
	... 52 common frames omitted
25-02-07.14:42:10.087 [scheduling-1    ] ERROR NoPayNotifyOrderJob    - 检测未接收到或未正确处理的支付回调通知失败
org.mybatis.spring.MyBatisSystemException: nested exception is org.apache.ibatis.exceptions.PersistenceException: 
### Error querying database.  Cause: org.springframework.jdbc.CannotGetJdbcConnectionException: Failed to obtain JDBC Connection; nested exception is java.sql.SQLNonTransientConnectionException: Could not create connection to database server. Attempted reconnect 3 times. Giving up.
### The error may exist in file [D:\Workspace\s-pay-mall-qiusu\s-pay-mall-controller\target\classes\mybatis\mapper\pay_order_mapper.xml]
### The error may involve org.example.dao.IOrderDao.queryNoPayNotifyOrder
### The error occurred while executing a query
### Cause: org.springframework.jdbc.CannotGetJdbcConnectionException: Failed to obtain JDBC Connection; nested exception is java.sql.SQLNonTransientConnectionException: Could not create connection to database server. Attempted reconnect 3 times. Giving up.
	at org.mybatis.spring.MyBatisExceptionTranslator.translateExceptionIfPossible(MyBatisExceptionTranslator.java:96)
	at org.mybatis.spring.SqlSessionTemplate$SqlSessionInterceptor.invoke(SqlSessionTemplate.java:441)
	at com.sun.proxy.$Proxy69.selectList(Unknown Source)
	at org.mybatis.spring.SqlSessionTemplate.selectList(SqlSessionTemplate.java:224)
	at org.apache.ibatis.binding.MapperMethod.executeForMany(MapperMethod.java:147)
	at org.apache.ibatis.binding.MapperMethod.execute(MapperMethod.java:80)
	at org.apache.ibatis.binding.MapperProxy$PlainMethodInvoker.invoke(MapperProxy.java:152)
	at org.apache.ibatis.binding.MapperProxy.invoke(MapperProxy.java:85)
	at com.sun.proxy.$Proxy70.queryNoPayNotifyOrder(Unknown Source)
	at org.example.service.impl.OrderServiceImpl.queryNoPayNotifyOrder(OrderServiceImpl.java:107)
	at org.example.job.NoPayNotifyOrderJob.exec(NoPayNotifyOrderJob.java:29)
	at sun.reflect.GeneratedMethodAccessor7.invoke(Unknown Source)
	at sun.reflect.DelegatingMethodAccessorImpl.invoke(DelegatingMethodAccessorImpl.java:43)
	at java.lang.reflect.Method.invoke(Method.java:498)
	at org.springframework.scheduling.support.ScheduledMethodRunnable.run(ScheduledMethodRunnable.java:84)
	at org.springframework.scheduling.support.DelegatingErrorHandlingRunnable.run(DelegatingErrorHandlingRunnable.java:54)
	at org.springframework.scheduling.concurrent.ReschedulingRunnable.run(ReschedulingRunnable.java:95)
	at java.util.concurrent.Executors$RunnableAdapter.call(Executors.java:511)
	at java.util.concurrent.FutureTask.run$$$capture(FutureTask.java:266)
	at java.util.concurrent.FutureTask.run(FutureTask.java)
	at java.util.concurrent.ScheduledThreadPoolExecutor$ScheduledFutureTask.access$201(ScheduledThreadPoolExecutor.java:180)
	at java.util.concurrent.ScheduledThreadPoolExecutor$ScheduledFutureTask.run(ScheduledThreadPoolExecutor.java:293)
	at java.util.concurrent.ThreadPoolExecutor.runWorker(ThreadPoolExecutor.java:1149)
	at java.util.concurrent.ThreadPoolExecutor$Worker.run(ThreadPoolExecutor.java:624)
	at java.lang.Thread.run(Thread.java:750)
Caused by: org.apache.ibatis.exceptions.PersistenceException: 
### Error querying database.  Cause: org.springframework.jdbc.CannotGetJdbcConnectionException: Failed to obtain JDBC Connection; nested exception is java.sql.SQLNonTransientConnectionException: Could not create connection to database server. Attempted reconnect 3 times. Giving up.
### The error may exist in file [D:\Workspace\s-pay-mall-qiusu\s-pay-mall-controller\target\classes\mybatis\mapper\pay_order_mapper.xml]
### The error may involve org.example.dao.IOrderDao.queryNoPayNotifyOrder
### The error occurred while executing a query
### Cause: org.springframework.jdbc.CannotGetJdbcConnectionException: Failed to obtain JDBC Connection; nested exception is java.sql.SQLNonTransientConnectionException: Could not create connection to database server. Attempted reconnect 3 times. Giving up.
	at org.apache.ibatis.exceptions.ExceptionFactory.wrapException(ExceptionFactory.java:30)
	at org.apache.ibatis.session.defaults.DefaultSqlSession.selectList(DefaultSqlSession.java:149)
	at org.apache.ibatis.session.defaults.DefaultSqlSession.selectList(DefaultSqlSession.java:140)
	at sun.reflect.GeneratedMethodAccessor6.invoke(Unknown Source)
	at sun.reflect.DelegatingMethodAccessorImpl.invoke(DelegatingMethodAccessorImpl.java:43)
	at java.lang.reflect.Method.invoke(Method.java:498)
	at org.mybatis.spring.SqlSessionTemplate$SqlSessionInterceptor.invoke(SqlSessionTemplate.java:427)
	... 23 common frames omitted
Caused by: org.springframework.jdbc.CannotGetJdbcConnectionException: Failed to obtain JDBC Connection; nested exception is java.sql.SQLNonTransientConnectionException: Could not create connection to database server. Attempted reconnect 3 times. Giving up.
	at org.springframework.jdbc.datasource.DataSourceUtils.getConnection(DataSourceUtils.java:83)
	at org.mybatis.spring.transaction.SpringManagedTransaction.openConnection(SpringManagedTransaction.java:80)
	at org.mybatis.spring.transaction.SpringManagedTransaction.getConnection(SpringManagedTransaction.java:67)
	at org.apache.ibatis.executor.BaseExecutor.getConnection(BaseExecutor.java:337)
	at org.apache.ibatis.executor.SimpleExecutor.prepareStatement(SimpleExecutor.java:86)
	at org.apache.ibatis.executor.SimpleExecutor.doQuery(SimpleExecutor.java:62)
	at org.apache.ibatis.executor.BaseExecutor.queryFromDatabase(BaseExecutor.java:325)
	at org.apache.ibatis.executor.BaseExecutor.query(BaseExecutor.java:156)
	at org.apache.ibatis.executor.CachingExecutor.query(CachingExecutor.java:109)
	at org.apache.ibatis.executor.CachingExecutor.query(CachingExecutor.java:89)
	at org.apache.ibatis.session.defaults.DefaultSqlSession.selectList(DefaultSqlSession.java:147)
	... 28 common frames omitted
Caused by: java.sql.SQLNonTransientConnectionException: Could not create connection to database server. Attempted reconnect 3 times. Giving up.
	at com.mysql.cj.jdbc.exceptions.SQLError.createSQLException(SQLError.java:110)
	at com.mysql.cj.jdbc.exceptions.SQLError.createSQLException(SQLError.java:97)
	at com.mysql.cj.jdbc.exceptions.SQLError.createSQLException(SQLError.java:89)
	at com.mysql.cj.jdbc.exceptions.SQLError.createSQLException(SQLError.java:63)
	at com.mysql.cj.jdbc.exceptions.SQLError.createSQLException(SQLError.java:73)
	at com.mysql.cj.jdbc.ConnectionImpl.connectWithRetries(ConnectionImpl.java:903)
	at com.mysql.cj.jdbc.ConnectionImpl.createNewIO(ConnectionImpl.java:828)
	at com.mysql.cj.jdbc.ConnectionImpl.<init>(ConnectionImpl.java:453)
	at com.mysql.cj.jdbc.ConnectionImpl.getInstance(ConnectionImpl.java:246)
	at com.mysql.cj.jdbc.NonRegisteringDriver.connect(NonRegisteringDriver.java:198)
	at com.zaxxer.hikari.util.DriverDataSource.getConnection(DriverDataSource.java:138)
	at com.zaxxer.hikari.pool.PoolBase.newConnection(PoolBase.java:364)
	at com.zaxxer.hikari.pool.PoolBase.newPoolEntry(PoolBase.java:206)
	at com.zaxxer.hikari.pool.HikariPool.createPoolEntry(HikariPool.java:476)
	at com.zaxxer.hikari.pool.HikariPool.checkFailFast(HikariPool.java:561)
	at com.zaxxer.hikari.pool.HikariPool.<init>(HikariPool.java:115)
	at com.zaxxer.hikari.HikariDataSource.getConnection(HikariDataSource.java:112)
	at org.springframework.jdbc.datasource.DataSourceUtils.fetchConnection(DataSourceUtils.java:159)
	at org.springframework.jdbc.datasource.DataSourceUtils.doGetConnection(DataSourceUtils.java:117)
	at org.springframework.jdbc.datasource.DataSourceUtils.getConnection(DataSourceUtils.java:80)
	... 38 common frames omitted
Caused by: com.mysql.cj.exceptions.CJException: Unknown database 's-pay-mall'
	at sun.reflect.GeneratedConstructorAccessor47.newInstance(Unknown Source)
	at sun.reflect.DelegatingConstructorAccessorImpl.newInstance(DelegatingConstructorAccessorImpl.java:45)
	at java.lang.reflect.Constructor.newInstance(Constructor.java:423)
	at com.mysql.cj.exceptions.ExceptionFactory.createException(ExceptionFactory.java:61)
	at com.mysql.cj.exceptions.ExceptionFactory.createException(ExceptionFactory.java:105)
	at com.mysql.cj.exceptions.ExceptionFactory.createException(ExceptionFactory.java:151)
	at com.mysql.cj.exceptions.ExceptionFactory.createException(ExceptionFactory.java:129)
	at com.mysql.cj.protocol.a.NativeProtocol.checkErrorMessage(NativeProtocol.java:794)
	at com.mysql.cj.protocol.a.NativeProtocol.checkErrorMessage(NativeProtocol.java:719)
	at com.mysql.cj.protocol.a.NativeProtocol.checkErrorMessage(NativeProtocol.java:687)
	at com.mysql.cj.protocol.a.NativeProtocol.checkErrorMessage(NativeProtocol.java:136)
	at com.mysql.cj.protocol.a.NativeAuthenticationProvider.proceedHandshakeWithPluggableAuthentication(NativeAuthenticationProvider.java:469)
	at com.mysql.cj.protocol.a.NativeAuthenticationProvider.connect(NativeAuthenticationProvider.java:174)
	at com.mysql.cj.protocol.a.NativeProtocol.connect(NativeProtocol.java:1350)
	at com.mysql.cj.NativeSession.connect(NativeSession.java:157)
	at com.mysql.cj.jdbc.ConnectionImpl.connectWithRetries(ConnectionImpl.java:847)
	... 52 common frames omitted
25-02-07.14:42:18.459 [main            ] INFO  Application            - Starting Application using Java 1.8.0_431 on DESKTOP-CBM2HV2 with PID 9136 (D:\Workspace\s-pay-mall-qiusu\s-pay-mall-controller\target\classes started by zqiusu in D:\Workspace\s-pay-mall-qiusu)
25-02-07.14:42:18.464 [main            ] INFO  Application            - The following 1 profile is active: "prod"
25-02-07.14:42:21.190 [main            ] INFO  TomcatWebServer        - Tomcat initialized with port(s): 8080 (http)
25-02-07.14:42:21.209 [main            ] INFO  Http11NioProtocol      - Initializing ProtocolHandler ["http-nio-8080"]
25-02-07.14:42:21.212 [main            ] INFO  StandardService        - Starting service [Tomcat]
25-02-07.14:42:21.212 [main            ] INFO  StandardEngine         - Starting Servlet engine: [Apache Tomcat/9.0.75]
25-02-07.14:42:21.617 [main            ] INFO  [/]                    - Initializing Spring embedded WebApplicationContext
25-02-07.14:42:21.617 [main            ] INFO  ServletWebServerApplicationContext - Root WebApplicationContext: initialization completed in 3046 ms
25-02-07.14:42:24.084 [main            ] INFO  Http11NioProtocol      - Starting ProtocolHandler ["http-nio-8080"]
25-02-07.14:42:24.138 [main            ] INFO  TomcatWebServer        - Tomcat started on port(s): 8080 (http) with context path ''
25-02-07.14:42:24.162 [main            ] INFO  Application            - Started Application in 7.017 seconds (JVM running for 8.406)
25-02-07.14:42:25.010 [scheduling-1    ] INFO  NoPayNotifyOrderJob    - 任务；检测未接收到或未正确处理的支付回调通知
25-02-07.14:42:25.054 [scheduling-1    ] INFO  HikariDataSource       - HikariPool-1 - Starting...
25-02-07.14:42:25.624 [scheduling-1    ] INFO  HikariDataSource       - HikariPool-1 - Start completed.
25-02-07.14:42:30.011 [scheduling-1    ] INFO  NoPayNotifyOrderJob    - 任务；检测未接收到或未正确处理的支付回调通知
25-02-07.14:42:35.007 [scheduling-1    ] INFO  NoPayNotifyOrderJob    - 任务；检测未接收到或未正确处理的支付回调通知
25-02-07.14:42:40.015 [scheduling-1    ] INFO  NoPayNotifyOrderJob    - 任务；检测未接收到或未正确处理的支付回调通知
25-02-07.14:42:45.014 [scheduling-1    ] INFO  NoPayNotifyOrderJob    - 任务；检测未接收到或未正确处理的支付回调通知
25-02-07.14:42:50.007 [scheduling-1    ] INFO  NoPayNotifyOrderJob    - 任务；检测未接收到或未正确处理的支付回调通知
25-02-07.14:42:55.013 [scheduling-1    ] INFO  NoPayNotifyOrderJob    - 任务；检测未接收到或未正确处理的支付回调通知
25-02-07.14:42:57.694 [http-nio-8080-exec-1] INFO  Http11Processor        - Error parsing HTTP request header
 Note: further occurrences of HTTP request parsing errors will be logged at DEBUG level.
java.lang.IllegalArgumentException: Invalid character found in method name [0x160x030x010x000xe10x010x000x000xdd0x030x030xdcm0xd2%y{0xc5.0x83w0xee0x96~A0xf20xc10xa90xc80xb6!0x13zC0xc1X0x950x1c0xfb0x9e0x950x880xd5 ]. HTTP method names must be tokens
	at org.apache.coyote.http11.Http11InputBuffer.parseRequestLine(Http11InputBuffer.java:407)
	at org.apache.coyote.http11.Http11Processor.service(Http11Processor.java:263)
	at org.apache.coyote.AbstractProcessorLight.process(AbstractProcessorLight.java:63)
	at org.apache.coyote.AbstractProtocol$ConnectionHandler.process(AbstractProtocol.java:926)
	at org.apache.tomcat.util.net.NioEndpoint$SocketProcessor.doRun(NioEndpoint.java:1791)
	at org.apache.tomcat.util.net.SocketProcessorBase.run(SocketProcessorBase.java:52)
	at org.apache.tomcat.util.threads.ThreadPoolExecutor.runWorker(ThreadPoolExecutor.java:1191)
	at org.apache.tomcat.util.threads.ThreadPoolExecutor$Worker.run(ThreadPoolExecutor.java:659)
	at org.apache.tomcat.util.threads.TaskThread$WrappingRunnable.run(TaskThread.java:61)
	at java.lang.Thread.run(Thread.java:750)
25-02-07.14:43:00.001 [scheduling-1    ] INFO  NoPayNotifyOrderJob    - 任务；检测未接收到或未正确处理的支付回调通知
25-02-07.14:43:05.015 [scheduling-1    ] INFO  NoPayNotifyOrderJob    - 任务；检测未接收到或未正确处理的支付回调通知
25-02-07.14:43:10.009 [scheduling-1    ] INFO  NoPayNotifyOrderJob    - 任务；检测未接收到或未正确处理的支付回调通知
25-02-07.14:43:15.004 [scheduling-1    ] INFO  NoPayNotifyOrderJob    - 任务；检测未接收到或未正确处理的支付回调通知
25-02-07.14:43:20.010 [scheduling-1    ] INFO  NoPayNotifyOrderJob    - 任务；检测未接收到或未正确处理的支付回调通知
25-02-07.14:43:25.005 [scheduling-1    ] INFO  NoPayNotifyOrderJob    - 任务；检测未接收到或未正确处理的支付回调通知
25-02-07.14:43:30.003 [scheduling-1    ] INFO  NoPayNotifyOrderJob    - 任务；检测未接收到或未正确处理的支付回调通知
25-02-07.14:43:35.001 [scheduling-1    ] INFO  NoPayNotifyOrderJob    - 任务；检测未接收到或未正确处理的支付回调通知
25-02-07.14:43:40.012 [scheduling-1    ] INFO  NoPayNotifyOrderJob    - 任务；检测未接收到或未正确处理的支付回调通知
25-02-07.14:43:45.003 [scheduling-1    ] INFO  NoPayNotifyOrderJob    - 任务；检测未接收到或未正确处理的支付回调通知
25-02-07.14:43:50.003 [scheduling-1    ] INFO  NoPayNotifyOrderJob    - 任务；检测未接收到或未正确处理的支付回调通知
25-02-07.14:43:55.014 [scheduling-1    ] INFO  NoPayNotifyOrderJob    - 任务；检测未接收到或未正确处理的支付回调通知
25-02-07.14:44:00.010 [scheduling-1    ] INFO  NoPayNotifyOrderJob    - 任务；检测未接收到或未正确处理的支付回调通知
25-02-07.14:44:05.005 [scheduling-1    ] INFO  NoPayNotifyOrderJob    - 任务；检测未接收到或未正确处理的支付回调通知
25-02-07.14:44:10.005 [scheduling-1    ] INFO  NoPayNotifyOrderJob    - 任务；检测未接收到或未正确处理的支付回调通知
25-02-07.14:44:15.004 [scheduling-1    ] INFO  NoPayNotifyOrderJob    - 任务；检测未接收到或未正确处理的支付回调通知
25-02-07.14:44:20.005 [scheduling-1    ] INFO  NoPayNotifyOrderJob    - 任务；检测未接收到或未正确处理的支付回调通知
25-02-07.14:44:25.014 [scheduling-1    ] INFO  NoPayNotifyOrderJob    - 任务；检测未接收到或未正确处理的支付回调通知
25-02-07.14:44:30.015 [scheduling-1    ] INFO  NoPayNotifyOrderJob    - 任务；检测未接收到或未正确处理的支付回调通知
25-02-07.14:44:35.001 [scheduling-1    ] INFO  NoPayNotifyOrderJob    - 任务；检测未接收到或未正确处理的支付回调通知
25-02-07.14:44:40.003 [scheduling-1    ] INFO  NoPayNotifyOrderJob    - 任务；检测未接收到或未正确处理的支付回调通知
25-02-07.14:44:45.007 [scheduling-1    ] INFO  NoPayNotifyOrderJob    - 任务；检测未接收到或未正确处理的支付回调通知
25-02-07.14:44:50.013 [scheduling-1    ] INFO  NoPayNotifyOrderJob    - 任务；检测未接收到或未正确处理的支付回调通知
25-02-07.14:44:55.003 [scheduling-1    ] INFO  NoPayNotifyOrderJob    - 任务；检测未接收到或未正确处理的支付回调通知
25-02-07.14:45:00.017 [scheduling-1    ] INFO  NoPayNotifyOrderJob    - 任务；检测未接收到或未正确处理的支付回调通知
25-02-07.14:45:05.011 [scheduling-1    ] INFO  NoPayNotifyOrderJob    - 任务；检测未接收到或未正确处理的支付回调通知
25-02-07.14:45:10.009 [scheduling-1    ] INFO  NoPayNotifyOrderJob    - 任务；检测未接收到或未正确处理的支付回调通知
25-02-07.14:45:15.006 [scheduling-1    ] INFO  NoPayNotifyOrderJob    - 任务；检测未接收到或未正确处理的支付回调通知
25-02-07.14:45:15.481 [http-nio-8080-exec-4] INFO  [/]                    - Initializing Spring DispatcherServlet 'dispatcherServlet'
25-02-07.14:45:15.482 [http-nio-8080-exec-4] INFO  DispatcherServlet      - Initializing Servlet 'dispatcherServlet'
25-02-07.14:45:15.493 [http-nio-8080-exec-4] INFO  DispatcherServlet      - Completed initialization in 11 ms
25-02-07.14:45:32.096 [scheduling-1    ] INFO  NoPayNotifyOrderJob    - 任务；检测未接收到或未正确处理的支付回调通知
25-02-07.14:45:44.028 [scheduling-1    ] INFO  NoPayNotifyOrderJob    - 任务；检测未接收到或未正确处理的支付回调通知
25-02-07.14:46:07.249 [http-nio-8080-exec-4] INFO  LoginController        - 生成微信扫码登录 ticket:gQG48TwAAAAAAAAAAS5odHRwOi8vd2VpeGluLnFxLmNvbS9xLzAyQTNyVDlEbzBmQUcxTUJWZE5EMV8AAgQlrKVnAwQAjScA
25-02-07.14:46:07.476 [SpringApplicationShutdownHook] INFO  HikariDataSource       - HikariPool-1 - Shutdown initiated...
25-02-07.14:46:07.518 [SpringApplicationShutdownHook] INFO  HikariDataSource       - HikariPool-1 - Shutdown completed.
25-02-07.14:46:11.864 [main            ] INFO  Application            - Starting Application using Java 1.8.0_431 on DESKTOP-CBM2HV2 with PID 14800 (D:\Workspace\s-pay-mall-qiusu\s-pay-mall-controller\target\classes started by zqiusu in D:\Workspace\s-pay-mall-qiusu)
25-02-07.14:46:11.868 [main            ] INFO  Application            - The following 1 profile is active: "prod"
25-02-07.14:46:14.090 [main            ] INFO  TomcatWebServer        - Tomcat initialized with port(s): 8080 (http)
25-02-07.14:46:14.106 [main            ] INFO  Http11NioProtocol      - Initializing ProtocolHandler ["http-nio-8080"]
25-02-07.14:46:14.107 [main            ] INFO  StandardService        - Starting service [Tomcat]
25-02-07.14:46:14.107 [main            ] INFO  StandardEngine         - Starting Servlet engine: [Apache Tomcat/9.0.75]
25-02-07.14:46:14.505 [main            ] INFO  [/]                    - Initializing Spring embedded WebApplicationContext
25-02-07.14:46:14.506 [main            ] INFO  ServletWebServerApplicationContext - Root WebApplicationContext: initialization completed in 2546 ms
25-02-07.14:46:16.753 [main            ] INFO  Http11NioProtocol      - Starting ProtocolHandler ["http-nio-8080"]
25-02-07.14:46:16.803 [main            ] INFO  TomcatWebServer        - Tomcat started on port(s): 8080 (http) with context path ''
25-02-07.14:46:16.823 [main            ] INFO  Application            - Started Application in 5.988 seconds (JVM running for 6.77)
25-02-07.14:46:20.015 [scheduling-1    ] INFO  NoPayNotifyOrderJob    - 任务；检测未接收到或未正确处理的支付回调通知
25-02-07.14:46:20.044 [scheduling-1    ] INFO  HikariDataSource       - HikariPool-1 - Starting...
25-02-07.14:46:20.554 [scheduling-1    ] INFO  HikariDataSource       - HikariPool-1 - Start completed.
25-02-07.14:46:25.007 [scheduling-1    ] INFO  NoPayNotifyOrderJob    - 任务；检测未接收到或未正确处理的支付回调通知
25-02-07.14:46:30.008 [scheduling-1    ] INFO  NoPayNotifyOrderJob    - 任务；检测未接收到或未正确处理的支付回调通知
25-02-07.14:46:35.013 [scheduling-1    ] INFO  NoPayNotifyOrderJob    - 任务；检测未接收到或未正确处理的支付回调通知
25-02-07.14:46:40.010 [scheduling-1    ] INFO  NoPayNotifyOrderJob    - 任务；检测未接收到或未正确处理的支付回调通知
25-02-07.14:46:45.003 [scheduling-1    ] INFO  NoPayNotifyOrderJob    - 任务；检测未接收到或未正确处理的支付回调通知
25-02-07.14:46:50.000 [scheduling-1    ] INFO  NoPayNotifyOrderJob    - 任务；检测未接收到或未正确处理的支付回调通知
25-02-07.14:46:55.004 [scheduling-1    ] INFO  NoPayNotifyOrderJob    - 任务；检测未接收到或未正确处理的支付回调通知
25-02-07.14:47:00.007 [scheduling-1    ] INFO  NoPayNotifyOrderJob    - 任务；检测未接收到或未正确处理的支付回调通知
25-02-07.14:47:05.015 [scheduling-1    ] INFO  NoPayNotifyOrderJob    - 任务；检测未接收到或未正确处理的支付回调通知
25-02-07.14:47:10.012 [scheduling-1    ] INFO  NoPayNotifyOrderJob    - 任务；检测未接收到或未正确处理的支付回调通知
25-02-07.14:47:15.001 [scheduling-1    ] INFO  NoPayNotifyOrderJob    - 任务；检测未接收到或未正确处理的支付回调通知
25-02-07.14:47:20.003 [scheduling-1    ] INFO  NoPayNotifyOrderJob    - 任务；检测未接收到或未正确处理的支付回调通知
25-02-07.14:47:25.003 [scheduling-1    ] INFO  NoPayNotifyOrderJob    - 任务；检测未接收到或未正确处理的支付回调通知
25-02-07.14:47:26.058 [http-nio-8080-exec-3] INFO  [/]                    - Initializing Spring DispatcherServlet 'dispatcherServlet'
25-02-07.14:47:26.058 [http-nio-8080-exec-3] INFO  DispatcherServlet      - Initializing Servlet 'dispatcherServlet'
25-02-07.14:47:26.059 [http-nio-8080-exec-3] INFO  DispatcherServlet      - Completed initialization in 1 ms
25-02-07.14:47:38.179 [scheduling-1    ] INFO  NoPayNotifyOrderJob    - 任务；检测未接收到或未正确处理的支付回调通知
25-02-07.14:50:52.438 [HikariPool-1 housekeeper] WARN  HikariPool             - HikariPool-1 - Thread starvation or clock leap detected (housekeeper delta=3m30s955ms880µs900ns).
25-02-07.14:50:52.649 [scheduling-1    ] INFO  TimeoutCloseOrderJob   - 任务；超时30分钟订单关闭
25-02-07.14:50:52.654 [scheduling-1    ] INFO  TimeoutCloseOrderJob   - 定时任务，超时30分钟订单关闭，暂无超时未支付订单 orderIds is null
25-02-07.14:50:57.057 [scheduling-1    ] INFO  NoPayNotifyOrderJob    - 任务；检测未接收到或未正确处理的支付回调通知
25-02-07.14:51:01.633 [http-nio-8080-exec-3] INFO  LoginController        - 生成微信扫码登录 ticket:gQHn8DwAAAAAAAAAAS5odHRwOi8vd2VpeGluLnFxLmNvbS9xLzAySXVaczh3bzBmQUcxTmNXZHhEMTgAAgRMraVnAwQAjScA
25-02-07.14:51:05.006 [scheduling-1    ] INFO  NoPayNotifyOrderJob    - 任务；检测未接收到或未正确处理的支付回调通知
25-02-07.14:51:10.004 [scheduling-1    ] INFO  NoPayNotifyOrderJob    - 任务；检测未接收到或未正确处理的支付回调通知
25-02-07.14:51:15.004 [scheduling-1    ] INFO  NoPayNotifyOrderJob    - 任务；检测未接收到或未正确处理的支付回调通知
25-02-07.14:51:20.007 [scheduling-1    ] INFO  NoPayNotifyOrderJob    - 任务；检测未接收到或未正确处理的支付回调通知
25-02-07.14:51:25.003 [scheduling-1    ] INFO  NoPayNotifyOrderJob    - 任务；检测未接收到或未正确处理的支付回调通知
25-02-07.14:51:30.014 [scheduling-1    ] INFO  NoPayNotifyOrderJob    - 任务；检测未接收到或未正确处理的支付回调通知
25-02-07.14:51:33.039 [SpringApplicationShutdownHook] INFO  HikariDataSource       - HikariPool-1 - Shutdown initiated...
25-02-07.14:51:33.068 [SpringApplicationShutdownHook] INFO  HikariDataSource       - HikariPool-1 - Shutdown completed.
25-02-07.14:51:36.519 [main            ] INFO  Application            - Starting Application using Java 1.8.0_431 on DESKTOP-CBM2HV2 with PID 6420 (D:\Workspace\s-pay-mall-qiusu\s-pay-mall-controller\target\classes started by zqiusu in D:\Workspace\s-pay-mall-qiusu)
25-02-07.14:51:36.525 [main            ] INFO  Application            - The following 1 profile is active: "dev"
25-02-07.14:51:38.795 [main            ] INFO  TomcatWebServer        - Tomcat initialized with port(s): 8080 (http)
25-02-07.14:51:38.808 [main            ] INFO  Http11NioProtocol      - Initializing ProtocolHandler ["http-nio-8080"]
25-02-07.14:51:38.809 [main            ] INFO  StandardService        - Starting service [Tomcat]
25-02-07.14:51:38.809 [main            ] INFO  StandardEngine         - Starting Servlet engine: [Apache Tomcat/9.0.75]
25-02-07.14:51:39.134 [main            ] INFO  [/]                    - Initializing Spring embedded WebApplicationContext
25-02-07.14:51:39.135 [main            ] INFO  ServletWebServerApplicationContext - Root WebApplicationContext: initialization completed in 2511 ms
25-02-07.14:51:41.032 [main            ] INFO  Http11NioProtocol      - Starting ProtocolHandler ["http-nio-8080"]
25-02-07.14:51:41.075 [main            ] INFO  TomcatWebServer        - Tomcat started on port(s): 8080 (http) with context path ''
25-02-07.14:51:41.090 [main            ] INFO  Application            - Started Application in 5.531 seconds (JVM running for 6.297)
25-02-07.14:51:45.007 [scheduling-1    ] INFO  NoPayNotifyOrderJob    - 任务；检测未接收到或未正确处理的支付回调通知
25-02-07.14:51:45.033 [scheduling-1    ] INFO  HikariDataSource       - HikariPool-1 - Starting...
25-02-07.14:51:45.365 [scheduling-1    ] INFO  HikariDataSource       - HikariPool-1 - Start completed.
25-02-07.14:51:46.060 [http-nio-8080-exec-1] INFO  [/]                    - Initializing Spring DispatcherServlet 'dispatcherServlet'
25-02-07.14:51:46.061 [http-nio-8080-exec-1] INFO  DispatcherServlet      - Initializing Servlet 'dispatcherServlet'
25-02-07.14:51:46.062 [http-nio-8080-exec-1] INFO  DispatcherServlet      - Completed initialization in 1 ms
25-02-07.14:51:46.731 [http-nio-8080-exec-1] INFO  LoginController        - 生成微信扫码登录 ticket:gQFI8TwAAAAAAAAAAS5odHRwOi8vd2VpeGluLnFxLmNvbS9xLzAyTEZwSDkxbzBmQUcxTlZXZGhEMU0AAgR5raVnAwQAjScA
25-02-07.14:51:50.007 [scheduling-1    ] INFO  NoPayNotifyOrderJob    - 任务；检测未接收到或未正确处理的支付回调通知
25-02-07.14:51:55.009 [scheduling-1    ] INFO  NoPayNotifyOrderJob    - 任务；检测未接收到或未正确处理的支付回调通知
25-02-07.14:52:00.014 [scheduling-1    ] INFO  NoPayNotifyOrderJob    - 任务；检测未接收到或未正确处理的支付回调通知
25-02-07.14:52:05.004 [scheduling-1    ] INFO  NoPayNotifyOrderJob    - 任务；检测未接收到或未正确处理的支付回调通知
25-02-07.14:52:10.013 [scheduling-1    ] INFO  NoPayNotifyOrderJob    - 任务；检测未接收到或未正确处理的支付回调通知
25-02-07.14:52:15.010 [scheduling-1    ] INFO  NoPayNotifyOrderJob    - 任务；检测未接收到或未正确处理的支付回调通知
25-02-07.14:52:20.006 [scheduling-1    ] INFO  NoPayNotifyOrderJob    - 任务；检测未接收到或未正确处理的支付回调通知
25-02-07.14:52:25.003 [scheduling-1    ] INFO  NoPayNotifyOrderJob    - 任务；检测未接收到或未正确处理的支付回调通知
25-02-07.14:52:30.001 [scheduling-1    ] INFO  NoPayNotifyOrderJob    - 任务；检测未接收到或未正确处理的支付回调通知
25-02-07.14:52:35.013 [scheduling-1    ] INFO  NoPayNotifyOrderJob    - 任务；检测未接收到或未正确处理的支付回调通知
25-02-07.14:52:40.004 [scheduling-1    ] INFO  NoPayNotifyOrderJob    - 任务；检测未接收到或未正确处理的支付回调通知
25-02-07.14:52:45.013 [scheduling-1    ] INFO  NoPayNotifyOrderJob    - 任务；检测未接收到或未正确处理的支付回调通知
25-02-07.14:52:50.001 [scheduling-1    ] INFO  NoPayNotifyOrderJob    - 任务；检测未接收到或未正确处理的支付回调通知
25-02-07.14:52:55.001 [scheduling-1    ] INFO  NoPayNotifyOrderJob    - 任务；检测未接收到或未正确处理的支付回调通知
25-02-07.14:53:00.016 [scheduling-1    ] INFO  NoPayNotifyOrderJob    - 任务；检测未接收到或未正确处理的支付回调通知
25-02-07.14:53:05.002 [scheduling-1    ] INFO  NoPayNotifyOrderJob    - 任务；检测未接收到或未正确处理的支付回调通知
25-02-07.14:53:10.003 [scheduling-1    ] INFO  NoPayNotifyOrderJob    - 任务；检测未接收到或未正确处理的支付回调通知
25-02-07.14:53:15.014 [scheduling-1    ] INFO  NoPayNotifyOrderJob    - 任务；检测未接收到或未正确处理的支付回调通知
25-02-07.14:53:20.002 [scheduling-1    ] INFO  NoPayNotifyOrderJob    - 任务；检测未接收到或未正确处理的支付回调通知
25-02-07.14:53:25.011 [scheduling-1    ] INFO  NoPayNotifyOrderJob    - 任务；检测未接收到或未正确处理的支付回调通知
25-02-07.14:53:30.013 [scheduling-1    ] INFO  NoPayNotifyOrderJob    - 任务；检测未接收到或未正确处理的支付回调通知
25-02-07.14:53:35.008 [scheduling-1    ] INFO  NoPayNotifyOrderJob    - 任务；检测未接收到或未正确处理的支付回调通知
25-02-07.14:53:40.015 [scheduling-1    ] INFO  NoPayNotifyOrderJob    - 任务；检测未接收到或未正确处理的支付回调通知
25-02-07.14:53:45.009 [scheduling-1    ] INFO  NoPayNotifyOrderJob    - 任务；检测未接收到或未正确处理的支付回调通知
25-02-07.14:53:50.011 [scheduling-1    ] INFO  NoPayNotifyOrderJob    - 任务；检测未接收到或未正确处理的支付回调通知
25-02-07.14:53:55.001 [scheduling-1    ] INFO  NoPayNotifyOrderJob    - 任务；检测未接收到或未正确处理的支付回调通知
25-02-07.14:54:00.013 [scheduling-1    ] INFO  NoPayNotifyOrderJob    - 任务；检测未接收到或未正确处理的支付回调通知
25-02-07.14:54:05.005 [scheduling-1    ] INFO  NoPayNotifyOrderJob    - 任务；检测未接收到或未正确处理的支付回调通知
25-02-07.14:54:10.005 [scheduling-1    ] INFO  NoPayNotifyOrderJob    - 任务；检测未接收到或未正确处理的支付回调通知
25-02-07.14:54:15.003 [scheduling-1    ] INFO  NoPayNotifyOrderJob    - 任务；检测未接收到或未正确处理的支付回调通知
25-02-07.14:54:20.008 [scheduling-1    ] INFO  NoPayNotifyOrderJob    - 任务；检测未接收到或未正确处理的支付回调通知
25-02-07.14:54:25.006 [scheduling-1    ] INFO  NoPayNotifyOrderJob    - 任务；检测未接收到或未正确处理的支付回调通知
25-02-07.14:54:30.008 [scheduling-1    ] INFO  NoPayNotifyOrderJob    - 任务；检测未接收到或未正确处理的支付回调通知
25-02-07.14:54:35.012 [scheduling-1    ] INFO  NoPayNotifyOrderJob    - 任务；检测未接收到或未正确处理的支付回调通知
25-02-07.14:54:40.014 [scheduling-1    ] INFO  NoPayNotifyOrderJob    - 任务；检测未接收到或未正确处理的支付回调通知
25-02-07.14:54:45.008 [scheduling-1    ] INFO  NoPayNotifyOrderJob    - 任务；检测未接收到或未正确处理的支付回调通知
25-02-07.14:54:50.002 [scheduling-1    ] INFO  NoPayNotifyOrderJob    - 任务；检测未接收到或未正确处理的支付回调通知
25-02-07.14:54:55.001 [scheduling-1    ] INFO  NoPayNotifyOrderJob    - 任务；检测未接收到或未正确处理的支付回调通知
25-02-07.14:55:00.006 [scheduling-1    ] INFO  NoPayNotifyOrderJob    - 任务；检测未接收到或未正确处理的支付回调通知
25-02-07.14:55:05.001 [scheduling-1    ] INFO  NoPayNotifyOrderJob    - 任务；检测未接收到或未正确处理的支付回调通知
25-02-07.14:55:10.006 [scheduling-1    ] INFO  NoPayNotifyOrderJob    - 任务；检测未接收到或未正确处理的支付回调通知
25-02-07.14:55:15.015 [scheduling-1    ] INFO  NoPayNotifyOrderJob    - 任务；检测未接收到或未正确处理的支付回调通知
25-02-07.14:55:20.013 [scheduling-1    ] INFO  NoPayNotifyOrderJob    - 任务；检测未接收到或未正确处理的支付回调通知
25-02-07.14:55:25.003 [scheduling-1    ] INFO  NoPayNotifyOrderJob    - 任务；检测未接收到或未正确处理的支付回调通知
25-02-07.14:55:30.001 [scheduling-1    ] INFO  NoPayNotifyOrderJob    - 任务；检测未接收到或未正确处理的支付回调通知
25-02-07.14:55:35.008 [scheduling-1    ] INFO  NoPayNotifyOrderJob    - 任务；检测未接收到或未正确处理的支付回调通知
25-02-07.14:55:40.013 [scheduling-1    ] INFO  NoPayNotifyOrderJob    - 任务；检测未接收到或未正确处理的支付回调通知
25-02-07.14:55:45.006 [scheduling-1    ] INFO  NoPayNotifyOrderJob    - 任务；检测未接收到或未正确处理的支付回调通知
25-02-07.14:55:50.004 [scheduling-1    ] INFO  NoPayNotifyOrderJob    - 任务；检测未接收到或未正确处理的支付回调通知
25-02-07.14:55:55.013 [scheduling-1    ] INFO  NoPayNotifyOrderJob    - 任务；检测未接收到或未正确处理的支付回调通知
25-02-07.14:56:00.005 [scheduling-1    ] INFO  NoPayNotifyOrderJob    - 任务；检测未接收到或未正确处理的支付回调通知
25-02-07.14:56:05.001 [scheduling-1    ] INFO  NoPayNotifyOrderJob    - 任务；检测未接收到或未正确处理的支付回调通知
25-02-07.14:56:10.010 [scheduling-1    ] INFO  NoPayNotifyOrderJob    - 任务；检测未接收到或未正确处理的支付回调通知
25-02-07.14:56:15.010 [scheduling-1    ] INFO  NoPayNotifyOrderJob    - 任务；检测未接收到或未正确处理的支付回调通知
25-02-07.14:56:20.004 [scheduling-1    ] INFO  NoPayNotifyOrderJob    - 任务；检测未接收到或未正确处理的支付回调通知
25-02-07.14:56:25.002 [scheduling-1    ] INFO  NoPayNotifyOrderJob    - 任务；检测未接收到或未正确处理的支付回调通知
25-02-07.14:56:30.012 [scheduling-1    ] INFO  NoPayNotifyOrderJob    - 任务；检测未接收到或未正确处理的支付回调通知
25-02-07.14:56:35.014 [scheduling-1    ] INFO  NoPayNotifyOrderJob    - 任务；检测未接收到或未正确处理的支付回调通知
25-02-07.14:56:40.003 [scheduling-1    ] INFO  NoPayNotifyOrderJob    - 任务；检测未接收到或未正确处理的支付回调通知
25-02-07.14:56:45.004 [scheduling-1    ] INFO  NoPayNotifyOrderJob    - 任务；检测未接收到或未正确处理的支付回调通知
25-02-07.14:56:50.011 [scheduling-1    ] INFO  NoPayNotifyOrderJob    - 任务；检测未接收到或未正确处理的支付回调通知
25-02-07.14:56:55.003 [scheduling-1    ] INFO  NoPayNotifyOrderJob    - 任务；检测未接收到或未正确处理的支付回调通知
25-02-07.14:57:00.015 [scheduling-1    ] INFO  NoPayNotifyOrderJob    - 任务；检测未接收到或未正确处理的支付回调通知
25-02-07.14:57:05.007 [scheduling-1    ] INFO  NoPayNotifyOrderJob    - 任务；检测未接收到或未正确处理的支付回调通知
25-02-07.14:57:10.013 [scheduling-1    ] INFO  NoPayNotifyOrderJob    - 任务；检测未接收到或未正确处理的支付回调通知
25-02-07.14:57:15.004 [scheduling-1    ] INFO  NoPayNotifyOrderJob    - 任务；检测未接收到或未正确处理的支付回调通知
25-02-07.14:57:20.008 [scheduling-1    ] INFO  NoPayNotifyOrderJob    - 任务；检测未接收到或未正确处理的支付回调通知
25-02-07.14:57:25.007 [scheduling-1    ] INFO  NoPayNotifyOrderJob    - 任务；检测未接收到或未正确处理的支付回调通知
25-02-07.14:57:30.007 [scheduling-1    ] INFO  NoPayNotifyOrderJob    - 任务；检测未接收到或未正确处理的支付回调通知
25-02-07.14:57:35.016 [scheduling-1    ] INFO  NoPayNotifyOrderJob    - 任务；检测未接收到或未正确处理的支付回调通知
25-02-07.14:57:40.008 [scheduling-1    ] INFO  NoPayNotifyOrderJob    - 任务；检测未接收到或未正确处理的支付回调通知
25-02-07.14:57:45.005 [scheduling-1    ] INFO  NoPayNotifyOrderJob    - 任务；检测未接收到或未正确处理的支付回调通知
25-02-07.14:57:50.005 [scheduling-1    ] INFO  NoPayNotifyOrderJob    - 任务；检测未接收到或未正确处理的支付回调通知
25-02-07.14:57:55.010 [scheduling-1    ] INFO  NoPayNotifyOrderJob    - 任务；检测未接收到或未正确处理的支付回调通知
25-02-07.14:58:00.006 [scheduling-1    ] INFO  NoPayNotifyOrderJob    - 任务；检测未接收到或未正确处理的支付回调通知
25-02-07.14:58:05.002 [scheduling-1    ] INFO  NoPayNotifyOrderJob    - 任务；检测未接收到或未正确处理的支付回调通知
25-02-07.14:58:10.012 [scheduling-1    ] INFO  NoPayNotifyOrderJob    - 任务；检测未接收到或未正确处理的支付回调通知
25-02-07.14:58:15.006 [scheduling-1    ] INFO  NoPayNotifyOrderJob    - 任务；检测未接收到或未正确处理的支付回调通知
25-02-07.14:58:20.012 [scheduling-1    ] INFO  NoPayNotifyOrderJob    - 任务；检测未接收到或未正确处理的支付回调通知
25-02-07.14:58:25.007 [scheduling-1    ] INFO  NoPayNotifyOrderJob    - 任务；检测未接收到或未正确处理的支付回调通知
25-02-07.14:58:30.007 [scheduling-1    ] INFO  NoPayNotifyOrderJob    - 任务；检测未接收到或未正确处理的支付回调通知
25-02-07.14:58:35.015 [scheduling-1    ] INFO  NoPayNotifyOrderJob    - 任务；检测未接收到或未正确处理的支付回调通知
25-02-07.14:58:40.001 [scheduling-1    ] INFO  NoPayNotifyOrderJob    - 任务；检测未接收到或未正确处理的支付回调通知
25-02-07.14:58:45.016 [scheduling-1    ] INFO  NoPayNotifyOrderJob    - 任务；检测未接收到或未正确处理的支付回调通知
25-02-07.14:58:50.012 [scheduling-1    ] INFO  NoPayNotifyOrderJob    - 任务；检测未接收到或未正确处理的支付回调通知
25-02-07.14:58:55.011 [scheduling-1    ] INFO  NoPayNotifyOrderJob    - 任务；检测未接收到或未正确处理的支付回调通知
25-02-07.14:59:00.001 [scheduling-1    ] INFO  NoPayNotifyOrderJob    - 任务；检测未接收到或未正确处理的支付回调通知
25-02-07.14:59:05.007 [scheduling-1    ] INFO  NoPayNotifyOrderJob    - 任务；检测未接收到或未正确处理的支付回调通知
25-02-07.14:59:10.003 [scheduling-1    ] INFO  NoPayNotifyOrderJob    - 任务；检测未接收到或未正确处理的支付回调通知
25-02-07.14:59:15.003 [scheduling-1    ] INFO  NoPayNotifyOrderJob    - 任务；检测未接收到或未正确处理的支付回调通知
25-02-07.14:59:20.000 [scheduling-1    ] INFO  NoPayNotifyOrderJob    - 任务；检测未接收到或未正确处理的支付回调通知
25-02-07.14:59:25.014 [scheduling-1    ] INFO  NoPayNotifyOrderJob    - 任务；检测未接收到或未正确处理的支付回调通知
25-02-07.14:59:30.004 [scheduling-1    ] INFO  NoPayNotifyOrderJob    - 任务；检测未接收到或未正确处理的支付回调通知
25-02-07.14:59:35.010 [scheduling-1    ] INFO  NoPayNotifyOrderJob    - 任务；检测未接收到或未正确处理的支付回调通知
25-02-07.14:59:40.003 [scheduling-1    ] INFO  NoPayNotifyOrderJob    - 任务；检测未接收到或未正确处理的支付回调通知
25-02-07.14:59:45.011 [scheduling-1    ] INFO  NoPayNotifyOrderJob    - 任务；检测未接收到或未正确处理的支付回调通知
25-02-07.14:59:50.005 [scheduling-1    ] INFO  NoPayNotifyOrderJob    - 任务；检测未接收到或未正确处理的支付回调通知
25-02-07.14:59:55.002 [scheduling-1    ] INFO  NoPayNotifyOrderJob    - 任务；检测未接收到或未正确处理的支付回调通知
25-02-07.15:00:00.011 [scheduling-1    ] INFO  TimeoutCloseOrderJob   - 任务；超时30分钟订单关闭
25-02-07.15:00:00.020 [scheduling-1    ] INFO  TimeoutCloseOrderJob   - 定时任务，超时30分钟订单关闭，暂无超时未支付订单 orderIds is null
25-02-07.15:00:00.021 [scheduling-1    ] INFO  NoPayNotifyOrderJob    - 任务；检测未接收到或未正确处理的支付回调通知
25-02-07.15:00:05.007 [scheduling-1    ] INFO  NoPayNotifyOrderJob    - 任务；检测未接收到或未正确处理的支付回调通知
25-02-07.15:00:10.003 [scheduling-1    ] INFO  NoPayNotifyOrderJob    - 任务；检测未接收到或未正确处理的支付回调通知
25-02-07.15:00:15.015 [scheduling-1    ] INFO  NoPayNotifyOrderJob    - 任务；检测未接收到或未正确处理的支付回调通知
25-02-07.15:00:20.009 [scheduling-1    ] INFO  NoPayNotifyOrderJob    - 任务；检测未接收到或未正确处理的支付回调通知
25-02-07.15:00:25.013 [scheduling-1    ] INFO  NoPayNotifyOrderJob    - 任务；检测未接收到或未正确处理的支付回调通知
25-02-07.15:00:30.004 [scheduling-1    ] INFO  NoPayNotifyOrderJob    - 任务；检测未接收到或未正确处理的支付回调通知
25-02-07.15:00:35.006 [scheduling-1    ] INFO  NoPayNotifyOrderJob    - 任务；检测未接收到或未正确处理的支付回调通知
25-02-07.15:00:40.007 [scheduling-1    ] INFO  NoPayNotifyOrderJob    - 任务；检测未接收到或未正确处理的支付回调通知
25-02-07.15:00:45.005 [scheduling-1    ] INFO  NoPayNotifyOrderJob    - 任务；检测未接收到或未正确处理的支付回调通知
25-02-07.15:00:50.012 [scheduling-1    ] INFO  NoPayNotifyOrderJob    - 任务；检测未接收到或未正确处理的支付回调通知
25-02-07.15:00:55.003 [scheduling-1    ] INFO  NoPayNotifyOrderJob    - 任务；检测未接收到或未正确处理的支付回调通知
25-02-07.15:01:00.003 [scheduling-1    ] INFO  NoPayNotifyOrderJob    - 任务；检测未接收到或未正确处理的支付回调通知
25-02-07.15:01:05.009 [scheduling-1    ] INFO  NoPayNotifyOrderJob    - 任务；检测未接收到或未正确处理的支付回调通知
25-02-07.15:01:10.007 [scheduling-1    ] INFO  NoPayNotifyOrderJob    - 任务；检测未接收到或未正确处理的支付回调通知
25-02-07.15:01:15.014 [scheduling-1    ] INFO  NoPayNotifyOrderJob    - 任务；检测未接收到或未正确处理的支付回调通知
25-02-07.15:01:20.000 [scheduling-1    ] INFO  NoPayNotifyOrderJob    - 任务；检测未接收到或未正确处理的支付回调通知
25-02-07.15:01:25.001 [scheduling-1    ] INFO  NoPayNotifyOrderJob    - 任务；检测未接收到或未正确处理的支付回调通知
25-02-07.15:01:30.001 [scheduling-1    ] INFO  NoPayNotifyOrderJob    - 任务；检测未接收到或未正确处理的支付回调通知
25-02-07.15:01:35.003 [scheduling-1    ] INFO  NoPayNotifyOrderJob    - 任务；检测未接收到或未正确处理的支付回调通知
25-02-07.15:01:40.011 [scheduling-1    ] INFO  NoPayNotifyOrderJob    - 任务；检测未接收到或未正确处理的支付回调通知
25-02-07.15:01:45.014 [scheduling-1    ] INFO  NoPayNotifyOrderJob    - 任务；检测未接收到或未正确处理的支付回调通知
25-02-07.15:01:50.009 [scheduling-1    ] INFO  NoPayNotifyOrderJob    - 任务；检测未接收到或未正确处理的支付回调通知
25-02-07.15:01:55.003 [scheduling-1    ] INFO  NoPayNotifyOrderJob    - 任务；检测未接收到或未正确处理的支付回调通知
25-02-07.15:02:00.015 [scheduling-1    ] INFO  NoPayNotifyOrderJob    - 任务；检测未接收到或未正确处理的支付回调通知
25-02-07.15:02:05.005 [scheduling-1    ] INFO  NoPayNotifyOrderJob    - 任务；检测未接收到或未正确处理的支付回调通知
25-02-07.15:02:10.008 [scheduling-1    ] INFO  NoPayNotifyOrderJob    - 任务；检测未接收到或未正确处理的支付回调通知
25-02-07.15:02:15.005 [scheduling-1    ] INFO  NoPayNotifyOrderJob    - 任务；检测未接收到或未正确处理的支付回调通知
25-02-07.15:02:20.015 [scheduling-1    ] INFO  NoPayNotifyOrderJob    - 任务；检测未接收到或未正确处理的支付回调通知
25-02-07.15:02:25.012 [scheduling-1    ] INFO  NoPayNotifyOrderJob    - 任务；检测未接收到或未正确处理的支付回调通知
25-02-07.15:02:30.003 [scheduling-1    ] INFO  NoPayNotifyOrderJob    - 任务；检测未接收到或未正确处理的支付回调通知
25-02-07.15:02:35.003 [scheduling-1    ] INFO  NoPayNotifyOrderJob    - 任务；检测未接收到或未正确处理的支付回调通知
25-02-07.15:02:38.968 [http-nio-8080-exec-3] INFO  LoginController        - 扫码检测登录结果 ticket:gQFI8TwAAAAAAAAAAS5odHRwOi8vd2VpeGluLnFxLmNvbS9xLzAyTEZwSDkxbzBmQUcxTlZXZGhEMU0AAgR5raVnAwQAjScA openidToken:null
25-02-07.15:02:40.008 [scheduling-1    ] INFO  NoPayNotifyOrderJob    - 任务；检测未接收到或未正确处理的支付回调通知
25-02-07.15:02:45.004 [scheduling-1    ] INFO  NoPayNotifyOrderJob    - 任务；检测未接收到或未正确处理的支付回调通知
25-02-07.15:02:50.015 [scheduling-1    ] INFO  NoPayNotifyOrderJob    - 任务；检测未接收到或未正确处理的支付回调通知
25-02-07.15:02:55.006 [scheduling-1    ] INFO  NoPayNotifyOrderJob    - 任务；检测未接收到或未正确处理的支付回调通知
25-02-07.15:03:00.002 [scheduling-1    ] INFO  NoPayNotifyOrderJob    - 任务；检测未接收到或未正确处理的支付回调通知
25-02-07.15:03:05.012 [scheduling-1    ] INFO  NoPayNotifyOrderJob    - 任务；检测未接收到或未正确处理的支付回调通知
25-02-07.15:03:10.009 [scheduling-1    ] INFO  NoPayNotifyOrderJob    - 任务；检测未接收到或未正确处理的支付回调通知
25-02-07.15:03:15.001 [scheduling-1    ] INFO  NoPayNotifyOrderJob    - 任务；检测未接收到或未正确处理的支付回调通知
25-02-07.15:03:20.009 [scheduling-1    ] INFO  NoPayNotifyOrderJob    - 任务；检测未接收到或未正确处理的支付回调通知
25-02-07.15:03:25.017 [scheduling-1    ] INFO  NoPayNotifyOrderJob    - 任务；检测未接收到或未正确处理的支付回调通知
25-02-07.15:03:30.012 [scheduling-1    ] INFO  NoPayNotifyOrderJob    - 任务；检测未接收到或未正确处理的支付回调通知
25-02-07.15:03:35.008 [scheduling-1    ] INFO  NoPayNotifyOrderJob    - 任务；检测未接收到或未正确处理的支付回调通知
25-02-07.15:03:40.011 [scheduling-1    ] INFO  NoPayNotifyOrderJob    - 任务；检测未接收到或未正确处理的支付回调通知
25-02-07.15:03:45.002 [scheduling-1    ] INFO  NoPayNotifyOrderJob    - 任务；检测未接收到或未正确处理的支付回调通知
25-02-07.15:03:50.001 [scheduling-1    ] INFO  NoPayNotifyOrderJob    - 任务；检测未接收到或未正确处理的支付回调通知
25-02-07.15:03:55.010 [scheduling-1    ] INFO  NoPayNotifyOrderJob    - 任务；检测未接收到或未正确处理的支付回调通知
25-02-07.15:04:00.007 [scheduling-1    ] INFO  NoPayNotifyOrderJob    - 任务；检测未接收到或未正确处理的支付回调通知
25-02-07.15:04:05.013 [scheduling-1    ] INFO  NoPayNotifyOrderJob    - 任务；检测未接收到或未正确处理的支付回调通知
25-02-07.15:04:10.015 [scheduling-1    ] INFO  NoPayNotifyOrderJob    - 任务；检测未接收到或未正确处理的支付回调通知
25-02-07.15:04:15.007 [scheduling-1    ] INFO  NoPayNotifyOrderJob    - 任务；检测未接收到或未正确处理的支付回调通知
25-02-07.15:04:20.010 [scheduling-1    ] INFO  NoPayNotifyOrderJob    - 任务；检测未接收到或未正确处理的支付回调通知
25-02-07.15:04:25.010 [scheduling-1    ] INFO  NoPayNotifyOrderJob    - 任务；检测未接收到或未正确处理的支付回调通知
25-02-07.15:04:30.013 [scheduling-1    ] INFO  NoPayNotifyOrderJob    - 任务；检测未接收到或未正确处理的支付回调通知
25-02-07.15:04:35.003 [scheduling-1    ] INFO  NoPayNotifyOrderJob    - 任务；检测未接收到或未正确处理的支付回调通知
25-02-07.15:04:40.001 [scheduling-1    ] INFO  NoPayNotifyOrderJob    - 任务；检测未接收到或未正确处理的支付回调通知
25-02-07.15:04:45.014 [scheduling-1    ] INFO  NoPayNotifyOrderJob    - 任务；检测未接收到或未正确处理的支付回调通知
25-02-07.15:04:50.000 [scheduling-1    ] INFO  NoPayNotifyOrderJob    - 任务；检测未接收到或未正确处理的支付回调通知
25-02-07.15:04:55.008 [scheduling-1    ] INFO  NoPayNotifyOrderJob    - 任务；检测未接收到或未正确处理的支付回调通知
25-02-07.15:05:00.005 [scheduling-1    ] INFO  NoPayNotifyOrderJob    - 任务；检测未接收到或未正确处理的支付回调通知
25-02-07.15:05:05.009 [scheduling-1    ] INFO  NoPayNotifyOrderJob    - 任务；检测未接收到或未正确处理的支付回调通知
25-02-07.15:05:10.002 [scheduling-1    ] INFO  NoPayNotifyOrderJob    - 任务；检测未接收到或未正确处理的支付回调通知
25-02-07.15:05:15.015 [scheduling-1    ] INFO  NoPayNotifyOrderJob    - 任务；检测未接收到或未正确处理的支付回调通知
25-02-07.15:05:20.014 [scheduling-1    ] INFO  NoPayNotifyOrderJob    - 任务；检测未接收到或未正确处理的支付回调通知
25-02-07.15:05:25.004 [scheduling-1    ] INFO  NoPayNotifyOrderJob    - 任务；检测未接收到或未正确处理的支付回调通知
25-02-07.15:05:30.013 [scheduling-1    ] INFO  NoPayNotifyOrderJob    - 任务；检测未接收到或未正确处理的支付回调通知
25-02-07.15:05:35.009 [scheduling-1    ] INFO  NoPayNotifyOrderJob    - 任务；检测未接收到或未正确处理的支付回调通知
25-02-07.15:05:40.008 [scheduling-1    ] INFO  NoPayNotifyOrderJob    - 任务；检测未接收到或未正确处理的支付回调通知
25-02-07.15:05:45.016 [scheduling-1    ] INFO  NoPayNotifyOrderJob    - 任务；检测未接收到或未正确处理的支付回调通知
25-02-07.15:05:50.016 [scheduling-1    ] INFO  NoPayNotifyOrderJob    - 任务；检测未接收到或未正确处理的支付回调通知
25-02-07.15:05:55.012 [scheduling-1    ] INFO  NoPayNotifyOrderJob    - 任务；检测未接收到或未正确处理的支付回调通知
25-02-07.15:06:00.008 [scheduling-1    ] INFO  NoPayNotifyOrderJob    - 任务；检测未接收到或未正确处理的支付回调通知
25-02-07.15:06:05.014 [scheduling-1    ] INFO  NoPayNotifyOrderJob    - 任务；检测未接收到或未正确处理的支付回调通知
25-02-07.15:06:10.002 [scheduling-1    ] INFO  NoPayNotifyOrderJob    - 任务；检测未接收到或未正确处理的支付回调通知
25-02-07.15:06:15.005 [scheduling-1    ] INFO  NoPayNotifyOrderJob    - 任务；检测未接收到或未正确处理的支付回调通知
25-02-07.15:06:20.015 [scheduling-1    ] INFO  NoPayNotifyOrderJob    - 任务；检测未接收到或未正确处理的支付回调通知
25-02-07.15:06:25.011 [scheduling-1    ] INFO  NoPayNotifyOrderJob    - 任务；检测未接收到或未正确处理的支付回调通知
25-02-07.15:06:30.012 [scheduling-1    ] INFO  NoPayNotifyOrderJob    - 任务；检测未接收到或未正确处理的支付回调通知
25-02-07.15:06:35.005 [scheduling-1    ] INFO  NoPayNotifyOrderJob    - 任务；检测未接收到或未正确处理的支付回调通知
25-02-07.15:06:40.002 [scheduling-1    ] INFO  NoPayNotifyOrderJob    - 任务；检测未接收到或未正确处理的支付回调通知
25-02-07.15:06:45.008 [scheduling-1    ] INFO  NoPayNotifyOrderJob    - 任务；检测未接收到或未正确处理的支付回调通知
25-02-07.15:06:50.012 [scheduling-1    ] INFO  NoPayNotifyOrderJob    - 任务；检测未接收到或未正确处理的支付回调通知
25-02-07.15:06:55.008 [scheduling-1    ] INFO  NoPayNotifyOrderJob    - 任务；检测未接收到或未正确处理的支付回调通知
25-02-07.15:07:00.001 [scheduling-1    ] INFO  NoPayNotifyOrderJob    - 任务；检测未接收到或未正确处理的支付回调通知
25-02-07.15:07:05.015 [scheduling-1    ] INFO  NoPayNotifyOrderJob    - 任务；检测未接收到或未正确处理的支付回调通知
25-02-07.15:07:10.015 [scheduling-1    ] INFO  NoPayNotifyOrderJob    - 任务；检测未接收到或未正确处理的支付回调通知
25-02-07.15:07:15.002 [scheduling-1    ] INFO  NoPayNotifyOrderJob    - 任务；检测未接收到或未正确处理的支付回调通知
25-02-07.15:07:20.009 [scheduling-1    ] INFO  NoPayNotifyOrderJob    - 任务；检测未接收到或未正确处理的支付回调通知
25-02-07.15:07:25.014 [scheduling-1    ] INFO  NoPayNotifyOrderJob    - 任务；检测未接收到或未正确处理的支付回调通知
25-02-07.15:07:30.011 [scheduling-1    ] INFO  NoPayNotifyOrderJob    - 任务；检测未接收到或未正确处理的支付回调通知
25-02-07.15:07:35.009 [scheduling-1    ] INFO  NoPayNotifyOrderJob    - 任务；检测未接收到或未正确处理的支付回调通知
25-02-07.15:07:40.009 [scheduling-1    ] INFO  NoPayNotifyOrderJob    - 任务；检测未接收到或未正确处理的支付回调通知
25-02-07.15:07:45.006 [scheduling-1    ] INFO  NoPayNotifyOrderJob    - 任务；检测未接收到或未正确处理的支付回调通知
25-02-07.15:07:50.010 [scheduling-1    ] INFO  NoPayNotifyOrderJob    - 任务；检测未接收到或未正确处理的支付回调通知
25-02-07.15:07:55.004 [scheduling-1    ] INFO  NoPayNotifyOrderJob    - 任务；检测未接收到或未正确处理的支付回调通知
25-02-07.15:08:00.011 [scheduling-1    ] INFO  NoPayNotifyOrderJob    - 任务；检测未接收到或未正确处理的支付回调通知
25-02-07.15:08:05.015 [scheduling-1    ] INFO  NoPayNotifyOrderJob    - 任务；检测未接收到或未正确处理的支付回调通知
25-02-07.15:08:10.006 [scheduling-1    ] INFO  NoPayNotifyOrderJob    - 任务；检测未接收到或未正确处理的支付回调通知
25-02-07.15:08:15.010 [scheduling-1    ] INFO  NoPayNotifyOrderJob    - 任务；检测未接收到或未正确处理的支付回调通知
25-02-07.15:08:20.006 [scheduling-1    ] INFO  NoPayNotifyOrderJob    - 任务；检测未接收到或未正确处理的支付回调通知
25-02-07.15:08:25.009 [scheduling-1    ] INFO  NoPayNotifyOrderJob    - 任务；检测未接收到或未正确处理的支付回调通知
25-02-07.15:08:30.002 [scheduling-1    ] INFO  NoPayNotifyOrderJob    - 任务；检测未接收到或未正确处理的支付回调通知
25-02-07.15:08:35.001 [scheduling-1    ] INFO  NoPayNotifyOrderJob    - 任务；检测未接收到或未正确处理的支付回调通知
25-02-07.15:08:40.012 [scheduling-1    ] INFO  NoPayNotifyOrderJob    - 任务；检测未接收到或未正确处理的支付回调通知
25-02-07.15:08:45.013 [scheduling-1    ] INFO  NoPayNotifyOrderJob    - 任务；检测未接收到或未正确处理的支付回调通知
25-02-07.15:08:50.001 [scheduling-1    ] INFO  NoPayNotifyOrderJob    - 任务；检测未接收到或未正确处理的支付回调通知
25-02-07.15:08:55.009 [scheduling-1    ] INFO  NoPayNotifyOrderJob    - 任务；检测未接收到或未正确处理的支付回调通知
25-02-07.15:09:00.004 [scheduling-1    ] INFO  NoPayNotifyOrderJob    - 任务；检测未接收到或未正确处理的支付回调通知
25-02-07.15:09:05.009 [scheduling-1    ] INFO  NoPayNotifyOrderJob    - 任务；检测未接收到或未正确处理的支付回调通知
25-02-07.15:09:10.005 [scheduling-1    ] INFO  NoPayNotifyOrderJob    - 任务；检测未接收到或未正确处理的支付回调通知
25-02-07.15:09:15.004 [scheduling-1    ] INFO  NoPayNotifyOrderJob    - 任务；检测未接收到或未正确处理的支付回调通知
25-02-07.15:09:20.014 [scheduling-1    ] INFO  NoPayNotifyOrderJob    - 任务；检测未接收到或未正确处理的支付回调通知
25-02-07.15:09:25.009 [scheduling-1    ] INFO  NoPayNotifyOrderJob    - 任务；检测未接收到或未正确处理的支付回调通知
25-02-07.15:09:30.001 [scheduling-1    ] INFO  NoPayNotifyOrderJob    - 任务；检测未接收到或未正确处理的支付回调通知
25-02-07.15:09:35.006 [scheduling-1    ] INFO  NoPayNotifyOrderJob    - 任务；检测未接收到或未正确处理的支付回调通知
25-02-07.15:09:40.004 [scheduling-1    ] INFO  NoPayNotifyOrderJob    - 任务；检测未接收到或未正确处理的支付回调通知
25-02-07.15:09:45.005 [scheduling-1    ] INFO  NoPayNotifyOrderJob    - 任务；检测未接收到或未正确处理的支付回调通知
25-02-07.15:09:50.008 [scheduling-1    ] INFO  NoPayNotifyOrderJob    - 任务；检测未接收到或未正确处理的支付回调通知
25-02-07.15:09:55.016 [scheduling-1    ] INFO  NoPayNotifyOrderJob    - 任务；检测未接收到或未正确处理的支付回调通知
25-02-07.15:10:00.000 [scheduling-1    ] INFO  NoPayNotifyOrderJob    - 任务；检测未接收到或未正确处理的支付回调通知
25-02-07.15:10:00.006 [scheduling-1    ] INFO  TimeoutCloseOrderJob   - 任务；超时30分钟订单关闭
25-02-07.15:10:00.009 [scheduling-1    ] INFO  TimeoutCloseOrderJob   - 定时任务，超时30分钟订单关闭，暂无超时未支付订单 orderIds is null
25-02-07.15:10:05.010 [scheduling-1    ] INFO  NoPayNotifyOrderJob    - 任务；检测未接收到或未正确处理的支付回调通知
25-02-07.15:10:10.013 [scheduling-1    ] INFO  NoPayNotifyOrderJob    - 任务；检测未接收到或未正确处理的支付回调通知
25-02-07.15:10:15.001 [scheduling-1    ] INFO  NoPayNotifyOrderJob    - 任务；检测未接收到或未正确处理的支付回调通知
25-02-07.15:10:20.009 [scheduling-1    ] INFO  NoPayNotifyOrderJob    - 任务；检测未接收到或未正确处理的支付回调通知
25-02-07.15:10:25.006 [scheduling-1    ] INFO  NoPayNotifyOrderJob    - 任务；检测未接收到或未正确处理的支付回调通知
25-02-07.15:10:30.004 [scheduling-1    ] INFO  NoPayNotifyOrderJob    - 任务；检测未接收到或未正确处理的支付回调通知
25-02-07.15:10:35.016 [scheduling-1    ] INFO  NoPayNotifyOrderJob    - 任务；检测未接收到或未正确处理的支付回调通知
25-02-07.15:10:40.000 [scheduling-1    ] INFO  NoPayNotifyOrderJob    - 任务；检测未接收到或未正确处理的支付回调通知
25-02-07.15:10:45.012 [scheduling-1    ] INFO  NoPayNotifyOrderJob    - 任务；检测未接收到或未正确处理的支付回调通知
25-02-07.15:10:50.009 [scheduling-1    ] INFO  NoPayNotifyOrderJob    - 任务；检测未接收到或未正确处理的支付回调通知
25-02-07.15:10:55.000 [scheduling-1    ] INFO  NoPayNotifyOrderJob    - 任务；检测未接收到或未正确处理的支付回调通知
25-02-07.15:11:00.012 [scheduling-1    ] INFO  NoPayNotifyOrderJob    - 任务；检测未接收到或未正确处理的支付回调通知
25-02-07.15:11:05.002 [scheduling-1    ] INFO  NoPayNotifyOrderJob    - 任务；检测未接收到或未正确处理的支付回调通知
25-02-07.15:11:10.010 [scheduling-1    ] INFO  NoPayNotifyOrderJob    - 任务；检测未接收到或未正确处理的支付回调通知
25-02-07.15:11:15.012 [scheduling-1    ] INFO  NoPayNotifyOrderJob    - 任务；检测未接收到或未正确处理的支付回调通知
25-02-07.15:11:20.012 [scheduling-1    ] INFO  NoPayNotifyOrderJob    - 任务；检测未接收到或未正确处理的支付回调通知
25-02-07.15:11:25.012 [scheduling-1    ] INFO  NoPayNotifyOrderJob    - 任务；检测未接收到或未正确处理的支付回调通知
25-02-07.15:11:30.015 [scheduling-1    ] INFO  NoPayNotifyOrderJob    - 任务；检测未接收到或未正确处理的支付回调通知
25-02-07.15:11:35.008 [scheduling-1    ] INFO  NoPayNotifyOrderJob    - 任务；检测未接收到或未正确处理的支付回调通知
25-02-07.15:11:40.015 [scheduling-1    ] INFO  NoPayNotifyOrderJob    - 任务；检测未接收到或未正确处理的支付回调通知
25-02-07.15:11:45.005 [scheduling-1    ] INFO  NoPayNotifyOrderJob    - 任务；检测未接收到或未正确处理的支付回调通知
25-02-07.15:11:50.011 [scheduling-1    ] INFO  NoPayNotifyOrderJob    - 任务；检测未接收到或未正确处理的支付回调通知
25-02-07.15:11:55.010 [scheduling-1    ] INFO  NoPayNotifyOrderJob    - 任务；检测未接收到或未正确处理的支付回调通知
25-02-07.15:12:00.010 [scheduling-1    ] INFO  NoPayNotifyOrderJob    - 任务；检测未接收到或未正确处理的支付回调通知
25-02-07.15:12:05.012 [scheduling-1    ] INFO  NoPayNotifyOrderJob    - 任务；检测未接收到或未正确处理的支付回调通知
25-02-07.15:12:10.010 [scheduling-1    ] INFO  NoPayNotifyOrderJob    - 任务；检测未接收到或未正确处理的支付回调通知
25-02-07.15:12:15.006 [scheduling-1    ] INFO  NoPayNotifyOrderJob    - 任务；检测未接收到或未正确处理的支付回调通知
25-02-07.15:12:20.005 [scheduling-1    ] INFO  NoPayNotifyOrderJob    - 任务；检测未接收到或未正确处理的支付回调通知
25-02-07.15:12:25.005 [scheduling-1    ] INFO  NoPayNotifyOrderJob    - 任务；检测未接收到或未正确处理的支付回调通知
25-02-07.15:12:30.015 [scheduling-1    ] INFO  NoPayNotifyOrderJob    - 任务；检测未接收到或未正确处理的支付回调通知
25-02-07.15:12:35.007 [scheduling-1    ] INFO  NoPayNotifyOrderJob    - 任务；检测未接收到或未正确处理的支付回调通知
25-02-07.15:12:40.013 [scheduling-1    ] INFO  NoPayNotifyOrderJob    - 任务；检测未接收到或未正确处理的支付回调通知
25-02-07.15:12:45.000 [scheduling-1    ] INFO  NoPayNotifyOrderJob    - 任务；检测未接收到或未正确处理的支付回调通知
25-02-07.15:12:50.011 [scheduling-1    ] INFO  NoPayNotifyOrderJob    - 任务；检测未接收到或未正确处理的支付回调通知
25-02-07.15:12:55.009 [scheduling-1    ] INFO  NoPayNotifyOrderJob    - 任务；检测未接收到或未正确处理的支付回调通知
25-02-07.15:13:00.014 [scheduling-1    ] INFO  NoPayNotifyOrderJob    - 任务；检测未接收到或未正确处理的支付回调通知
25-02-07.15:13:05.008 [scheduling-1    ] INFO  NoPayNotifyOrderJob    - 任务；检测未接收到或未正确处理的支付回调通知
25-02-07.15:13:10.002 [scheduling-1    ] INFO  NoPayNotifyOrderJob    - 任务；检测未接收到或未正确处理的支付回调通知
25-02-07.15:13:15.008 [scheduling-1    ] INFO  NoPayNotifyOrderJob    - 任务；检测未接收到或未正确处理的支付回调通知
25-02-07.15:13:20.007 [scheduling-1    ] INFO  NoPayNotifyOrderJob    - 任务；检测未接收到或未正确处理的支付回调通知
25-02-07.15:13:25.011 [scheduling-1    ] INFO  NoPayNotifyOrderJob    - 任务；检测未接收到或未正确处理的支付回调通知
25-02-07.15:13:30.006 [scheduling-1    ] INFO  NoPayNotifyOrderJob    - 任务；检测未接收到或未正确处理的支付回调通知
25-02-07.15:13:35.013 [scheduling-1    ] INFO  NoPayNotifyOrderJob    - 任务；检测未接收到或未正确处理的支付回调通知
25-02-07.15:13:40.005 [scheduling-1    ] INFO  NoPayNotifyOrderJob    - 任务；检测未接收到或未正确处理的支付回调通知
25-02-07.15:13:45.010 [scheduling-1    ] INFO  NoPayNotifyOrderJob    - 任务；检测未接收到或未正确处理的支付回调通知
25-02-07.15:13:50.003 [scheduling-1    ] INFO  NoPayNotifyOrderJob    - 任务；检测未接收到或未正确处理的支付回调通知
25-02-07.15:13:55.004 [scheduling-1    ] INFO  NoPayNotifyOrderJob    - 任务；检测未接收到或未正确处理的支付回调通知
25-02-07.15:14:00.012 [scheduling-1    ] INFO  NoPayNotifyOrderJob    - 任务；检测未接收到或未正确处理的支付回调通知
25-02-07.15:14:05.014 [scheduling-1    ] INFO  NoPayNotifyOrderJob    - 任务；检测未接收到或未正确处理的支付回调通知
25-02-07.15:14:10.010 [scheduling-1    ] INFO  NoPayNotifyOrderJob    - 任务；检测未接收到或未正确处理的支付回调通知
25-02-07.15:14:15.011 [scheduling-1    ] INFO  NoPayNotifyOrderJob    - 任务；检测未接收到或未正确处理的支付回调通知
25-02-07.15:14:20.007 [scheduling-1    ] INFO  NoPayNotifyOrderJob    - 任务；检测未接收到或未正确处理的支付回调通知
25-02-07.15:14:25.008 [scheduling-1    ] INFO  NoPayNotifyOrderJob    - 任务；检测未接收到或未正确处理的支付回调通知
25-02-07.15:14:30.005 [scheduling-1    ] INFO  NoPayNotifyOrderJob    - 任务；检测未接收到或未正确处理的支付回调通知
25-02-07.15:14:35.001 [scheduling-1    ] INFO  NoPayNotifyOrderJob    - 任务；检测未接收到或未正确处理的支付回调通知
25-02-07.15:14:40.001 [scheduling-1    ] INFO  NoPayNotifyOrderJob    - 任务；检测未接收到或未正确处理的支付回调通知
25-02-07.15:14:45.007 [scheduling-1    ] INFO  NoPayNotifyOrderJob    - 任务；检测未接收到或未正确处理的支付回调通知
25-02-07.15:14:50.013 [scheduling-1    ] INFO  NoPayNotifyOrderJob    - 任务；检测未接收到或未正确处理的支付回调通知
25-02-07.15:14:55.008 [scheduling-1    ] INFO  NoPayNotifyOrderJob    - 任务；检测未接收到或未正确处理的支付回调通知
25-02-07.15:15:00.001 [scheduling-1    ] INFO  NoPayNotifyOrderJob    - 任务；检测未接收到或未正确处理的支付回调通知
25-02-07.15:15:05.004 [scheduling-1    ] INFO  NoPayNotifyOrderJob    - 任务；检测未接收到或未正确处理的支付回调通知
25-02-07.15:15:10.004 [scheduling-1    ] INFO  NoPayNotifyOrderJob    - 任务；检测未接收到或未正确处理的支付回调通知
25-02-07.15:15:15.007 [scheduling-1    ] INFO  NoPayNotifyOrderJob    - 任务；检测未接收到或未正确处理的支付回调通知
25-02-07.15:15:20.011 [scheduling-1    ] INFO  NoPayNotifyOrderJob    - 任务；检测未接收到或未正确处理的支付回调通知
25-02-07.15:15:25.010 [scheduling-1    ] INFO  NoPayNotifyOrderJob    - 任务；检测未接收到或未正确处理的支付回调通知
25-02-07.15:15:30.009 [scheduling-1    ] INFO  NoPayNotifyOrderJob    - 任务；检测未接收到或未正确处理的支付回调通知
25-02-07.15:15:35.005 [scheduling-1    ] INFO  NoPayNotifyOrderJob    - 任务；检测未接收到或未正确处理的支付回调通知
25-02-07.15:15:40.004 [scheduling-1    ] INFO  NoPayNotifyOrderJob    - 任务；检测未接收到或未正确处理的支付回调通知
25-02-07.15:15:45.013 [scheduling-1    ] INFO  NoPayNotifyOrderJob    - 任务；检测未接收到或未正确处理的支付回调通知
25-02-07.15:15:50.005 [scheduling-1    ] INFO  NoPayNotifyOrderJob    - 任务；检测未接收到或未正确处理的支付回调通知
25-02-07.15:15:55.003 [scheduling-1    ] INFO  NoPayNotifyOrderJob    - 任务；检测未接收到或未正确处理的支付回调通知
25-02-07.15:16:00.011 [scheduling-1    ] INFO  NoPayNotifyOrderJob    - 任务；检测未接收到或未正确处理的支付回调通知
25-02-07.15:16:05.005 [scheduling-1    ] INFO  NoPayNotifyOrderJob    - 任务；检测未接收到或未正确处理的支付回调通知
25-02-07.15:16:10.005 [scheduling-1    ] INFO  NoPayNotifyOrderJob    - 任务；检测未接收到或未正确处理的支付回调通知
25-02-07.15:16:15.009 [scheduling-1    ] INFO  NoPayNotifyOrderJob    - 任务；检测未接收到或未正确处理的支付回调通知
25-02-07.15:16:20.001 [scheduling-1    ] INFO  NoPayNotifyOrderJob    - 任务；检测未接收到或未正确处理的支付回调通知
25-02-07.15:16:25.008 [scheduling-1    ] INFO  NoPayNotifyOrderJob    - 任务；检测未接收到或未正确处理的支付回调通知
25-02-07.15:16:30.014 [scheduling-1    ] INFO  NoPayNotifyOrderJob    - 任务；检测未接收到或未正确处理的支付回调通知
25-02-07.15:16:35.003 [scheduling-1    ] INFO  NoPayNotifyOrderJob    - 任务；检测未接收到或未正确处理的支付回调通知
25-02-07.15:16:40.001 [scheduling-1    ] INFO  NoPayNotifyOrderJob    - 任务；检测未接收到或未正确处理的支付回调通知
25-02-07.15:16:45.006 [scheduling-1    ] INFO  NoPayNotifyOrderJob    - 任务；检测未接收到或未正确处理的支付回调通知
25-02-07.15:16:50.005 [scheduling-1    ] INFO  NoPayNotifyOrderJob    - 任务；检测未接收到或未正确处理的支付回调通知
25-02-07.15:16:55.001 [scheduling-1    ] INFO  NoPayNotifyOrderJob    - 任务；检测未接收到或未正确处理的支付回调通知
25-02-07.15:17:00.004 [scheduling-1    ] INFO  NoPayNotifyOrderJob    - 任务；检测未接收到或未正确处理的支付回调通知
25-02-07.15:17:05.011 [scheduling-1    ] INFO  NoPayNotifyOrderJob    - 任务；检测未接收到或未正确处理的支付回调通知
25-02-07.15:17:10.011 [scheduling-1    ] INFO  NoPayNotifyOrderJob    - 任务；检测未接收到或未正确处理的支付回调通知
25-02-07.15:17:15.000 [scheduling-1    ] INFO  NoPayNotifyOrderJob    - 任务；检测未接收到或未正确处理的支付回调通知
25-02-07.15:17:20.005 [scheduling-1    ] INFO  NoPayNotifyOrderJob    - 任务；检测未接收到或未正确处理的支付回调通知
25-02-07.15:17:25.015 [scheduling-1    ] INFO  NoPayNotifyOrderJob    - 任务；检测未接收到或未正确处理的支付回调通知
25-02-07.15:17:30.015 [scheduling-1    ] INFO  NoPayNotifyOrderJob    - 任务；检测未接收到或未正确处理的支付回调通知
25-02-07.15:17:35.012 [scheduling-1    ] INFO  NoPayNotifyOrderJob    - 任务；检测未接收到或未正确处理的支付回调通知
25-02-07.15:17:40.012 [scheduling-1    ] INFO  NoPayNotifyOrderJob    - 任务；检测未接收到或未正确处理的支付回调通知
25-02-07.15:17:45.011 [scheduling-1    ] INFO  NoPayNotifyOrderJob    - 任务；检测未接收到或未正确处理的支付回调通知
25-02-07.15:17:50.002 [scheduling-1    ] INFO  NoPayNotifyOrderJob    - 任务；检测未接收到或未正确处理的支付回调通知
25-02-07.15:17:55.006 [scheduling-1    ] INFO  NoPayNotifyOrderJob    - 任务；检测未接收到或未正确处理的支付回调通知
25-02-07.15:18:00.006 [scheduling-1    ] INFO  NoPayNotifyOrderJob    - 任务；检测未接收到或未正确处理的支付回调通知
25-02-07.15:18:05.010 [scheduling-1    ] INFO  NoPayNotifyOrderJob    - 任务；检测未接收到或未正确处理的支付回调通知
25-02-07.15:18:10.015 [scheduling-1    ] INFO  NoPayNotifyOrderJob    - 任务；检测未接收到或未正确处理的支付回调通知
25-02-07.15:18:15.014 [scheduling-1    ] INFO  NoPayNotifyOrderJob    - 任务；检测未接收到或未正确处理的支付回调通知
25-02-07.15:18:20.001 [scheduling-1    ] INFO  NoPayNotifyOrderJob    - 任务；检测未接收到或未正确处理的支付回调通知
25-02-07.15:18:25.010 [scheduling-1    ] INFO  NoPayNotifyOrderJob    - 任务；检测未接收到或未正确处理的支付回调通知
25-02-07.15:18:30.007 [scheduling-1    ] INFO  NoPayNotifyOrderJob    - 任务；检测未接收到或未正确处理的支付回调通知
25-02-07.15:18:35.008 [scheduling-1    ] INFO  NoPayNotifyOrderJob    - 任务；检测未接收到或未正确处理的支付回调通知
25-02-07.15:18:40.016 [scheduling-1    ] INFO  NoPayNotifyOrderJob    - 任务；检测未接收到或未正确处理的支付回调通知
25-02-07.15:18:45.005 [scheduling-1    ] INFO  NoPayNotifyOrderJob    - 任务；检测未接收到或未正确处理的支付回调通知
25-02-07.15:18:50.013 [scheduling-1    ] INFO  NoPayNotifyOrderJob    - 任务；检测未接收到或未正确处理的支付回调通知
25-02-07.15:18:55.013 [scheduling-1    ] INFO  NoPayNotifyOrderJob    - 任务；检测未接收到或未正确处理的支付回调通知
25-02-07.15:19:00.007 [scheduling-1    ] INFO  NoPayNotifyOrderJob    - 任务；检测未接收到或未正确处理的支付回调通知
25-02-07.15:19:05.013 [scheduling-1    ] INFO  NoPayNotifyOrderJob    - 任务；检测未接收到或未正确处理的支付回调通知
25-02-07.15:19:10.016 [scheduling-1    ] INFO  NoPayNotifyOrderJob    - 任务；检测未接收到或未正确处理的支付回调通知
25-02-07.15:19:15.002 [scheduling-1    ] INFO  NoPayNotifyOrderJob    - 任务；检测未接收到或未正确处理的支付回调通知
25-02-07.15:19:20.002 [scheduling-1    ] INFO  NoPayNotifyOrderJob    - 任务；检测未接收到或未正确处理的支付回调通知
25-02-07.15:19:25.000 [scheduling-1    ] INFO  NoPayNotifyOrderJob    - 任务；检测未接收到或未正确处理的支付回调通知
25-02-07.15:19:30.006 [scheduling-1    ] INFO  NoPayNotifyOrderJob    - 任务；检测未接收到或未正确处理的支付回调通知
25-02-07.15:19:35.006 [scheduling-1    ] INFO  NoPayNotifyOrderJob    - 任务；检测未接收到或未正确处理的支付回调通知
25-02-07.15:19:40.010 [scheduling-1    ] INFO  NoPayNotifyOrderJob    - 任务；检测未接收到或未正确处理的支付回调通知
25-02-07.15:19:45.011 [scheduling-1    ] INFO  NoPayNotifyOrderJob    - 任务；检测未接收到或未正确处理的支付回调通知
25-02-07.15:19:50.008 [scheduling-1    ] INFO  NoPayNotifyOrderJob    - 任务；检测未接收到或未正确处理的支付回调通知
25-02-07.15:19:55.003 [scheduling-1    ] INFO  NoPayNotifyOrderJob    - 任务；检测未接收到或未正确处理的支付回调通知
25-02-07.15:20:00.011 [scheduling-1    ] INFO  TimeoutCloseOrderJob   - 任务；超时30分钟订单关闭
25-02-07.15:20:00.017 [scheduling-1    ] INFO  TimeoutCloseOrderJob   - 定时任务，超时30分钟订单关闭，暂无超时未支付订单 orderIds is null
25-02-07.15:20:00.017 [scheduling-1    ] INFO  NoPayNotifyOrderJob    - 任务；检测未接收到或未正确处理的支付回调通知
25-02-07.15:20:05.014 [scheduling-1    ] INFO  NoPayNotifyOrderJob    - 任务；检测未接收到或未正确处理的支付回调通知
25-02-07.15:20:10.012 [scheduling-1    ] INFO  NoPayNotifyOrderJob    - 任务；检测未接收到或未正确处理的支付回调通知
25-02-07.15:20:15.010 [scheduling-1    ] INFO  NoPayNotifyOrderJob    - 任务；检测未接收到或未正确处理的支付回调通知
25-02-07.15:20:20.012 [scheduling-1    ] INFO  NoPayNotifyOrderJob    - 任务；检测未接收到或未正确处理的支付回调通知
25-02-07.15:20:25.004 [scheduling-1    ] INFO  NoPayNotifyOrderJob    - 任务；检测未接收到或未正确处理的支付回调通知
25-02-07.15:20:30.001 [scheduling-1    ] INFO  NoPayNotifyOrderJob    - 任务；检测未接收到或未正确处理的支付回调通知
25-02-07.15:20:35.002 [scheduling-1    ] INFO  NoPayNotifyOrderJob    - 任务；检测未接收到或未正确处理的支付回调通知
25-02-07.15:20:40.008 [scheduling-1    ] INFO  NoPayNotifyOrderJob    - 任务；检测未接收到或未正确处理的支付回调通知
25-02-07.15:20:45.009 [scheduling-1    ] INFO  NoPayNotifyOrderJob    - 任务；检测未接收到或未正确处理的支付回调通知
25-02-07.15:20:50.005 [scheduling-1    ] INFO  NoPayNotifyOrderJob    - 任务；检测未接收到或未正确处理的支付回调通知
25-02-07.15:20:55.016 [scheduling-1    ] INFO  NoPayNotifyOrderJob    - 任务；检测未接收到或未正确处理的支付回调通知
25-02-07.15:21:00.011 [scheduling-1    ] INFO  NoPayNotifyOrderJob    - 任务；检测未接收到或未正确处理的支付回调通知
25-02-07.15:21:05.014 [scheduling-1    ] INFO  NoPayNotifyOrderJob    - 任务；检测未接收到或未正确处理的支付回调通知
25-02-07.15:21:10.006 [scheduling-1    ] INFO  NoPayNotifyOrderJob    - 任务；检测未接收到或未正确处理的支付回调通知
25-02-07.15:21:15.004 [scheduling-1    ] INFO  NoPayNotifyOrderJob    - 任务；检测未接收到或未正确处理的支付回调通知
25-02-07.15:21:20.012 [scheduling-1    ] INFO  NoPayNotifyOrderJob    - 任务；检测未接收到或未正确处理的支付回调通知
25-02-07.15:21:25.010 [scheduling-1    ] INFO  NoPayNotifyOrderJob    - 任务；检测未接收到或未正确处理的支付回调通知
25-02-07.15:21:30.012 [scheduling-1    ] INFO  NoPayNotifyOrderJob    - 任务；检测未接收到或未正确处理的支付回调通知
25-02-07.15:21:35.001 [scheduling-1    ] INFO  NoPayNotifyOrderJob    - 任务；检测未接收到或未正确处理的支付回调通知
25-02-07.15:21:40.005 [scheduling-1    ] INFO  NoPayNotifyOrderJob    - 任务；检测未接收到或未正确处理的支付回调通知
25-02-07.15:21:45.013 [scheduling-1    ] INFO  NoPayNotifyOrderJob    - 任务；检测未接收到或未正确处理的支付回调通知
25-02-07.15:21:50.007 [scheduling-1    ] INFO  NoPayNotifyOrderJob    - 任务；检测未接收到或未正确处理的支付回调通知
25-02-07.15:21:55.013 [scheduling-1    ] INFO  NoPayNotifyOrderJob    - 任务；检测未接收到或未正确处理的支付回调通知
25-02-07.15:22:00.010 [scheduling-1    ] INFO  NoPayNotifyOrderJob    - 任务；检测未接收到或未正确处理的支付回调通知
25-02-07.15:22:05.008 [scheduling-1    ] INFO  NoPayNotifyOrderJob    - 任务；检测未接收到或未正确处理的支付回调通知
25-02-07.15:22:10.000 [scheduling-1    ] INFO  NoPayNotifyOrderJob    - 任务；检测未接收到或未正确处理的支付回调通知
25-02-07.15:22:15.011 [scheduling-1    ] INFO  NoPayNotifyOrderJob    - 任务；检测未接收到或未正确处理的支付回调通知
25-02-07.15:22:20.006 [scheduling-1    ] INFO  NoPayNotifyOrderJob    - 任务；检测未接收到或未正确处理的支付回调通知
25-02-07.15:22:25.004 [scheduling-1    ] INFO  NoPayNotifyOrderJob    - 任务；检测未接收到或未正确处理的支付回调通知
25-02-07.15:22:30.012 [scheduling-1    ] INFO  NoPayNotifyOrderJob    - 任务；检测未接收到或未正确处理的支付回调通知
25-02-07.15:22:35.003 [scheduling-1    ] INFO  NoPayNotifyOrderJob    - 任务；检测未接收到或未正确处理的支付回调通知
25-02-07.15:22:40.001 [scheduling-1    ] INFO  NoPayNotifyOrderJob    - 任务；检测未接收到或未正确处理的支付回调通知
25-02-07.15:22:45.005 [scheduling-1    ] INFO  NoPayNotifyOrderJob    - 任务；检测未接收到或未正确处理的支付回调通知
25-02-07.15:22:50.009 [scheduling-1    ] INFO  NoPayNotifyOrderJob    - 任务；检测未接收到或未正确处理的支付回调通知
25-02-07.15:22:55.004 [scheduling-1    ] INFO  NoPayNotifyOrderJob    - 任务；检测未接收到或未正确处理的支付回调通知
25-02-07.15:23:00.002 [scheduling-1    ] INFO  NoPayNotifyOrderJob    - 任务；检测未接收到或未正确处理的支付回调通知
25-02-07.15:23:05.008 [scheduling-1    ] INFO  NoPayNotifyOrderJob    - 任务；检测未接收到或未正确处理的支付回调通知
25-02-07.15:23:10.011 [scheduling-1    ] INFO  NoPayNotifyOrderJob    - 任务；检测未接收到或未正确处理的支付回调通知
25-02-07.15:23:15.005 [scheduling-1    ] INFO  NoPayNotifyOrderJob    - 任务；检测未接收到或未正确处理的支付回调通知
25-02-07.15:23:20.011 [scheduling-1    ] INFO  NoPayNotifyOrderJob    - 任务；检测未接收到或未正确处理的支付回调通知
25-02-07.15:23:25.014 [scheduling-1    ] INFO  NoPayNotifyOrderJob    - 任务；检测未接收到或未正确处理的支付回调通知
25-02-07.15:23:30.003 [scheduling-1    ] INFO  NoPayNotifyOrderJob    - 任务；检测未接收到或未正确处理的支付回调通知
25-02-07.15:23:35.003 [scheduling-1    ] INFO  NoPayNotifyOrderJob    - 任务；检测未接收到或未正确处理的支付回调通知
25-02-07.15:23:40.012 [scheduling-1    ] INFO  NoPayNotifyOrderJob    - 任务；检测未接收到或未正确处理的支付回调通知
25-02-07.15:23:45.014 [scheduling-1    ] INFO  NoPayNotifyOrderJob    - 任务；检测未接收到或未正确处理的支付回调通知
25-02-07.15:23:50.015 [scheduling-1    ] INFO  NoPayNotifyOrderJob    - 任务；检测未接收到或未正确处理的支付回调通知
25-02-07.15:23:55.007 [scheduling-1    ] INFO  NoPayNotifyOrderJob    - 任务；检测未接收到或未正确处理的支付回调通知
25-02-07.15:24:00.001 [scheduling-1    ] INFO  NoPayNotifyOrderJob    - 任务；检测未接收到或未正确处理的支付回调通知
25-02-07.15:24:05.011 [scheduling-1    ] INFO  NoPayNotifyOrderJob    - 任务；检测未接收到或未正确处理的支付回调通知
25-02-07.15:24:10.008 [scheduling-1    ] INFO  NoPayNotifyOrderJob    - 任务；检测未接收到或未正确处理的支付回调通知
25-02-07.15:24:15.007 [scheduling-1    ] INFO  NoPayNotifyOrderJob    - 任务；检测未接收到或未正确处理的支付回调通知
25-02-07.15:24:20.004 [scheduling-1    ] INFO  NoPayNotifyOrderJob    - 任务；检测未接收到或未正确处理的支付回调通知
25-02-07.15:24:25.002 [scheduling-1    ] INFO  NoPayNotifyOrderJob    - 任务；检测未接收到或未正确处理的支付回调通知
25-02-07.15:24:30.008 [scheduling-1    ] INFO  NoPayNotifyOrderJob    - 任务；检测未接收到或未正确处理的支付回调通知
25-02-07.15:24:35.011 [scheduling-1    ] INFO  NoPayNotifyOrderJob    - 任务；检测未接收到或未正确处理的支付回调通知
25-02-07.15:24:40.001 [scheduling-1    ] INFO  NoPayNotifyOrderJob    - 任务；检测未接收到或未正确处理的支付回调通知
25-02-07.15:24:45.015 [scheduling-1    ] INFO  NoPayNotifyOrderJob    - 任务；检测未接收到或未正确处理的支付回调通知
25-02-07.15:24:50.002 [scheduling-1    ] INFO  NoPayNotifyOrderJob    - 任务；检测未接收到或未正确处理的支付回调通知
25-02-07.15:24:55.011 [scheduling-1    ] INFO  NoPayNotifyOrderJob    - 任务；检测未接收到或未正确处理的支付回调通知
25-02-07.15:25:00.011 [scheduling-1    ] INFO  NoPayNotifyOrderJob    - 任务；检测未接收到或未正确处理的支付回调通知
25-02-07.15:25:05.013 [scheduling-1    ] INFO  NoPayNotifyOrderJob    - 任务；检测未接收到或未正确处理的支付回调通知
25-02-07.15:25:10.014 [scheduling-1    ] INFO  NoPayNotifyOrderJob    - 任务；检测未接收到或未正确处理的支付回调通知
25-02-07.15:25:15.011 [scheduling-1    ] INFO  NoPayNotifyOrderJob    - 任务；检测未接收到或未正确处理的支付回调通知
25-02-07.15:25:20.016 [scheduling-1    ] INFO  NoPayNotifyOrderJob    - 任务；检测未接收到或未正确处理的支付回调通知
25-02-07.15:25:25.013 [scheduling-1    ] INFO  NoPayNotifyOrderJob    - 任务；检测未接收到或未正确处理的支付回调通知
25-02-07.15:25:30.010 [scheduling-1    ] INFO  NoPayNotifyOrderJob    - 任务；检测未接收到或未正确处理的支付回调通知
25-02-07.15:25:35.002 [scheduling-1    ] INFO  NoPayNotifyOrderJob    - 任务；检测未接收到或未正确处理的支付回调通知
25-02-07.15:25:40.003 [scheduling-1    ] INFO  NoPayNotifyOrderJob    - 任务；检测未接收到或未正确处理的支付回调通知
25-02-07.15:25:45.014 [scheduling-1    ] INFO  NoPayNotifyOrderJob    - 任务；检测未接收到或未正确处理的支付回调通知
25-02-07.15:25:50.009 [scheduling-1    ] INFO  NoPayNotifyOrderJob    - 任务；检测未接收到或未正确处理的支付回调通知
25-02-07.15:25:55.005 [scheduling-1    ] INFO  NoPayNotifyOrderJob    - 任务；检测未接收到或未正确处理的支付回调通知
25-02-07.15:26:00.015 [scheduling-1    ] INFO  NoPayNotifyOrderJob    - 任务；检测未接收到或未正确处理的支付回调通知
25-02-07.15:26:05.014 [scheduling-1    ] INFO  NoPayNotifyOrderJob    - 任务；检测未接收到或未正确处理的支付回调通知
25-02-07.15:26:10.006 [scheduling-1    ] INFO  NoPayNotifyOrderJob    - 任务；检测未接收到或未正确处理的支付回调通知
25-02-07.15:26:15.003 [scheduling-1    ] INFO  NoPayNotifyOrderJob    - 任务；检测未接收到或未正确处理的支付回调通知
25-02-07.15:26:20.007 [scheduling-1    ] INFO  NoPayNotifyOrderJob    - 任务；检测未接收到或未正确处理的支付回调通知
25-02-07.15:26:25.015 [scheduling-1    ] INFO  NoPayNotifyOrderJob    - 任务；检测未接收到或未正确处理的支付回调通知
25-02-07.15:26:30.008 [scheduling-1    ] INFO  NoPayNotifyOrderJob    - 任务；检测未接收到或未正确处理的支付回调通知
25-02-07.15:26:35.005 [scheduling-1    ] INFO  NoPayNotifyOrderJob    - 任务；检测未接收到或未正确处理的支付回调通知
25-02-07.15:26:40.011 [scheduling-1    ] INFO  NoPayNotifyOrderJob    - 任务；检测未接收到或未正确处理的支付回调通知
25-02-07.15:26:45.003 [scheduling-1    ] INFO  NoPayNotifyOrderJob    - 任务；检测未接收到或未正确处理的支付回调通知
25-02-07.15:26:50.003 [scheduling-1    ] INFO  NoPayNotifyOrderJob    - 任务；检测未接收到或未正确处理的支付回调通知
25-02-07.15:26:55.003 [scheduling-1    ] INFO  NoPayNotifyOrderJob    - 任务；检测未接收到或未正确处理的支付回调通知
25-02-07.15:27:00.004 [scheduling-1    ] INFO  NoPayNotifyOrderJob    - 任务；检测未接收到或未正确处理的支付回调通知
25-02-07.15:27:05.015 [scheduling-1    ] INFO  NoPayNotifyOrderJob    - 任务；检测未接收到或未正确处理的支付回调通知
25-02-07.15:27:10.011 [scheduling-1    ] INFO  NoPayNotifyOrderJob    - 任务；检测未接收到或未正确处理的支付回调通知
25-02-07.15:27:15.014 [scheduling-1    ] INFO  NoPayNotifyOrderJob    - 任务；检测未接收到或未正确处理的支付回调通知
25-02-07.15:27:20.009 [scheduling-1    ] INFO  NoPayNotifyOrderJob    - 任务；检测未接收到或未正确处理的支付回调通知
25-02-07.15:27:25.012 [scheduling-1    ] INFO  NoPayNotifyOrderJob    - 任务；检测未接收到或未正确处理的支付回调通知
25-02-07.15:27:30.007 [scheduling-1    ] INFO  NoPayNotifyOrderJob    - 任务；检测未接收到或未正确处理的支付回调通知
25-02-07.15:27:35.001 [scheduling-1    ] INFO  NoPayNotifyOrderJob    - 任务；检测未接收到或未正确处理的支付回调通知
25-02-07.15:27:40.005 [scheduling-1    ] INFO  NoPayNotifyOrderJob    - 任务；检测未接收到或未正确处理的支付回调通知
25-02-07.15:27:45.005 [scheduling-1    ] INFO  NoPayNotifyOrderJob    - 任务；检测未接收到或未正确处理的支付回调通知
25-02-07.15:27:50.004 [scheduling-1    ] INFO  NoPayNotifyOrderJob    - 任务；检测未接收到或未正确处理的支付回调通知
25-02-07.15:27:55.015 [scheduling-1    ] INFO  NoPayNotifyOrderJob    - 任务；检测未接收到或未正确处理的支付回调通知
25-02-07.15:28:00.000 [scheduling-1    ] INFO  NoPayNotifyOrderJob    - 任务；检测未接收到或未正确处理的支付回调通知
25-02-07.15:28:05.014 [scheduling-1    ] INFO  NoPayNotifyOrderJob    - 任务；检测未接收到或未正确处理的支付回调通知
25-02-07.15:28:10.015 [scheduling-1    ] INFO  NoPayNotifyOrderJob    - 任务；检测未接收到或未正确处理的支付回调通知
25-02-07.15:28:15.014 [scheduling-1    ] INFO  NoPayNotifyOrderJob    - 任务；检测未接收到或未正确处理的支付回调通知
25-02-07.15:28:20.007 [scheduling-1    ] INFO  NoPayNotifyOrderJob    - 任务；检测未接收到或未正确处理的支付回调通知
25-02-07.15:28:25.012 [scheduling-1    ] INFO  NoPayNotifyOrderJob    - 任务；检测未接收到或未正确处理的支付回调通知
25-02-07.15:28:30.015 [scheduling-1    ] INFO  NoPayNotifyOrderJob    - 任务；检测未接收到或未正确处理的支付回调通知
25-02-07.15:28:35.010 [scheduling-1    ] INFO  NoPayNotifyOrderJob    - 任务；检测未接收到或未正确处理的支付回调通知
25-02-07.15:28:40.006 [scheduling-1    ] INFO  NoPayNotifyOrderJob    - 任务；检测未接收到或未正确处理的支付回调通知
25-02-07.15:28:45.002 [scheduling-1    ] INFO  NoPayNotifyOrderJob    - 任务；检测未接收到或未正确处理的支付回调通知
25-02-07.15:28:50.000 [scheduling-1    ] INFO  NoPayNotifyOrderJob    - 任务；检测未接收到或未正确处理的支付回调通知
25-02-07.15:28:55.011 [scheduling-1    ] INFO  NoPayNotifyOrderJob    - 任务；检测未接收到或未正确处理的支付回调通知
25-02-07.15:29:00.001 [scheduling-1    ] INFO  NoPayNotifyOrderJob    - 任务；检测未接收到或未正确处理的支付回调通知
25-02-07.15:29:05.006 [scheduling-1    ] INFO  NoPayNotifyOrderJob    - 任务；检测未接收到或未正确处理的支付回调通知
25-02-07.15:29:10.009 [scheduling-1    ] INFO  NoPayNotifyOrderJob    - 任务；检测未接收到或未正确处理的支付回调通知
25-02-07.15:29:15.012 [scheduling-1    ] INFO  NoPayNotifyOrderJob    - 任务；检测未接收到或未正确处理的支付回调通知
25-02-07.15:29:20.009 [scheduling-1    ] INFO  NoPayNotifyOrderJob    - 任务；检测未接收到或未正确处理的支付回调通知
25-02-07.15:29:25.002 [scheduling-1    ] INFO  NoPayNotifyOrderJob    - 任务；检测未接收到或未正确处理的支付回调通知
25-02-07.15:29:30.014 [scheduling-1    ] INFO  NoPayNotifyOrderJob    - 任务；检测未接收到或未正确处理的支付回调通知
25-02-07.15:29:35.007 [scheduling-1    ] INFO  NoPayNotifyOrderJob    - 任务；检测未接收到或未正确处理的支付回调通知
25-02-07.15:29:40.004 [scheduling-1    ] INFO  NoPayNotifyOrderJob    - 任务；检测未接收到或未正确处理的支付回调通知
25-02-07.15:29:45.008 [scheduling-1    ] INFO  NoPayNotifyOrderJob    - 任务；检测未接收到或未正确处理的支付回调通知
25-02-07.15:29:50.010 [scheduling-1    ] INFO  NoPayNotifyOrderJob    - 任务；检测未接收到或未正确处理的支付回调通知
25-02-07.15:29:55.014 [scheduling-1    ] INFO  NoPayNotifyOrderJob    - 任务；检测未接收到或未正确处理的支付回调通知
25-02-07.15:30:00.016 [scheduling-1    ] INFO  TimeoutCloseOrderJob   - 任务；超时30分钟订单关闭
25-02-07.15:30:00.021 [scheduling-1    ] INFO  TimeoutCloseOrderJob   - 定时任务，超时30分钟订单关闭，暂无超时未支付订单 orderIds is null
25-02-07.15:30:00.022 [scheduling-1    ] INFO  NoPayNotifyOrderJob    - 任务；检测未接收到或未正确处理的支付回调通知
25-02-07.15:30:05.002 [scheduling-1    ] INFO  NoPayNotifyOrderJob    - 任务；检测未接收到或未正确处理的支付回调通知
25-02-07.15:30:10.007 [scheduling-1    ] INFO  NoPayNotifyOrderJob    - 任务；检测未接收到或未正确处理的支付回调通知
25-02-07.15:30:15.015 [scheduling-1    ] INFO  NoPayNotifyOrderJob    - 任务；检测未接收到或未正确处理的支付回调通知
25-02-07.15:30:20.007 [scheduling-1    ] INFO  NoPayNotifyOrderJob    - 任务；检测未接收到或未正确处理的支付回调通知
25-02-07.15:30:25.000 [scheduling-1    ] INFO  NoPayNotifyOrderJob    - 任务；检测未接收到或未正确处理的支付回调通知
25-02-07.15:30:30.013 [scheduling-1    ] INFO  NoPayNotifyOrderJob    - 任务；检测未接收到或未正确处理的支付回调通知
25-02-07.15:30:35.001 [scheduling-1    ] INFO  NoPayNotifyOrderJob    - 任务；检测未接收到或未正确处理的支付回调通知
25-02-07.15:30:40.011 [scheduling-1    ] INFO  NoPayNotifyOrderJob    - 任务；检测未接收到或未正确处理的支付回调通知
25-02-07.15:30:45.013 [scheduling-1    ] INFO  NoPayNotifyOrderJob    - 任务；检测未接收到或未正确处理的支付回调通知
25-02-07.15:30:50.014 [scheduling-1    ] INFO  NoPayNotifyOrderJob    - 任务；检测未接收到或未正确处理的支付回调通知
25-02-07.15:30:55.010 [scheduling-1    ] INFO  NoPayNotifyOrderJob    - 任务；检测未接收到或未正确处理的支付回调通知
25-02-07.15:31:00.014 [scheduling-1    ] INFO  NoPayNotifyOrderJob    - 任务；检测未接收到或未正确处理的支付回调通知
25-02-07.15:31:05.011 [scheduling-1    ] INFO  NoPayNotifyOrderJob    - 任务；检测未接收到或未正确处理的支付回调通知
25-02-07.15:31:10.010 [scheduling-1    ] INFO  NoPayNotifyOrderJob    - 任务；检测未接收到或未正确处理的支付回调通知
25-02-07.15:31:15.012 [scheduling-1    ] INFO  NoPayNotifyOrderJob    - 任务；检测未接收到或未正确处理的支付回调通知
25-02-07.15:31:20.001 [scheduling-1    ] INFO  NoPayNotifyOrderJob    - 任务；检测未接收到或未正确处理的支付回调通知
25-02-07.15:31:25.014 [scheduling-1    ] INFO  NoPayNotifyOrderJob    - 任务；检测未接收到或未正确处理的支付回调通知
25-02-07.15:31:30.004 [scheduling-1    ] INFO  NoPayNotifyOrderJob    - 任务；检测未接收到或未正确处理的支付回调通知
25-02-07.15:31:35.004 [scheduling-1    ] INFO  NoPayNotifyOrderJob    - 任务；检测未接收到或未正确处理的支付回调通知
25-02-07.15:31:40.015 [scheduling-1    ] INFO  NoPayNotifyOrderJob    - 任务；检测未接收到或未正确处理的支付回调通知
25-02-07.15:31:45.002 [scheduling-1    ] INFO  NoPayNotifyOrderJob    - 任务；检测未接收到或未正确处理的支付回调通知
25-02-07.15:31:50.003 [scheduling-1    ] INFO  NoPayNotifyOrderJob    - 任务；检测未接收到或未正确处理的支付回调通知
25-02-07.15:31:55.014 [scheduling-1    ] INFO  NoPayNotifyOrderJob    - 任务；检测未接收到或未正确处理的支付回调通知
25-02-07.15:32:00.008 [scheduling-1    ] INFO  NoPayNotifyOrderJob    - 任务；检测未接收到或未正确处理的支付回调通知
25-02-07.15:32:05.003 [scheduling-1    ] INFO  NoPayNotifyOrderJob    - 任务；检测未接收到或未正确处理的支付回调通知
25-02-07.15:32:10.012 [scheduling-1    ] INFO  NoPayNotifyOrderJob    - 任务；检测未接收到或未正确处理的支付回调通知
25-02-07.15:32:15.011 [scheduling-1    ] INFO  NoPayNotifyOrderJob    - 任务；检测未接收到或未正确处理的支付回调通知
25-02-07.15:32:20.001 [scheduling-1    ] INFO  NoPayNotifyOrderJob    - 任务；检测未接收到或未正确处理的支付回调通知
25-02-07.15:32:25.015 [scheduling-1    ] INFO  NoPayNotifyOrderJob    - 任务；检测未接收到或未正确处理的支付回调通知
25-02-07.15:32:30.015 [scheduling-1    ] INFO  NoPayNotifyOrderJob    - 任务；检测未接收到或未正确处理的支付回调通知
25-02-07.15:32:35.010 [scheduling-1    ] INFO  NoPayNotifyOrderJob    - 任务；检测未接收到或未正确处理的支付回调通知
25-02-07.15:32:40.009 [scheduling-1    ] INFO  NoPayNotifyOrderJob    - 任务；检测未接收到或未正确处理的支付回调通知
25-02-07.15:32:45.009 [scheduling-1    ] INFO  NoPayNotifyOrderJob    - 任务；检测未接收到或未正确处理的支付回调通知
25-02-07.15:32:50.012 [scheduling-1    ] INFO  NoPayNotifyOrderJob    - 任务；检测未接收到或未正确处理的支付回调通知
25-02-07.15:32:55.007 [scheduling-1    ] INFO  NoPayNotifyOrderJob    - 任务；检测未接收到或未正确处理的支付回调通知
25-02-07.15:33:00.009 [scheduling-1    ] INFO  NoPayNotifyOrderJob    - 任务；检测未接收到或未正确处理的支付回调通知
25-02-07.15:33:05.012 [scheduling-1    ] INFO  NoPayNotifyOrderJob    - 任务；检测未接收到或未正确处理的支付回调通知
25-02-07.15:33:10.012 [scheduling-1    ] INFO  NoPayNotifyOrderJob    - 任务；检测未接收到或未正确处理的支付回调通知
25-02-07.15:33:15.013 [scheduling-1    ] INFO  NoPayNotifyOrderJob    - 任务；检测未接收到或未正确处理的支付回调通知
25-02-07.15:33:20.005 [scheduling-1    ] INFO  NoPayNotifyOrderJob    - 任务；检测未接收到或未正确处理的支付回调通知
25-02-07.15:33:25.013 [scheduling-1    ] INFO  NoPayNotifyOrderJob    - 任务；检测未接收到或未正确处理的支付回调通知
25-02-07.15:33:30.001 [scheduling-1    ] INFO  NoPayNotifyOrderJob    - 任务；检测未接收到或未正确处理的支付回调通知
25-02-07.15:33:35.014 [scheduling-1    ] INFO  NoPayNotifyOrderJob    - 任务；检测未接收到或未正确处理的支付回调通知
25-02-07.15:33:40.005 [scheduling-1    ] INFO  NoPayNotifyOrderJob    - 任务；检测未接收到或未正确处理的支付回调通知
25-02-07.15:33:45.014 [scheduling-1    ] INFO  NoPayNotifyOrderJob    - 任务；检测未接收到或未正确处理的支付回调通知
25-02-07.15:33:50.007 [scheduling-1    ] INFO  NoPayNotifyOrderJob    - 任务；检测未接收到或未正确处理的支付回调通知
25-02-07.15:33:55.013 [scheduling-1    ] INFO  NoPayNotifyOrderJob    - 任务；检测未接收到或未正确处理的支付回调通知
25-02-07.15:34:00.002 [scheduling-1    ] INFO  NoPayNotifyOrderJob    - 任务；检测未接收到或未正确处理的支付回调通知
25-02-07.15:34:05.005 [scheduling-1    ] INFO  NoPayNotifyOrderJob    - 任务；检测未接收到或未正确处理的支付回调通知
25-02-07.15:34:10.014 [scheduling-1    ] INFO  NoPayNotifyOrderJob    - 任务；检测未接收到或未正确处理的支付回调通知
25-02-07.15:34:15.013 [scheduling-1    ] INFO  NoPayNotifyOrderJob    - 任务；检测未接收到或未正确处理的支付回调通知
25-02-07.15:34:20.004 [scheduling-1    ] INFO  NoPayNotifyOrderJob    - 任务；检测未接收到或未正确处理的支付回调通知
25-02-07.15:34:25.005 [scheduling-1    ] INFO  NoPayNotifyOrderJob    - 任务；检测未接收到或未正确处理的支付回调通知
25-02-07.15:34:30.007 [scheduling-1    ] INFO  NoPayNotifyOrderJob    - 任务；检测未接收到或未正确处理的支付回调通知
25-02-07.15:34:35.014 [scheduling-1    ] INFO  NoPayNotifyOrderJob    - 任务；检测未接收到或未正确处理的支付回调通知
25-02-07.15:34:40.014 [scheduling-1    ] INFO  NoPayNotifyOrderJob    - 任务；检测未接收到或未正确处理的支付回调通知
25-02-07.15:34:45.005 [scheduling-1    ] INFO  NoPayNotifyOrderJob    - 任务；检测未接收到或未正确处理的支付回调通知
25-02-07.15:34:50.011 [scheduling-1    ] INFO  NoPayNotifyOrderJob    - 任务；检测未接收到或未正确处理的支付回调通知
25-02-07.15:34:55.004 [scheduling-1    ] INFO  NoPayNotifyOrderJob    - 任务；检测未接收到或未正确处理的支付回调通知
25-02-07.15:35:00.009 [scheduling-1    ] INFO  NoPayNotifyOrderJob    - 任务；检测未接收到或未正确处理的支付回调通知
25-02-07.15:35:05.001 [scheduling-1    ] INFO  NoPayNotifyOrderJob    - 任务；检测未接收到或未正确处理的支付回调通知
25-02-07.15:35:10.002 [scheduling-1    ] INFO  NoPayNotifyOrderJob    - 任务；检测未接收到或未正确处理的支付回调通知
25-02-07.15:35:15.015 [scheduling-1    ] INFO  NoPayNotifyOrderJob    - 任务；检测未接收到或未正确处理的支付回调通知
25-02-07.15:35:20.005 [scheduling-1    ] INFO  NoPayNotifyOrderJob    - 任务；检测未接收到或未正确处理的支付回调通知
25-02-07.15:35:25.004 [scheduling-1    ] INFO  NoPayNotifyOrderJob    - 任务；检测未接收到或未正确处理的支付回调通知
25-02-07.15:35:30.012 [scheduling-1    ] INFO  NoPayNotifyOrderJob    - 任务；检测未接收到或未正确处理的支付回调通知
25-02-07.15:35:35.012 [scheduling-1    ] INFO  NoPayNotifyOrderJob    - 任务；检测未接收到或未正确处理的支付回调通知
25-02-07.15:35:40.004 [scheduling-1    ] INFO  NoPayNotifyOrderJob    - 任务；检测未接收到或未正确处理的支付回调通知
25-02-07.15:35:45.003 [scheduling-1    ] INFO  NoPayNotifyOrderJob    - 任务；检测未接收到或未正确处理的支付回调通知
25-02-07.15:35:50.005 [scheduling-1    ] INFO  NoPayNotifyOrderJob    - 任务；检测未接收到或未正确处理的支付回调通知
25-02-07.15:35:55.014 [scheduling-1    ] INFO  NoPayNotifyOrderJob    - 任务；检测未接收到或未正确处理的支付回调通知
25-02-07.15:36:00.013 [scheduling-1    ] INFO  NoPayNotifyOrderJob    - 任务；检测未接收到或未正确处理的支付回调通知
25-02-07.15:36:05.010 [scheduling-1    ] INFO  NoPayNotifyOrderJob    - 任务；检测未接收到或未正确处理的支付回调通知
25-02-07.15:36:10.004 [scheduling-1    ] INFO  NoPayNotifyOrderJob    - 任务；检测未接收到或未正确处理的支付回调通知
25-02-07.15:36:15.007 [scheduling-1    ] INFO  NoPayNotifyOrderJob    - 任务；检测未接收到或未正确处理的支付回调通知
25-02-07.15:36:20.007 [scheduling-1    ] INFO  NoPayNotifyOrderJob    - 任务；检测未接收到或未正确处理的支付回调通知
25-02-07.15:36:25.008 [scheduling-1    ] INFO  NoPayNotifyOrderJob    - 任务；检测未接收到或未正确处理的支付回调通知
25-02-07.15:36:30.000 [scheduling-1    ] INFO  NoPayNotifyOrderJob    - 任务；检测未接收到或未正确处理的支付回调通知
25-02-07.15:36:35.011 [scheduling-1    ] INFO  NoPayNotifyOrderJob    - 任务；检测未接收到或未正确处理的支付回调通知
25-02-07.15:36:40.005 [scheduling-1    ] INFO  NoPayNotifyOrderJob    - 任务；检测未接收到或未正确处理的支付回调通知
25-02-07.15:36:45.011 [scheduling-1    ] INFO  NoPayNotifyOrderJob    - 任务；检测未接收到或未正确处理的支付回调通知
25-02-07.15:36:50.014 [scheduling-1    ] INFO  NoPayNotifyOrderJob    - 任务；检测未接收到或未正确处理的支付回调通知
25-02-07.15:36:55.009 [scheduling-1    ] INFO  NoPayNotifyOrderJob    - 任务；检测未接收到或未正确处理的支付回调通知
25-02-07.15:37:00.013 [scheduling-1    ] INFO  NoPayNotifyOrderJob    - 任务；检测未接收到或未正确处理的支付回调通知
25-02-07.15:37:05.004 [scheduling-1    ] INFO  NoPayNotifyOrderJob    - 任务；检测未接收到或未正确处理的支付回调通知
25-02-07.15:37:10.007 [scheduling-1    ] INFO  NoPayNotifyOrderJob    - 任务；检测未接收到或未正确处理的支付回调通知
25-02-07.15:37:15.005 [scheduling-1    ] INFO  NoPayNotifyOrderJob    - 任务；检测未接收到或未正确处理的支付回调通知
25-02-07.15:37:20.011 [scheduling-1    ] INFO  NoPayNotifyOrderJob    - 任务；检测未接收到或未正确处理的支付回调通知
25-02-07.15:37:25.003 [scheduling-1    ] INFO  NoPayNotifyOrderJob    - 任务；检测未接收到或未正确处理的支付回调通知
25-02-07.15:37:30.004 [scheduling-1    ] INFO  NoPayNotifyOrderJob    - 任务；检测未接收到或未正确处理的支付回调通知
25-02-07.15:37:35.011 [scheduling-1    ] INFO  NoPayNotifyOrderJob    - 任务；检测未接收到或未正确处理的支付回调通知
25-02-07.15:37:40.012 [scheduling-1    ] INFO  NoPayNotifyOrderJob    - 任务；检测未接收到或未正确处理的支付回调通知
25-02-07.15:37:45.007 [scheduling-1    ] INFO  NoPayNotifyOrderJob    - 任务；检测未接收到或未正确处理的支付回调通知
25-02-07.15:37:50.004 [scheduling-1    ] INFO  NoPayNotifyOrderJob    - 任务；检测未接收到或未正确处理的支付回调通知
25-02-07.15:37:55.014 [scheduling-1    ] INFO  NoPayNotifyOrderJob    - 任务；检测未接收到或未正确处理的支付回调通知
25-02-07.15:38:00.014 [scheduling-1    ] INFO  NoPayNotifyOrderJob    - 任务；检测未接收到或未正确处理的支付回调通知
25-02-07.15:38:05.009 [scheduling-1    ] INFO  NoPayNotifyOrderJob    - 任务；检测未接收到或未正确处理的支付回调通知
25-02-07.15:38:10.015 [scheduling-1    ] INFO  NoPayNotifyOrderJob    - 任务；检测未接收到或未正确处理的支付回调通知
25-02-07.15:38:15.000 [scheduling-1    ] INFO  NoPayNotifyOrderJob    - 任务；检测未接收到或未正确处理的支付回调通知
25-02-07.15:38:20.013 [scheduling-1    ] INFO  NoPayNotifyOrderJob    - 任务；检测未接收到或未正确处理的支付回调通知
25-02-07.15:38:25.008 [scheduling-1    ] INFO  NoPayNotifyOrderJob    - 任务；检测未接收到或未正确处理的支付回调通知
25-02-07.15:38:30.006 [scheduling-1    ] INFO  NoPayNotifyOrderJob    - 任务；检测未接收到或未正确处理的支付回调通知
25-02-07.15:38:35.006 [scheduling-1    ] INFO  NoPayNotifyOrderJob    - 任务；检测未接收到或未正确处理的支付回调通知
25-02-07.15:38:40.010 [scheduling-1    ] INFO  NoPayNotifyOrderJob    - 任务；检测未接收到或未正确处理的支付回调通知
25-02-07.15:38:45.001 [scheduling-1    ] INFO  NoPayNotifyOrderJob    - 任务；检测未接收到或未正确处理的支付回调通知
25-02-07.15:38:50.007 [scheduling-1    ] INFO  NoPayNotifyOrderJob    - 任务；检测未接收到或未正确处理的支付回调通知
25-02-07.15:38:55.006 [scheduling-1    ] INFO  NoPayNotifyOrderJob    - 任务；检测未接收到或未正确处理的支付回调通知
25-02-07.15:39:00.013 [scheduling-1    ] INFO  NoPayNotifyOrderJob    - 任务；检测未接收到或未正确处理的支付回调通知
25-02-07.15:39:05.006 [scheduling-1    ] INFO  NoPayNotifyOrderJob    - 任务；检测未接收到或未正确处理的支付回调通知
25-02-07.15:39:10.006 [scheduling-1    ] INFO  NoPayNotifyOrderJob    - 任务；检测未接收到或未正确处理的支付回调通知
25-02-07.15:39:15.004 [scheduling-1    ] INFO  NoPayNotifyOrderJob    - 任务；检测未接收到或未正确处理的支付回调通知
25-02-07.15:39:20.006 [scheduling-1    ] INFO  NoPayNotifyOrderJob    - 任务；检测未接收到或未正确处理的支付回调通知
25-02-07.15:39:25.015 [scheduling-1    ] INFO  NoPayNotifyOrderJob    - 任务；检测未接收到或未正确处理的支付回调通知
25-02-07.15:39:30.006 [scheduling-1    ] INFO  NoPayNotifyOrderJob    - 任务；检测未接收到或未正确处理的支付回调通知
25-02-07.15:39:35.005 [scheduling-1    ] INFO  NoPayNotifyOrderJob    - 任务；检测未接收到或未正确处理的支付回调通知
25-02-07.15:39:40.009 [scheduling-1    ] INFO  NoPayNotifyOrderJob    - 任务；检测未接收到或未正确处理的支付回调通知
25-02-07.15:39:45.015 [scheduling-1    ] INFO  NoPayNotifyOrderJob    - 任务；检测未接收到或未正确处理的支付回调通知
25-02-07.15:39:50.003 [scheduling-1    ] INFO  NoPayNotifyOrderJob    - 任务；检测未接收到或未正确处理的支付回调通知
25-02-07.15:39:55.009 [scheduling-1    ] INFO  NoPayNotifyOrderJob    - 任务；检测未接收到或未正确处理的支付回调通知
25-02-07.15:40:00.008 [scheduling-1    ] INFO  NoPayNotifyOrderJob    - 任务；检测未接收到或未正确处理的支付回调通知
25-02-07.15:40:00.018 [scheduling-1    ] INFO  TimeoutCloseOrderJob   - 任务；超时30分钟订单关闭
25-02-07.15:40:00.023 [scheduling-1    ] INFO  TimeoutCloseOrderJob   - 定时任务，超时30分钟订单关闭，暂无超时未支付订单 orderIds is null
25-02-07.15:40:05.002 [scheduling-1    ] INFO  NoPayNotifyOrderJob    - 任务；检测未接收到或未正确处理的支付回调通知
25-02-07.15:40:10.012 [scheduling-1    ] INFO  NoPayNotifyOrderJob    - 任务；检测未接收到或未正确处理的支付回调通知
25-02-07.15:40:15.010 [scheduling-1    ] INFO  NoPayNotifyOrderJob    - 任务；检测未接收到或未正确处理的支付回调通知
25-02-07.15:40:20.013 [scheduling-1    ] INFO  NoPayNotifyOrderJob    - 任务；检测未接收到或未正确处理的支付回调通知
25-02-07.15:40:25.002 [scheduling-1    ] INFO  NoPayNotifyOrderJob    - 任务；检测未接收到或未正确处理的支付回调通知
25-02-07.15:40:30.005 [scheduling-1    ] INFO  NoPayNotifyOrderJob    - 任务；检测未接收到或未正确处理的支付回调通知
25-02-07.15:40:35.004 [scheduling-1    ] INFO  NoPayNotifyOrderJob    - 任务；检测未接收到或未正确处理的支付回调通知
25-02-07.15:40:40.009 [scheduling-1    ] INFO  NoPayNotifyOrderJob    - 任务；检测未接收到或未正确处理的支付回调通知
25-02-07.15:40:45.014 [scheduling-1    ] INFO  NoPayNotifyOrderJob    - 任务；检测未接收到或未正确处理的支付回调通知
25-02-07.15:40:50.012 [scheduling-1    ] INFO  NoPayNotifyOrderJob    - 任务；检测未接收到或未正确处理的支付回调通知
25-02-07.15:40:55.005 [scheduling-1    ] INFO  NoPayNotifyOrderJob    - 任务；检测未接收到或未正确处理的支付回调通知
25-02-07.15:41:00.010 [scheduling-1    ] INFO  NoPayNotifyOrderJob    - 任务；检测未接收到或未正确处理的支付回调通知
25-02-07.15:41:05.012 [scheduling-1    ] INFO  NoPayNotifyOrderJob    - 任务；检测未接收到或未正确处理的支付回调通知
25-02-07.15:41:10.013 [scheduling-1    ] INFO  NoPayNotifyOrderJob    - 任务；检测未接收到或未正确处理的支付回调通知
25-02-07.15:41:15.009 [scheduling-1    ] INFO  NoPayNotifyOrderJob    - 任务；检测未接收到或未正确处理的支付回调通知
25-02-07.15:41:20.016 [scheduling-1    ] INFO  NoPayNotifyOrderJob    - 任务；检测未接收到或未正确处理的支付回调通知
25-02-07.15:41:25.015 [scheduling-1    ] INFO  NoPayNotifyOrderJob    - 任务；检测未接收到或未正确处理的支付回调通知
25-02-07.15:41:30.012 [scheduling-1    ] INFO  NoPayNotifyOrderJob    - 任务；检测未接收到或未正确处理的支付回调通知
25-02-07.15:41:35.000 [scheduling-1    ] INFO  NoPayNotifyOrderJob    - 任务；检测未接收到或未正确处理的支付回调通知
25-02-07.15:41:40.003 [scheduling-1    ] INFO  NoPayNotifyOrderJob    - 任务；检测未接收到或未正确处理的支付回调通知
25-02-07.15:41:45.007 [scheduling-1    ] INFO  NoPayNotifyOrderJob    - 任务；检测未接收到或未正确处理的支付回调通知
25-02-07.15:41:50.009 [scheduling-1    ] INFO  NoPayNotifyOrderJob    - 任务；检测未接收到或未正确处理的支付回调通知
25-02-07.15:41:55.006 [scheduling-1    ] INFO  NoPayNotifyOrderJob    - 任务；检测未接收到或未正确处理的支付回调通知
25-02-07.15:42:00.013 [scheduling-1    ] INFO  NoPayNotifyOrderJob    - 任务；检测未接收到或未正确处理的支付回调通知
25-02-07.15:42:05.009 [scheduling-1    ] INFO  NoPayNotifyOrderJob    - 任务；检测未接收到或未正确处理的支付回调通知
25-02-07.15:42:10.001 [scheduling-1    ] INFO  NoPayNotifyOrderJob    - 任务；检测未接收到或未正确处理的支付回调通知
25-02-07.15:42:15.011 [scheduling-1    ] INFO  NoPayNotifyOrderJob    - 任务；检测未接收到或未正确处理的支付回调通知
25-02-07.15:42:20.011 [scheduling-1    ] INFO  NoPayNotifyOrderJob    - 任务；检测未接收到或未正确处理的支付回调通知
25-02-07.15:42:25.013 [scheduling-1    ] INFO  NoPayNotifyOrderJob    - 任务；检测未接收到或未正确处理的支付回调通知
25-02-07.15:42:30.010 [scheduling-1    ] INFO  NoPayNotifyOrderJob    - 任务；检测未接收到或未正确处理的支付回调通知
25-02-07.15:42:35.003 [scheduling-1    ] INFO  NoPayNotifyOrderJob    - 任务；检测未接收到或未正确处理的支付回调通知
25-02-07.15:42:40.015 [scheduling-1    ] INFO  NoPayNotifyOrderJob    - 任务；检测未接收到或未正确处理的支付回调通知
25-02-07.15:42:45.009 [scheduling-1    ] INFO  NoPayNotifyOrderJob    - 任务；检测未接收到或未正确处理的支付回调通知
25-02-07.15:42:50.004 [scheduling-1    ] INFO  NoPayNotifyOrderJob    - 任务；检测未接收到或未正确处理的支付回调通知
25-02-07.15:42:55.001 [scheduling-1    ] INFO  NoPayNotifyOrderJob    - 任务；检测未接收到或未正确处理的支付回调通知
25-02-07.15:43:00.013 [scheduling-1    ] INFO  NoPayNotifyOrderJob    - 任务；检测未接收到或未正确处理的支付回调通知
25-02-07.15:43:05.012 [scheduling-1    ] INFO  NoPayNotifyOrderJob    - 任务；检测未接收到或未正确处理的支付回调通知
25-02-07.15:43:10.012 [scheduling-1    ] INFO  NoPayNotifyOrderJob    - 任务；检测未接收到或未正确处理的支付回调通知
25-02-07.15:43:15.003 [scheduling-1    ] INFO  NoPayNotifyOrderJob    - 任务；检测未接收到或未正确处理的支付回调通知
25-02-07.15:43:20.011 [scheduling-1    ] INFO  NoPayNotifyOrderJob    - 任务；检测未接收到或未正确处理的支付回调通知
25-02-07.15:43:25.009 [scheduling-1    ] INFO  NoPayNotifyOrderJob    - 任务；检测未接收到或未正确处理的支付回调通知
25-02-07.15:43:30.014 [scheduling-1    ] INFO  NoPayNotifyOrderJob    - 任务；检测未接收到或未正确处理的支付回调通知
25-02-07.15:43:35.000 [scheduling-1    ] INFO  NoPayNotifyOrderJob    - 任务；检测未接收到或未正确处理的支付回调通知
25-02-07.15:43:40.012 [scheduling-1    ] INFO  NoPayNotifyOrderJob    - 任务；检测未接收到或未正确处理的支付回调通知
25-02-07.15:43:45.016 [scheduling-1    ] INFO  NoPayNotifyOrderJob    - 任务；检测未接收到或未正确处理的支付回调通知
25-02-07.15:43:50.009 [scheduling-1    ] INFO  NoPayNotifyOrderJob    - 任务；检测未接收到或未正确处理的支付回调通知
25-02-07.15:43:55.006 [scheduling-1    ] INFO  NoPayNotifyOrderJob    - 任务；检测未接收到或未正确处理的支付回调通知
25-02-07.15:44:00.015 [scheduling-1    ] INFO  NoPayNotifyOrderJob    - 任务；检测未接收到或未正确处理的支付回调通知
25-02-07.15:44:05.009 [scheduling-1    ] INFO  NoPayNotifyOrderJob    - 任务；检测未接收到或未正确处理的支付回调通知
25-02-07.15:44:10.014 [scheduling-1    ] INFO  NoPayNotifyOrderJob    - 任务；检测未接收到或未正确处理的支付回调通知
25-02-07.15:44:15.007 [scheduling-1    ] INFO  NoPayNotifyOrderJob    - 任务；检测未接收到或未正确处理的支付回调通知
25-02-07.15:44:20.003 [scheduling-1    ] INFO  NoPayNotifyOrderJob    - 任务；检测未接收到或未正确处理的支付回调通知
25-02-07.15:44:25.012 [scheduling-1    ] INFO  NoPayNotifyOrderJob    - 任务；检测未接收到或未正确处理的支付回调通知
25-02-07.15:44:30.007 [scheduling-1    ] INFO  NoPayNotifyOrderJob    - 任务；检测未接收到或未正确处理的支付回调通知
25-02-07.15:44:35.005 [scheduling-1    ] INFO  NoPayNotifyOrderJob    - 任务；检测未接收到或未正确处理的支付回调通知
25-02-07.15:44:40.007 [scheduling-1    ] INFO  NoPayNotifyOrderJob    - 任务；检测未接收到或未正确处理的支付回调通知
25-02-07.15:44:45.008 [scheduling-1    ] INFO  NoPayNotifyOrderJob    - 任务；检测未接收到或未正确处理的支付回调通知
25-02-07.15:44:50.016 [scheduling-1    ] INFO  NoPayNotifyOrderJob    - 任务；检测未接收到或未正确处理的支付回调通知
25-02-07.15:44:55.014 [scheduling-1    ] INFO  NoPayNotifyOrderJob    - 任务；检测未接收到或未正确处理的支付回调通知
25-02-07.15:45:00.005 [scheduling-1    ] INFO  NoPayNotifyOrderJob    - 任务；检测未接收到或未正确处理的支付回调通知
25-02-07.15:45:05.013 [scheduling-1    ] INFO  NoPayNotifyOrderJob    - 任务；检测未接收到或未正确处理的支付回调通知
25-02-07.15:45:10.011 [scheduling-1    ] INFO  NoPayNotifyOrderJob    - 任务；检测未接收到或未正确处理的支付回调通知
25-02-07.15:45:15.011 [scheduling-1    ] INFO  NoPayNotifyOrderJob    - 任务；检测未接收到或未正确处理的支付回调通知
25-02-07.15:45:20.007 [scheduling-1    ] INFO  NoPayNotifyOrderJob    - 任务；检测未接收到或未正确处理的支付回调通知
25-02-07.15:45:25.002 [scheduling-1    ] INFO  NoPayNotifyOrderJob    - 任务；检测未接收到或未正确处理的支付回调通知
25-02-07.15:45:30.007 [scheduling-1    ] INFO  NoPayNotifyOrderJob    - 任务；检测未接收到或未正确处理的支付回调通知
25-02-07.15:45:35.005 [scheduling-1    ] INFO  NoPayNotifyOrderJob    - 任务；检测未接收到或未正确处理的支付回调通知
25-02-07.15:45:40.008 [scheduling-1    ] INFO  NoPayNotifyOrderJob    - 任务；检测未接收到或未正确处理的支付回调通知
25-02-07.15:45:45.003 [scheduling-1    ] INFO  NoPayNotifyOrderJob    - 任务；检测未接收到或未正确处理的支付回调通知
25-02-07.15:45:50.001 [scheduling-1    ] INFO  NoPayNotifyOrderJob    - 任务；检测未接收到或未正确处理的支付回调通知
25-02-07.15:45:55.013 [scheduling-1    ] INFO  NoPayNotifyOrderJob    - 任务；检测未接收到或未正确处理的支付回调通知
25-02-07.15:46:00.007 [scheduling-1    ] INFO  NoPayNotifyOrderJob    - 任务；检测未接收到或未正确处理的支付回调通知
25-02-07.15:46:05.005 [scheduling-1    ] INFO  NoPayNotifyOrderJob    - 任务；检测未接收到或未正确处理的支付回调通知
25-02-07.15:46:10.008 [scheduling-1    ] INFO  NoPayNotifyOrderJob    - 任务；检测未接收到或未正确处理的支付回调通知
25-02-07.15:46:15.004 [scheduling-1    ] INFO  NoPayNotifyOrderJob    - 任务；检测未接收到或未正确处理的支付回调通知
25-02-07.15:46:20.004 [scheduling-1    ] INFO  NoPayNotifyOrderJob    - 任务；检测未接收到或未正确处理的支付回调通知
25-02-07.15:46:25.005 [scheduling-1    ] INFO  NoPayNotifyOrderJob    - 任务；检测未接收到或未正确处理的支付回调通知
25-02-07.15:46:30.002 [scheduling-1    ] INFO  NoPayNotifyOrderJob    - 任务；检测未接收到或未正确处理的支付回调通知
25-02-07.15:46:35.014 [scheduling-1    ] INFO  NoPayNotifyOrderJob    - 任务；检测未接收到或未正确处理的支付回调通知
25-02-07.15:46:40.008 [scheduling-1    ] INFO  NoPayNotifyOrderJob    - 任务；检测未接收到或未正确处理的支付回调通知
25-02-07.15:46:45.015 [scheduling-1    ] INFO  NoPayNotifyOrderJob    - 任务；检测未接收到或未正确处理的支付回调通知
25-02-07.15:46:50.009 [scheduling-1    ] INFO  NoPayNotifyOrderJob    - 任务；检测未接收到或未正确处理的支付回调通知
25-02-07.15:46:55.005 [scheduling-1    ] INFO  NoPayNotifyOrderJob    - 任务；检测未接收到或未正确处理的支付回调通知
25-02-07.15:47:00.012 [scheduling-1    ] INFO  NoPayNotifyOrderJob    - 任务；检测未接收到或未正确处理的支付回调通知
25-02-07.15:47:05.011 [scheduling-1    ] INFO  NoPayNotifyOrderJob    - 任务；检测未接收到或未正确处理的支付回调通知
25-02-07.15:47:10.003 [scheduling-1    ] INFO  NoPayNotifyOrderJob    - 任务；检测未接收到或未正确处理的支付回调通知
25-02-07.15:47:15.004 [scheduling-1    ] INFO  NoPayNotifyOrderJob    - 任务；检测未接收到或未正确处理的支付回调通知
25-02-07.15:47:20.014 [scheduling-1    ] INFO  NoPayNotifyOrderJob    - 任务；检测未接收到或未正确处理的支付回调通知
25-02-07.15:47:25.016 [scheduling-1    ] INFO  NoPayNotifyOrderJob    - 任务；检测未接收到或未正确处理的支付回调通知
25-02-07.15:47:30.010 [scheduling-1    ] INFO  NoPayNotifyOrderJob    - 任务；检测未接收到或未正确处理的支付回调通知
25-02-07.15:47:35.010 [scheduling-1    ] INFO  NoPayNotifyOrderJob    - 任务；检测未接收到或未正确处理的支付回调通知
25-02-07.15:47:40.001 [scheduling-1    ] INFO  NoPayNotifyOrderJob    - 任务；检测未接收到或未正确处理的支付回调通知
25-02-07.15:47:45.010 [scheduling-1    ] INFO  NoPayNotifyOrderJob    - 任务；检测未接收到或未正确处理的支付回调通知
25-02-07.15:47:50.011 [scheduling-1    ] INFO  NoPayNotifyOrderJob    - 任务；检测未接收到或未正确处理的支付回调通知
25-02-07.15:47:55.003 [scheduling-1    ] INFO  NoPayNotifyOrderJob    - 任务；检测未接收到或未正确处理的支付回调通知
25-02-07.15:48:00.002 [scheduling-1    ] INFO  NoPayNotifyOrderJob    - 任务；检测未接收到或未正确处理的支付回调通知
25-02-07.15:48:05.003 [scheduling-1    ] INFO  NoPayNotifyOrderJob    - 任务；检测未接收到或未正确处理的支付回调通知
25-02-07.15:48:10.005 [scheduling-1    ] INFO  NoPayNotifyOrderJob    - 任务；检测未接收到或未正确处理的支付回调通知
25-02-07.15:48:15.014 [scheduling-1    ] INFO  NoPayNotifyOrderJob    - 任务；检测未接收到或未正确处理的支付回调通知
25-02-07.15:48:20.009 [scheduling-1    ] INFO  NoPayNotifyOrderJob    - 任务；检测未接收到或未正确处理的支付回调通知
25-02-07.15:48:25.014 [scheduling-1    ] INFO  NoPayNotifyOrderJob    - 任务；检测未接收到或未正确处理的支付回调通知
25-02-07.15:48:30.002 [scheduling-1    ] INFO  NoPayNotifyOrderJob    - 任务；检测未接收到或未正确处理的支付回调通知
25-02-07.15:48:35.007 [scheduling-1    ] INFO  NoPayNotifyOrderJob    - 任务；检测未接收到或未正确处理的支付回调通知
25-02-07.15:48:40.008 [scheduling-1    ] INFO  NoPayNotifyOrderJob    - 任务；检测未接收到或未正确处理的支付回调通知
25-02-07.15:48:45.014 [scheduling-1    ] INFO  NoPayNotifyOrderJob    - 任务；检测未接收到或未正确处理的支付回调通知
25-02-07.15:48:50.008 [scheduling-1    ] INFO  NoPayNotifyOrderJob    - 任务；检测未接收到或未正确处理的支付回调通知
25-02-07.15:48:55.006 [scheduling-1    ] INFO  NoPayNotifyOrderJob    - 任务；检测未接收到或未正确处理的支付回调通知
25-02-07.15:49:00.005 [scheduling-1    ] INFO  NoPayNotifyOrderJob    - 任务；检测未接收到或未正确处理的支付回调通知
25-02-07.15:49:05.013 [scheduling-1    ] INFO  NoPayNotifyOrderJob    - 任务；检测未接收到或未正确处理的支付回调通知
25-02-07.15:49:10.007 [scheduling-1    ] INFO  NoPayNotifyOrderJob    - 任务；检测未接收到或未正确处理的支付回调通知
25-02-07.15:49:15.009 [scheduling-1    ] INFO  NoPayNotifyOrderJob    - 任务；检测未接收到或未正确处理的支付回调通知
25-02-07.15:49:20.012 [scheduling-1    ] INFO  NoPayNotifyOrderJob    - 任务；检测未接收到或未正确处理的支付回调通知
25-02-07.15:49:25.011 [scheduling-1    ] INFO  NoPayNotifyOrderJob    - 任务；检测未接收到或未正确处理的支付回调通知
25-02-07.15:49:30.008 [scheduling-1    ] INFO  NoPayNotifyOrderJob    - 任务；检测未接收到或未正确处理的支付回调通知
25-02-07.15:49:35.008 [scheduling-1    ] INFO  NoPayNotifyOrderJob    - 任务；检测未接收到或未正确处理的支付回调通知
25-02-07.15:49:40.004 [scheduling-1    ] INFO  NoPayNotifyOrderJob    - 任务；检测未接收到或未正确处理的支付回调通知
25-02-07.15:49:45.010 [scheduling-1    ] INFO  NoPayNotifyOrderJob    - 任务；检测未接收到或未正确处理的支付回调通知
25-02-07.15:49:50.005 [scheduling-1    ] INFO  NoPayNotifyOrderJob    - 任务；检测未接收到或未正确处理的支付回调通知
25-02-07.15:49:55.004 [scheduling-1    ] INFO  NoPayNotifyOrderJob    - 任务；检测未接收到或未正确处理的支付回调通知
25-02-07.15:50:00.007 [scheduling-1    ] INFO  TimeoutCloseOrderJob   - 任务；超时30分钟订单关闭
25-02-07.15:50:00.013 [scheduling-1    ] INFO  TimeoutCloseOrderJob   - 定时任务，超时30分钟订单关闭，暂无超时未支付订单 orderIds is null
25-02-07.15:50:00.014 [scheduling-1    ] INFO  NoPayNotifyOrderJob    - 任务；检测未接收到或未正确处理的支付回调通知
25-02-07.15:50:05.008 [scheduling-1    ] INFO  NoPayNotifyOrderJob    - 任务；检测未接收到或未正确处理的支付回调通知
25-02-07.15:50:10.002 [scheduling-1    ] INFO  NoPayNotifyOrderJob    - 任务；检测未接收到或未正确处理的支付回调通知
25-02-07.15:50:15.014 [scheduling-1    ] INFO  NoPayNotifyOrderJob    - 任务；检测未接收到或未正确处理的支付回调通知
25-02-07.15:50:20.003 [scheduling-1    ] INFO  NoPayNotifyOrderJob    - 任务；检测未接收到或未正确处理的支付回调通知
25-02-07.15:50:25.014 [scheduling-1    ] INFO  NoPayNotifyOrderJob    - 任务；检测未接收到或未正确处理的支付回调通知
25-02-07.15:50:30.003 [scheduling-1    ] INFO  NoPayNotifyOrderJob    - 任务；检测未接收到或未正确处理的支付回调通知
25-02-07.15:50:35.006 [scheduling-1    ] INFO  NoPayNotifyOrderJob    - 任务；检测未接收到或未正确处理的支付回调通知
25-02-07.15:50:40.009 [scheduling-1    ] INFO  NoPayNotifyOrderJob    - 任务；检测未接收到或未正确处理的支付回调通知
25-02-07.15:50:45.002 [scheduling-1    ] INFO  NoPayNotifyOrderJob    - 任务；检测未接收到或未正确处理的支付回调通知
25-02-07.15:50:50.005 [scheduling-1    ] INFO  NoPayNotifyOrderJob    - 任务；检测未接收到或未正确处理的支付回调通知
25-02-07.15:50:55.004 [scheduling-1    ] INFO  NoPayNotifyOrderJob    - 任务；检测未接收到或未正确处理的支付回调通知
25-02-07.15:51:00.009 [scheduling-1    ] INFO  NoPayNotifyOrderJob    - 任务；检测未接收到或未正确处理的支付回调通知
25-02-07.15:51:05.012 [scheduling-1    ] INFO  NoPayNotifyOrderJob    - 任务；检测未接收到或未正确处理的支付回调通知
25-02-07.15:51:10.001 [scheduling-1    ] INFO  NoPayNotifyOrderJob    - 任务；检测未接收到或未正确处理的支付回调通知
25-02-07.15:51:15.003 [scheduling-1    ] INFO  NoPayNotifyOrderJob    - 任务；检测未接收到或未正确处理的支付回调通知
25-02-07.15:51:20.014 [scheduling-1    ] INFO  NoPayNotifyOrderJob    - 任务；检测未接收到或未正确处理的支付回调通知
25-02-07.15:51:25.007 [scheduling-1    ] INFO  NoPayNotifyOrderJob    - 任务；检测未接收到或未正确处理的支付回调通知
25-02-07.15:51:30.004 [scheduling-1    ] INFO  NoPayNotifyOrderJob    - 任务；检测未接收到或未正确处理的支付回调通知
25-02-07.15:51:35.014 [scheduling-1    ] INFO  NoPayNotifyOrderJob    - 任务；检测未接收到或未正确处理的支付回调通知
25-02-07.15:51:40.014 [scheduling-1    ] INFO  NoPayNotifyOrderJob    - 任务；检测未接收到或未正确处理的支付回调通知
25-02-07.15:51:45.007 [scheduling-1    ] INFO  NoPayNotifyOrderJob    - 任务；检测未接收到或未正确处理的支付回调通知
25-02-07.15:51:50.016 [scheduling-1    ] INFO  NoPayNotifyOrderJob    - 任务；检测未接收到或未正确处理的支付回调通知
25-02-07.15:51:55.005 [scheduling-1    ] INFO  NoPayNotifyOrderJob    - 任务；检测未接收到或未正确处理的支付回调通知
25-02-07.15:52:00.003 [scheduling-1    ] INFO  NoPayNotifyOrderJob    - 任务；检测未接收到或未正确处理的支付回调通知
25-02-07.15:52:05.003 [scheduling-1    ] INFO  NoPayNotifyOrderJob    - 任务；检测未接收到或未正确处理的支付回调通知
25-02-07.15:52:10.015 [scheduling-1    ] INFO  NoPayNotifyOrderJob    - 任务；检测未接收到或未正确处理的支付回调通知
25-02-07.15:52:15.006 [scheduling-1    ] INFO  NoPayNotifyOrderJob    - 任务；检测未接收到或未正确处理的支付回调通知
25-02-07.15:52:20.005 [scheduling-1    ] INFO  NoPayNotifyOrderJob    - 任务；检测未接收到或未正确处理的支付回调通知
25-02-07.15:52:25.002 [scheduling-1    ] INFO  NoPayNotifyOrderJob    - 任务；检测未接收到或未正确处理的支付回调通知
25-02-07.15:52:30.010 [scheduling-1    ] INFO  NoPayNotifyOrderJob    - 任务；检测未接收到或未正确处理的支付回调通知
25-02-07.15:52:35.006 [scheduling-1    ] INFO  NoPayNotifyOrderJob    - 任务；检测未接收到或未正确处理的支付回调通知
25-02-07.15:52:40.015 [scheduling-1    ] INFO  NoPayNotifyOrderJob    - 任务；检测未接收到或未正确处理的支付回调通知
25-02-07.15:52:45.006 [scheduling-1    ] INFO  NoPayNotifyOrderJob    - 任务；检测未接收到或未正确处理的支付回调通知
25-02-07.15:52:50.009 [scheduling-1    ] INFO  NoPayNotifyOrderJob    - 任务；检测未接收到或未正确处理的支付回调通知
25-02-07.15:52:55.003 [scheduling-1    ] INFO  NoPayNotifyOrderJob    - 任务；检测未接收到或未正确处理的支付回调通知
25-02-07.15:53:00.008 [scheduling-1    ] INFO  NoPayNotifyOrderJob    - 任务；检测未接收到或未正确处理的支付回调通知
25-02-07.15:53:05.011 [scheduling-1    ] INFO  NoPayNotifyOrderJob    - 任务；检测未接收到或未正确处理的支付回调通知
25-02-07.15:53:10.011 [scheduling-1    ] INFO  NoPayNotifyOrderJob    - 任务；检测未接收到或未正确处理的支付回调通知
25-02-07.15:53:15.002 [scheduling-1    ] INFO  NoPayNotifyOrderJob    - 任务；检测未接收到或未正确处理的支付回调通知
25-02-07.15:53:20.004 [scheduling-1    ] INFO  NoPayNotifyOrderJob    - 任务；检测未接收到或未正确处理的支付回调通知
25-02-07.15:53:25.003 [scheduling-1    ] INFO  NoPayNotifyOrderJob    - 任务；检测未接收到或未正确处理的支付回调通知
25-02-07.15:53:30.009 [scheduling-1    ] INFO  NoPayNotifyOrderJob    - 任务；检测未接收到或未正确处理的支付回调通知
25-02-07.15:53:35.007 [scheduling-1    ] INFO  NoPayNotifyOrderJob    - 任务；检测未接收到或未正确处理的支付回调通知
25-02-07.15:53:40.005 [scheduling-1    ] INFO  NoPayNotifyOrderJob    - 任务；检测未接收到或未正确处理的支付回调通知
25-02-07.15:53:45.000 [scheduling-1    ] INFO  NoPayNotifyOrderJob    - 任务；检测未接收到或未正确处理的支付回调通知
25-02-07.15:53:50.004 [scheduling-1    ] INFO  NoPayNotifyOrderJob    - 任务；检测未接收到或未正确处理的支付回调通知
25-02-07.15:53:55.003 [scheduling-1    ] INFO  NoPayNotifyOrderJob    - 任务；检测未接收到或未正确处理的支付回调通知
25-02-07.15:54:00.004 [scheduling-1    ] INFO  NoPayNotifyOrderJob    - 任务；检测未接收到或未正确处理的支付回调通知
25-02-07.15:54:05.001 [scheduling-1    ] INFO  NoPayNotifyOrderJob    - 任务；检测未接收到或未正确处理的支付回调通知
25-02-07.15:54:10.015 [scheduling-1    ] INFO  NoPayNotifyOrderJob    - 任务；检测未接收到或未正确处理的支付回调通知
25-02-07.15:54:15.010 [scheduling-1    ] INFO  NoPayNotifyOrderJob    - 任务；检测未接收到或未正确处理的支付回调通知
25-02-07.15:54:20.003 [scheduling-1    ] INFO  NoPayNotifyOrderJob    - 任务；检测未接收到或未正确处理的支付回调通知
25-02-07.15:54:25.009 [scheduling-1    ] INFO  NoPayNotifyOrderJob    - 任务；检测未接收到或未正确处理的支付回调通知
25-02-07.15:54:25.741 [SpringApplicationShutdownHook] INFO  HikariDataSource       - HikariPool-1 - Shutdown initiated...
25-02-07.15:54:25.773 [SpringApplicationShutdownHook] INFO  HikariDataSource       - HikariPool-1 - Shutdown completed.
25-02-07.17:01:57.237 [main            ] INFO  Application            - Starting Application using Java 1.8.0_431 on DESKTOP-CBM2HV2 with PID 8952 (D:\Workspace\s-pay-mall-qiusu\s-pay-mall-controller\target\classes started by zqiusu in D:\Workspace\s-pay-mall-qiusu)
25-02-07.17:01:57.243 [main            ] INFO  Application            - The following 1 profile is active: "dev"
25-02-07.17:02:00.219 [main            ] INFO  TomcatWebServer        - Tomcat initialized with port(s): 8080 (http)
25-02-07.17:02:00.233 [main            ] INFO  Http11NioProtocol      - Initializing ProtocolHandler ["http-nio-8080"]
25-02-07.17:02:00.234 [main            ] INFO  StandardService        - Starting service [Tomcat]
25-02-07.17:02:00.234 [main            ] INFO  StandardEngine         - Starting Servlet engine: [Apache Tomcat/9.0.75]
25-02-07.17:02:00.628 [main            ] INFO  [/]                    - Initializing Spring embedded WebApplicationContext
25-02-07.17:02:00.628 [main            ] INFO  ServletWebServerApplicationContext - Root WebApplicationContext: initialization completed in 3240 ms
25-02-07.17:02:02.965 [main            ] INFO  Http11NioProtocol      - Starting ProtocolHandler ["http-nio-8080"]
25-02-07.17:02:03.004 [main            ] INFO  TomcatWebServer        - Tomcat started on port(s): 8080 (http) with context path ''
25-02-07.17:02:03.025 [main            ] INFO  Application            - Started Application in 6.979 seconds (JVM running for 8.614)
25-02-07.17:02:05.012 [scheduling-1    ] INFO  NoPayNotifyOrderJob    - 任务；检测未接收到或未正确处理的支付回调通知
25-02-07.17:02:05.045 [scheduling-1    ] INFO  HikariDataSource       - HikariPool-1 - Starting...
25-02-07.17:02:16.289 [scheduling-1    ] ERROR HikariPool             - HikariPool-1 - Exception during pool initialization.
java.sql.SQLNonTransientConnectionException: Could not create connection to database server. Attempted reconnect 3 times. Giving up.
	at com.mysql.cj.jdbc.exceptions.SQLError.createSQLException(SQLError.java:110)
	at com.mysql.cj.jdbc.exceptions.SQLError.createSQLException(SQLError.java:97)
	at com.mysql.cj.jdbc.exceptions.SQLError.createSQLException(SQLError.java:89)
	at com.mysql.cj.jdbc.exceptions.SQLError.createSQLException(SQLError.java:63)
	at com.mysql.cj.jdbc.exceptions.SQLError.createSQLException(SQLError.java:73)
	at com.mysql.cj.jdbc.ConnectionImpl.connectWithRetries(ConnectionImpl.java:903)
	at com.mysql.cj.jdbc.ConnectionImpl.createNewIO(ConnectionImpl.java:828)
	at com.mysql.cj.jdbc.ConnectionImpl.<init>(ConnectionImpl.java:453)
	at com.mysql.cj.jdbc.ConnectionImpl.getInstance(ConnectionImpl.java:246)
	at com.mysql.cj.jdbc.NonRegisteringDriver.connect(NonRegisteringDriver.java:198)
	at com.zaxxer.hikari.util.DriverDataSource.getConnection(DriverDataSource.java:138)
	at com.zaxxer.hikari.pool.PoolBase.newConnection(PoolBase.java:364)
	at com.zaxxer.hikari.pool.PoolBase.newPoolEntry(PoolBase.java:206)
	at com.zaxxer.hikari.pool.HikariPool.createPoolEntry(HikariPool.java:476)
	at com.zaxxer.hikari.pool.HikariPool.checkFailFast(HikariPool.java:561)
	at com.zaxxer.hikari.pool.HikariPool.<init>(HikariPool.java:115)
	at com.zaxxer.hikari.HikariDataSource.getConnection(HikariDataSource.java:112)
	at org.springframework.jdbc.datasource.DataSourceUtils.fetchConnection(DataSourceUtils.java:159)
	at org.springframework.jdbc.datasource.DataSourceUtils.doGetConnection(DataSourceUtils.java:117)
	at org.springframework.jdbc.datasource.DataSourceUtils.getConnection(DataSourceUtils.java:80)
	at org.mybatis.spring.transaction.SpringManagedTransaction.openConnection(SpringManagedTransaction.java:80)
	at org.mybatis.spring.transaction.SpringManagedTransaction.getConnection(SpringManagedTransaction.java:67)
	at org.apache.ibatis.executor.BaseExecutor.getConnection(BaseExecutor.java:337)
	at org.apache.ibatis.executor.SimpleExecutor.prepareStatement(SimpleExecutor.java:86)
	at org.apache.ibatis.executor.SimpleExecutor.doQuery(SimpleExecutor.java:62)
	at org.apache.ibatis.executor.BaseExecutor.queryFromDatabase(BaseExecutor.java:325)
	at org.apache.ibatis.executor.BaseExecutor.query(BaseExecutor.java:156)
	at org.apache.ibatis.executor.CachingExecutor.query(CachingExecutor.java:109)
	at org.apache.ibatis.executor.CachingExecutor.query(CachingExecutor.java:89)
	at org.apache.ibatis.session.defaults.DefaultSqlSession.selectList(DefaultSqlSession.java:147)
	at org.apache.ibatis.session.defaults.DefaultSqlSession.selectList(DefaultSqlSession.java:140)
	at sun.reflect.NativeMethodAccessorImpl.invoke0(Native Method)
	at sun.reflect.NativeMethodAccessorImpl.invoke(NativeMethodAccessorImpl.java:62)
	at sun.reflect.DelegatingMethodAccessorImpl.invoke(DelegatingMethodAccessorImpl.java:43)
	at java.lang.reflect.Method.invoke(Method.java:498)
	at org.mybatis.spring.SqlSessionTemplate$SqlSessionInterceptor.invoke(SqlSessionTemplate.java:427)
	at com.sun.proxy.$Proxy69.selectList(Unknown Source)
	at org.mybatis.spring.SqlSessionTemplate.selectList(SqlSessionTemplate.java:224)
	at org.apache.ibatis.binding.MapperMethod.executeForMany(MapperMethod.java:147)
	at org.apache.ibatis.binding.MapperMethod.execute(MapperMethod.java:80)
	at org.apache.ibatis.binding.MapperProxy$PlainMethodInvoker.invoke(MapperProxy.java:152)
	at org.apache.ibatis.binding.MapperProxy.invoke(MapperProxy.java:85)
	at com.sun.proxy.$Proxy70.queryNoPayNotifyOrder(Unknown Source)
	at org.example.service.impl.OrderServiceImpl.queryNoPayNotifyOrder(OrderServiceImpl.java:107)
	at org.example.job.NoPayNotifyOrderJob.exec(NoPayNotifyOrderJob.java:29)
	at sun.reflect.NativeMethodAccessorImpl.invoke0(Native Method)
	at sun.reflect.NativeMethodAccessorImpl.invoke(NativeMethodAccessorImpl.java:62)
	at sun.reflect.DelegatingMethodAccessorImpl.invoke(DelegatingMethodAccessorImpl.java:43)
	at java.lang.reflect.Method.invoke(Method.java:498)
	at org.springframework.scheduling.support.ScheduledMethodRunnable.run(ScheduledMethodRunnable.java:84)
	at org.springframework.scheduling.support.DelegatingErrorHandlingRunnable.run(DelegatingErrorHandlingRunnable.java:54)
	at org.springframework.scheduling.concurrent.ReschedulingRunnable.run(ReschedulingRunnable.java:95)
	at java.util.concurrent.Executors$RunnableAdapter.call(Executors.java:511)
	at java.util.concurrent.FutureTask.run$$$capture(FutureTask.java:266)
	at java.util.concurrent.FutureTask.run(FutureTask.java)
	at java.util.concurrent.ScheduledThreadPoolExecutor$ScheduledFutureTask.access$201(ScheduledThreadPoolExecutor.java:180)
	at java.util.concurrent.ScheduledThreadPoolExecutor$ScheduledFutureTask.run(ScheduledThreadPoolExecutor.java:293)
	at java.util.concurrent.ThreadPoolExecutor.runWorker(ThreadPoolExecutor.java:1149)
	at java.util.concurrent.ThreadPoolExecutor$Worker.run(ThreadPoolExecutor.java:624)
	at java.lang.Thread.run(Thread.java:750)
Caused by: com.mysql.cj.exceptions.CJCommunicationsException: Communications link failure

The last packet sent successfully to the server was 0 milliseconds ago. The driver has not received any packets from the server.
	at sun.reflect.NativeConstructorAccessorImpl.newInstance0(Native Method)
	at sun.reflect.NativeConstructorAccessorImpl.newInstance(NativeConstructorAccessorImpl.java:62)
	at sun.reflect.DelegatingConstructorAccessorImpl.newInstance(DelegatingConstructorAccessorImpl.java:45)
	at java.lang.reflect.Constructor.newInstance(Constructor.java:423)
	at com.mysql.cj.exceptions.ExceptionFactory.createException(ExceptionFactory.java:61)
	at com.mysql.cj.exceptions.ExceptionFactory.createException(ExceptionFactory.java:105)
	at com.mysql.cj.exceptions.ExceptionFactory.createException(ExceptionFactory.java:151)
	at com.mysql.cj.exceptions.ExceptionFactory.createCommunicationsException(ExceptionFactory.java:167)
	at com.mysql.cj.protocol.a.NativeSocketConnection.connect(NativeSocketConnection.java:89)
	at com.mysql.cj.NativeSession.connect(NativeSession.java:144)
	at com.mysql.cj.jdbc.ConnectionImpl.connectWithRetries(ConnectionImpl.java:847)
	... 54 common frames omitted
Caused by: java.net.ConnectException: Connection refused: connect
	at java.net.DualStackPlainSocketImpl.waitForConnect(Native Method)
	at java.net.DualStackPlainSocketImpl.socketConnect(DualStackPlainSocketImpl.java:81)
	at java.net.AbstractPlainSocketImpl.doConnect(AbstractPlainSocketImpl.java:476)
	at java.net.AbstractPlainSocketImpl.connectToAddress(AbstractPlainSocketImpl.java:218)
	at java.net.AbstractPlainSocketImpl.connect(AbstractPlainSocketImpl.java:200)
	at java.net.PlainSocketImpl.connect(PlainSocketImpl.java:162)
	at java.net.SocksSocketImpl.connect(SocksSocketImpl.java:394)
	at java.net.Socket.connect(Socket.java:606)
	at com.mysql.cj.protocol.StandardSocketFactory.connect(StandardSocketFactory.java:155)
	at com.mysql.cj.protocol.a.NativeSocketConnection.connect(NativeSocketConnection.java:63)
	... 56 common frames omitted
25-02-07.17:02:16.293 [scheduling-1    ] ERROR NoPayNotifyOrderJob    - 检测未接收到或未正确处理的支付回调通知失败
org.mybatis.spring.MyBatisSystemException: nested exception is org.apache.ibatis.exceptions.PersistenceException: 
### Error querying database.  Cause: org.springframework.jdbc.CannotGetJdbcConnectionException: Failed to obtain JDBC Connection; nested exception is java.sql.SQLNonTransientConnectionException: Could not create connection to database server. Attempted reconnect 3 times. Giving up.
### The error may exist in file [D:\Workspace\s-pay-mall-qiusu\s-pay-mall-controller\target\classes\mybatis\mapper\pay_order_mapper.xml]
### The error may involve org.example.dao.IOrderDao.queryNoPayNotifyOrder
### The error occurred while executing a query
### Cause: org.springframework.jdbc.CannotGetJdbcConnectionException: Failed to obtain JDBC Connection; nested exception is java.sql.SQLNonTransientConnectionException: Could not create connection to database server. Attempted reconnect 3 times. Giving up.
	at org.mybatis.spring.MyBatisExceptionTranslator.translateExceptionIfPossible(MyBatisExceptionTranslator.java:96)
	at org.mybatis.spring.SqlSessionTemplate$SqlSessionInterceptor.invoke(SqlSessionTemplate.java:441)
	at com.sun.proxy.$Proxy69.selectList(Unknown Source)
	at org.mybatis.spring.SqlSessionTemplate.selectList(SqlSessionTemplate.java:224)
	at org.apache.ibatis.binding.MapperMethod.executeForMany(MapperMethod.java:147)
	at org.apache.ibatis.binding.MapperMethod.execute(MapperMethod.java:80)
	at org.apache.ibatis.binding.MapperProxy$PlainMethodInvoker.invoke(MapperProxy.java:152)
	at org.apache.ibatis.binding.MapperProxy.invoke(MapperProxy.java:85)
	at com.sun.proxy.$Proxy70.queryNoPayNotifyOrder(Unknown Source)
	at org.example.service.impl.OrderServiceImpl.queryNoPayNotifyOrder(OrderServiceImpl.java:107)
	at org.example.job.NoPayNotifyOrderJob.exec(NoPayNotifyOrderJob.java:29)
	at sun.reflect.NativeMethodAccessorImpl.invoke0(Native Method)
	at sun.reflect.NativeMethodAccessorImpl.invoke(NativeMethodAccessorImpl.java:62)
	at sun.reflect.DelegatingMethodAccessorImpl.invoke(DelegatingMethodAccessorImpl.java:43)
	at java.lang.reflect.Method.invoke(Method.java:498)
	at org.springframework.scheduling.support.ScheduledMethodRunnable.run(ScheduledMethodRunnable.java:84)
	at org.springframework.scheduling.support.DelegatingErrorHandlingRunnable.run(DelegatingErrorHandlingRunnable.java:54)
	at org.springframework.scheduling.concurrent.ReschedulingRunnable.run(ReschedulingRunnable.java:95)
	at java.util.concurrent.Executors$RunnableAdapter.call(Executors.java:511)
	at java.util.concurrent.FutureTask.run$$$capture(FutureTask.java:266)
	at java.util.concurrent.FutureTask.run(FutureTask.java)
	at java.util.concurrent.ScheduledThreadPoolExecutor$ScheduledFutureTask.access$201(ScheduledThreadPoolExecutor.java:180)
	at java.util.concurrent.ScheduledThreadPoolExecutor$ScheduledFutureTask.run(ScheduledThreadPoolExecutor.java:293)
	at java.util.concurrent.ThreadPoolExecutor.runWorker(ThreadPoolExecutor.java:1149)
	at java.util.concurrent.ThreadPoolExecutor$Worker.run(ThreadPoolExecutor.java:624)
	at java.lang.Thread.run(Thread.java:750)
Caused by: org.apache.ibatis.exceptions.PersistenceException: 
### Error querying database.  Cause: org.springframework.jdbc.CannotGetJdbcConnectionException: Failed to obtain JDBC Connection; nested exception is java.sql.SQLNonTransientConnectionException: Could not create connection to database server. Attempted reconnect 3 times. Giving up.
### The error may exist in file [D:\Workspace\s-pay-mall-qiusu\s-pay-mall-controller\target\classes\mybatis\mapper\pay_order_mapper.xml]
### The error may involve org.example.dao.IOrderDao.queryNoPayNotifyOrder
### The error occurred while executing a query
### Cause: org.springframework.jdbc.CannotGetJdbcConnectionException: Failed to obtain JDBC Connection; nested exception is java.sql.SQLNonTransientConnectionException: Could not create connection to database server. Attempted reconnect 3 times. Giving up.
	at org.apache.ibatis.exceptions.ExceptionFactory.wrapException(ExceptionFactory.java:30)
	at org.apache.ibatis.session.defaults.DefaultSqlSession.selectList(DefaultSqlSession.java:149)
	at org.apache.ibatis.session.defaults.DefaultSqlSession.selectList(DefaultSqlSession.java:140)
	at sun.reflect.NativeMethodAccessorImpl.invoke0(Native Method)
	at sun.reflect.NativeMethodAccessorImpl.invoke(NativeMethodAccessorImpl.java:62)
	at sun.reflect.DelegatingMethodAccessorImpl.invoke(DelegatingMethodAccessorImpl.java:43)
	at java.lang.reflect.Method.invoke(Method.java:498)
	at org.mybatis.spring.SqlSessionTemplate$SqlSessionInterceptor.invoke(SqlSessionTemplate.java:427)
	... 24 common frames omitted
Caused by: org.springframework.jdbc.CannotGetJdbcConnectionException: Failed to obtain JDBC Connection; nested exception is java.sql.SQLNonTransientConnectionException: Could not create connection to database server. Attempted reconnect 3 times. Giving up.
	at org.springframework.jdbc.datasource.DataSourceUtils.getConnection(DataSourceUtils.java:83)
	at org.mybatis.spring.transaction.SpringManagedTransaction.openConnection(SpringManagedTransaction.java:80)
	at org.mybatis.spring.transaction.SpringManagedTransaction.getConnection(SpringManagedTransaction.java:67)
	at org.apache.ibatis.executor.BaseExecutor.getConnection(BaseExecutor.java:337)
	at org.apache.ibatis.executor.SimpleExecutor.prepareStatement(SimpleExecutor.java:86)
	at org.apache.ibatis.executor.SimpleExecutor.doQuery(SimpleExecutor.java:62)
	at org.apache.ibatis.executor.BaseExecutor.queryFromDatabase(BaseExecutor.java:325)
	at org.apache.ibatis.executor.BaseExecutor.query(BaseExecutor.java:156)
	at org.apache.ibatis.executor.CachingExecutor.query(CachingExecutor.java:109)
	at org.apache.ibatis.executor.CachingExecutor.query(CachingExecutor.java:89)
	at org.apache.ibatis.session.defaults.DefaultSqlSession.selectList(DefaultSqlSession.java:147)
	... 30 common frames omitted
Caused by: java.sql.SQLNonTransientConnectionException: Could not create connection to database server. Attempted reconnect 3 times. Giving up.
	at com.mysql.cj.jdbc.exceptions.SQLError.createSQLException(SQLError.java:110)
	at com.mysql.cj.jdbc.exceptions.SQLError.createSQLException(SQLError.java:97)
	at com.mysql.cj.jdbc.exceptions.SQLError.createSQLException(SQLError.java:89)
	at com.mysql.cj.jdbc.exceptions.SQLError.createSQLException(SQLError.java:63)
	at com.mysql.cj.jdbc.exceptions.SQLError.createSQLException(SQLError.java:73)
	at com.mysql.cj.jdbc.ConnectionImpl.connectWithRetries(ConnectionImpl.java:903)
	at com.mysql.cj.jdbc.ConnectionImpl.createNewIO(ConnectionImpl.java:828)
	at com.mysql.cj.jdbc.ConnectionImpl.<init>(ConnectionImpl.java:453)
	at com.mysql.cj.jdbc.ConnectionImpl.getInstance(ConnectionImpl.java:246)
	at com.mysql.cj.jdbc.NonRegisteringDriver.connect(NonRegisteringDriver.java:198)
	at com.zaxxer.hikari.util.DriverDataSource.getConnection(DriverDataSource.java:138)
	at com.zaxxer.hikari.pool.PoolBase.newConnection(PoolBase.java:364)
	at com.zaxxer.hikari.pool.PoolBase.newPoolEntry(PoolBase.java:206)
	at com.zaxxer.hikari.pool.HikariPool.createPoolEntry(HikariPool.java:476)
	at com.zaxxer.hikari.pool.HikariPool.checkFailFast(HikariPool.java:561)
	at com.zaxxer.hikari.pool.HikariPool.<init>(HikariPool.java:115)
	at com.zaxxer.hikari.HikariDataSource.getConnection(HikariDataSource.java:112)
	at org.springframework.jdbc.datasource.DataSourceUtils.fetchConnection(DataSourceUtils.java:159)
	at org.springframework.jdbc.datasource.DataSourceUtils.doGetConnection(DataSourceUtils.java:117)
	at org.springframework.jdbc.datasource.DataSourceUtils.getConnection(DataSourceUtils.java:80)
	... 40 common frames omitted
Caused by: com.mysql.cj.exceptions.CJCommunicationsException: Communications link failure

The last packet sent successfully to the server was 0 milliseconds ago. The driver has not received any packets from the server.
	at sun.reflect.NativeConstructorAccessorImpl.newInstance0(Native Method)
	at sun.reflect.NativeConstructorAccessorImpl.newInstance(NativeConstructorAccessorImpl.java:62)
	at sun.reflect.DelegatingConstructorAccessorImpl.newInstance(DelegatingConstructorAccessorImpl.java:45)
	at java.lang.reflect.Constructor.newInstance(Constructor.java:423)
	at com.mysql.cj.exceptions.ExceptionFactory.createException(ExceptionFactory.java:61)
	at com.mysql.cj.exceptions.ExceptionFactory.createException(ExceptionFactory.java:105)
	at com.mysql.cj.exceptions.ExceptionFactory.createException(ExceptionFactory.java:151)
	at com.mysql.cj.exceptions.ExceptionFactory.createCommunicationsException(ExceptionFactory.java:167)
	at com.mysql.cj.protocol.a.NativeSocketConnection.connect(NativeSocketConnection.java:89)
	at com.mysql.cj.NativeSession.connect(NativeSession.java:144)
	at com.mysql.cj.jdbc.ConnectionImpl.connectWithRetries(ConnectionImpl.java:847)
	... 54 common frames omitted
Caused by: java.net.ConnectException: Connection refused: connect
	at java.net.DualStackPlainSocketImpl.waitForConnect(Native Method)
	at java.net.DualStackPlainSocketImpl.socketConnect(DualStackPlainSocketImpl.java:81)
	at java.net.AbstractPlainSocketImpl.doConnect(AbstractPlainSocketImpl.java:476)
	at java.net.AbstractPlainSocketImpl.connectToAddress(AbstractPlainSocketImpl.java:218)
	at java.net.AbstractPlainSocketImpl.connect(AbstractPlainSocketImpl.java:200)
	at java.net.PlainSocketImpl.connect(PlainSocketImpl.java:162)
	at java.net.SocksSocketImpl.connect(SocksSocketImpl.java:394)
	at java.net.Socket.connect(Socket.java:606)
	at com.mysql.cj.protocol.StandardSocketFactory.connect(StandardSocketFactory.java:155)
	at com.mysql.cj.protocol.a.NativeSocketConnection.connect(NativeSocketConnection.java:63)
	... 56 common frames omitted
25-02-07.17:02:20.002 [scheduling-1    ] INFO  NoPayNotifyOrderJob    - 任务；检测未接收到或未正确处理的支付回调通知
25-02-07.17:02:20.002 [scheduling-1    ] INFO  HikariDataSource       - HikariPool-1 - Starting...
25-02-07.17:02:28.322 [http-nio-8080-exec-1] INFO  [/]                    - Initializing Spring DispatcherServlet 'dispatcherServlet'
25-02-07.17:02:28.322 [http-nio-8080-exec-1] INFO  DispatcherServlet      - Initializing Servlet 'dispatcherServlet'
25-02-07.17:02:28.323 [http-nio-8080-exec-1] INFO  DispatcherServlet      - Completed initialization in 1 ms
25-02-07.17:02:46.891 [scheduling-1    ] ERROR HikariPool             - HikariPool-1 - Exception during pool initialization.
java.sql.SQLNonTransientConnectionException: Could not create connection to database server. Attempted reconnect 3 times. Giving up.
	at com.mysql.cj.jdbc.exceptions.SQLError.createSQLException(SQLError.java:110)
	at com.mysql.cj.jdbc.exceptions.SQLError.createSQLException(SQLError.java:97)
	at com.mysql.cj.jdbc.exceptions.SQLError.createSQLException(SQLError.java:89)
	at com.mysql.cj.jdbc.exceptions.SQLError.createSQLException(SQLError.java:63)
	at com.mysql.cj.jdbc.exceptions.SQLError.createSQLException(SQLError.java:73)
	at com.mysql.cj.jdbc.ConnectionImpl.connectWithRetries(ConnectionImpl.java:903)
	at com.mysql.cj.jdbc.ConnectionImpl.createNewIO(ConnectionImpl.java:828)
	at com.mysql.cj.jdbc.ConnectionImpl.<init>(ConnectionImpl.java:453)
	at com.mysql.cj.jdbc.ConnectionImpl.getInstance(ConnectionImpl.java:246)
	at com.mysql.cj.jdbc.NonRegisteringDriver.connect(NonRegisteringDriver.java:198)
	at com.zaxxer.hikari.util.DriverDataSource.getConnection(DriverDataSource.java:138)
	at com.zaxxer.hikari.pool.PoolBase.newConnection(PoolBase.java:364)
	at com.zaxxer.hikari.pool.PoolBase.newPoolEntry(PoolBase.java:206)
	at com.zaxxer.hikari.pool.HikariPool.createPoolEntry(HikariPool.java:476)
	at com.zaxxer.hikari.pool.HikariPool.checkFailFast(HikariPool.java:561)
	at com.zaxxer.hikari.pool.HikariPool.<init>(HikariPool.java:115)
	at com.zaxxer.hikari.HikariDataSource.getConnection(HikariDataSource.java:112)
	at org.springframework.jdbc.datasource.DataSourceUtils.fetchConnection(DataSourceUtils.java:159)
	at org.springframework.jdbc.datasource.DataSourceUtils.doGetConnection(DataSourceUtils.java:117)
	at org.springframework.jdbc.datasource.DataSourceUtils.getConnection(DataSourceUtils.java:80)
	at org.mybatis.spring.transaction.SpringManagedTransaction.openConnection(SpringManagedTransaction.java:80)
	at org.mybatis.spring.transaction.SpringManagedTransaction.getConnection(SpringManagedTransaction.java:67)
	at org.apache.ibatis.executor.BaseExecutor.getConnection(BaseExecutor.java:337)
	at org.apache.ibatis.executor.SimpleExecutor.prepareStatement(SimpleExecutor.java:86)
	at org.apache.ibatis.executor.SimpleExecutor.doQuery(SimpleExecutor.java:62)
	at org.apache.ibatis.executor.BaseExecutor.queryFromDatabase(BaseExecutor.java:325)
	at org.apache.ibatis.executor.BaseExecutor.query(BaseExecutor.java:156)
	at org.apache.ibatis.executor.CachingExecutor.query(CachingExecutor.java:109)
	at org.apache.ibatis.executor.CachingExecutor.query(CachingExecutor.java:89)
	at org.apache.ibatis.session.defaults.DefaultSqlSession.selectList(DefaultSqlSession.java:147)
	at org.apache.ibatis.session.defaults.DefaultSqlSession.selectList(DefaultSqlSession.java:140)
	at sun.reflect.NativeMethodAccessorImpl.invoke0(Native Method)
	at sun.reflect.NativeMethodAccessorImpl.invoke(NativeMethodAccessorImpl.java:62)
	at sun.reflect.DelegatingMethodAccessorImpl.invoke(DelegatingMethodAccessorImpl.java:43)
	at java.lang.reflect.Method.invoke(Method.java:498)
	at org.mybatis.spring.SqlSessionTemplate$SqlSessionInterceptor.invoke(SqlSessionTemplate.java:427)
	at com.sun.proxy.$Proxy69.selectList(Unknown Source)
	at org.mybatis.spring.SqlSessionTemplate.selectList(SqlSessionTemplate.java:224)
	at org.apache.ibatis.binding.MapperMethod.executeForMany(MapperMethod.java:147)
	at org.apache.ibatis.binding.MapperMethod.execute(MapperMethod.java:80)
	at org.apache.ibatis.binding.MapperProxy$PlainMethodInvoker.invoke(MapperProxy.java:152)
	at org.apache.ibatis.binding.MapperProxy.invoke(MapperProxy.java:85)
	at com.sun.proxy.$Proxy70.queryNoPayNotifyOrder(Unknown Source)
	at org.example.service.impl.OrderServiceImpl.queryNoPayNotifyOrder(OrderServiceImpl.java:107)
	at org.example.job.NoPayNotifyOrderJob.exec(NoPayNotifyOrderJob.java:29)
	at sun.reflect.NativeMethodAccessorImpl.invoke0(Native Method)
	at sun.reflect.NativeMethodAccessorImpl.invoke(NativeMethodAccessorImpl.java:62)
	at sun.reflect.DelegatingMethodAccessorImpl.invoke(DelegatingMethodAccessorImpl.java:43)
	at java.lang.reflect.Method.invoke(Method.java:498)
	at org.springframework.scheduling.support.ScheduledMethodRunnable.run(ScheduledMethodRunnable.java:84)
	at org.springframework.scheduling.support.DelegatingErrorHandlingRunnable.run(DelegatingErrorHandlingRunnable.java:54)
	at org.springframework.scheduling.concurrent.ReschedulingRunnable.run(ReschedulingRunnable.java:95)
	at java.util.concurrent.Executors$RunnableAdapter.call(Executors.java:511)
	at java.util.concurrent.FutureTask.run$$$capture(FutureTask.java:266)
	at java.util.concurrent.FutureTask.run(FutureTask.java)
	at java.util.concurrent.ScheduledThreadPoolExecutor$ScheduledFutureTask.access$201(ScheduledThreadPoolExecutor.java:180)
	at java.util.concurrent.ScheduledThreadPoolExecutor$ScheduledFutureTask.run(ScheduledThreadPoolExecutor.java:293)
	at java.util.concurrent.ThreadPoolExecutor.runWorker(ThreadPoolExecutor.java:1149)
	at java.util.concurrent.ThreadPoolExecutor$Worker.run(ThreadPoolExecutor.java:624)
	at java.lang.Thread.run(Thread.java:750)
Caused by: com.mysql.cj.exceptions.CJCommunicationsException: Communications link failure

The last packet sent successfully to the server was 0 milliseconds ago. The driver has not received any packets from the server.
	at sun.reflect.NativeConstructorAccessorImpl.newInstance0(Native Method)
	at sun.reflect.NativeConstructorAccessorImpl.newInstance(NativeConstructorAccessorImpl.java:62)
	at sun.reflect.DelegatingConstructorAccessorImpl.newInstance(DelegatingConstructorAccessorImpl.java:45)
	at java.lang.reflect.Constructor.newInstance(Constructor.java:423)
	at com.mysql.cj.exceptions.ExceptionFactory.createException(ExceptionFactory.java:61)
	at com.mysql.cj.exceptions.ExceptionFactory.createException(ExceptionFactory.java:105)
	at com.mysql.cj.exceptions.ExceptionFactory.createException(ExceptionFactory.java:151)
	at com.mysql.cj.exceptions.ExceptionFactory.createCommunicationsException(ExceptionFactory.java:167)
	at com.mysql.cj.protocol.a.NativeSocketConnection.connect(NativeSocketConnection.java:89)
	at com.mysql.cj.NativeSession.connect(NativeSession.java:144)
	at com.mysql.cj.jdbc.ConnectionImpl.connectWithRetries(ConnectionImpl.java:847)
	... 54 common frames omitted
Caused by: java.net.ConnectException: Connection refused: connect
	at java.net.DualStackPlainSocketImpl.waitForConnect(Native Method)
	at java.net.DualStackPlainSocketImpl.socketConnect(DualStackPlainSocketImpl.java:81)
	at java.net.AbstractPlainSocketImpl.doConnect(AbstractPlainSocketImpl.java:476)
	at java.net.AbstractPlainSocketImpl.connectToAddress(AbstractPlainSocketImpl.java:218)
	at java.net.AbstractPlainSocketImpl.connect(AbstractPlainSocketImpl.java:200)
	at java.net.PlainSocketImpl.connect(PlainSocketImpl.java:162)
	at java.net.SocksSocketImpl.connect(SocksSocketImpl.java:394)
	at java.net.Socket.connect(Socket.java:606)
	at com.mysql.cj.protocol.StandardSocketFactory.connect(StandardSocketFactory.java:155)
	at com.mysql.cj.protocol.a.NativeSocketConnection.connect(NativeSocketConnection.java:63)
	... 56 common frames omitted
25-02-07.17:03:04.453 [scheduling-1    ] ERROR NoPayNotifyOrderJob    - 检测未接收到或未正确处理的支付回调通知失败
org.mybatis.spring.MyBatisSystemException: nested exception is org.apache.ibatis.exceptions.PersistenceException: 
### Error querying database.  Cause: org.springframework.jdbc.CannotGetJdbcConnectionException: Failed to obtain JDBC Connection; nested exception is java.sql.SQLNonTransientConnectionException: Could not create connection to database server. Attempted reconnect 3 times. Giving up.
### The error may exist in file [D:\Workspace\s-pay-mall-qiusu\s-pay-mall-controller\target\classes\mybatis\mapper\pay_order_mapper.xml]
### The error may involve org.example.dao.IOrderDao.queryNoPayNotifyOrder
### The error occurred while executing a query
### Cause: org.springframework.jdbc.CannotGetJdbcConnectionException: Failed to obtain JDBC Connection; nested exception is java.sql.SQLNonTransientConnectionException: Could not create connection to database server. Attempted reconnect 3 times. Giving up.
	at org.mybatis.spring.MyBatisExceptionTranslator.translateExceptionIfPossible(MyBatisExceptionTranslator.java:96)
	at org.mybatis.spring.SqlSessionTemplate$SqlSessionInterceptor.invoke(SqlSessionTemplate.java:441)
	at com.sun.proxy.$Proxy69.selectList(Unknown Source)
	at org.mybatis.spring.SqlSessionTemplate.selectList(SqlSessionTemplate.java:224)
	at org.apache.ibatis.binding.MapperMethod.executeForMany(MapperMethod.java:147)
	at org.apache.ibatis.binding.MapperMethod.execute(MapperMethod.java:80)
	at org.apache.ibatis.binding.MapperProxy$PlainMethodInvoker.invoke(MapperProxy.java:152)
	at org.apache.ibatis.binding.MapperProxy.invoke(MapperProxy.java:85)
	at com.sun.proxy.$Proxy70.queryNoPayNotifyOrder(Unknown Source)
	at org.example.service.impl.OrderServiceImpl.queryNoPayNotifyOrder(OrderServiceImpl.java:107)
	at org.example.job.NoPayNotifyOrderJob.exec(NoPayNotifyOrderJob.java:29)
	at sun.reflect.NativeMethodAccessorImpl.invoke0(Native Method)
	at sun.reflect.NativeMethodAccessorImpl.invoke(NativeMethodAccessorImpl.java:62)
	at sun.reflect.DelegatingMethodAccessorImpl.invoke(DelegatingMethodAccessorImpl.java:43)
	at java.lang.reflect.Method.invoke(Method.java:498)
	at org.springframework.scheduling.support.ScheduledMethodRunnable.run(ScheduledMethodRunnable.java:84)
	at org.springframework.scheduling.support.DelegatingErrorHandlingRunnable.run(DelegatingErrorHandlingRunnable.java:54)
	at org.springframework.scheduling.concurrent.ReschedulingRunnable.run(ReschedulingRunnable.java:95)
	at java.util.concurrent.Executors$RunnableAdapter.call(Executors.java:511)
	at java.util.concurrent.FutureTask.run$$$capture(FutureTask.java:266)
	at java.util.concurrent.FutureTask.run(FutureTask.java)
	at java.util.concurrent.ScheduledThreadPoolExecutor$ScheduledFutureTask.access$201(ScheduledThreadPoolExecutor.java:180)
	at java.util.concurrent.ScheduledThreadPoolExecutor$ScheduledFutureTask.run(ScheduledThreadPoolExecutor.java:293)
	at java.util.concurrent.ThreadPoolExecutor.runWorker(ThreadPoolExecutor.java:1149)
	at java.util.concurrent.ThreadPoolExecutor$Worker.run(ThreadPoolExecutor.java:624)
	at java.lang.Thread.run(Thread.java:750)
Caused by: org.apache.ibatis.exceptions.PersistenceException: 
### Error querying database.  Cause: org.springframework.jdbc.CannotGetJdbcConnectionException: Failed to obtain JDBC Connection; nested exception is java.sql.SQLNonTransientConnectionException: Could not create connection to database server. Attempted reconnect 3 times. Giving up.
### The error may exist in file [D:\Workspace\s-pay-mall-qiusu\s-pay-mall-controller\target\classes\mybatis\mapper\pay_order_mapper.xml]
### The error may involve org.example.dao.IOrderDao.queryNoPayNotifyOrder
### The error occurred while executing a query
### Cause: org.springframework.jdbc.CannotGetJdbcConnectionException: Failed to obtain JDBC Connection; nested exception is java.sql.SQLNonTransientConnectionException: Could not create connection to database server. Attempted reconnect 3 times. Giving up.
	at org.apache.ibatis.exceptions.ExceptionFactory.wrapException(ExceptionFactory.java:30)
	at org.apache.ibatis.session.defaults.DefaultSqlSession.selectList(DefaultSqlSession.java:149)
	at org.apache.ibatis.session.defaults.DefaultSqlSession.selectList(DefaultSqlSession.java:140)
	at sun.reflect.NativeMethodAccessorImpl.invoke0(Native Method)
	at sun.reflect.NativeMethodAccessorImpl.invoke(NativeMethodAccessorImpl.java:62)
	at sun.reflect.DelegatingMethodAccessorImpl.invoke(DelegatingMethodAccessorImpl.java:43)
	at java.lang.reflect.Method.invoke(Method.java:498)
	at org.mybatis.spring.SqlSessionTemplate$SqlSessionInterceptor.invoke(SqlSessionTemplate.java:427)
	... 24 common frames omitted
Caused by: org.springframework.jdbc.CannotGetJdbcConnectionException: Failed to obtain JDBC Connection; nested exception is java.sql.SQLNonTransientConnectionException: Could not create connection to database server. Attempted reconnect 3 times. Giving up.
	at org.springframework.jdbc.datasource.DataSourceUtils.getConnection(DataSourceUtils.java:83)
	at org.mybatis.spring.transaction.SpringManagedTransaction.openConnection(SpringManagedTransaction.java:80)
	at org.mybatis.spring.transaction.SpringManagedTransaction.getConnection(SpringManagedTransaction.java:67)
	at org.apache.ibatis.executor.BaseExecutor.getConnection(BaseExecutor.java:337)
	at org.apache.ibatis.executor.SimpleExecutor.prepareStatement(SimpleExecutor.java:86)
	at org.apache.ibatis.executor.SimpleExecutor.doQuery(SimpleExecutor.java:62)
	at org.apache.ibatis.executor.BaseExecutor.queryFromDatabase(BaseExecutor.java:325)
	at org.apache.ibatis.executor.BaseExecutor.query(BaseExecutor.java:156)
	at org.apache.ibatis.executor.CachingExecutor.query(CachingExecutor.java:109)
	at org.apache.ibatis.executor.CachingExecutor.query(CachingExecutor.java:89)
	at org.apache.ibatis.session.defaults.DefaultSqlSession.selectList(DefaultSqlSession.java:147)
	... 30 common frames omitted
Caused by: java.sql.SQLNonTransientConnectionException: Could not create connection to database server. Attempted reconnect 3 times. Giving up.
	at com.mysql.cj.jdbc.exceptions.SQLError.createSQLException(SQLError.java:110)
	at com.mysql.cj.jdbc.exceptions.SQLError.createSQLException(SQLError.java:97)
	at com.mysql.cj.jdbc.exceptions.SQLError.createSQLException(SQLError.java:89)
	at com.mysql.cj.jdbc.exceptions.SQLError.createSQLException(SQLError.java:63)
	at com.mysql.cj.jdbc.exceptions.SQLError.createSQLException(SQLError.java:73)
	at com.mysql.cj.jdbc.ConnectionImpl.connectWithRetries(ConnectionImpl.java:903)
	at com.mysql.cj.jdbc.ConnectionImpl.createNewIO(ConnectionImpl.java:828)
	at com.mysql.cj.jdbc.ConnectionImpl.<init>(ConnectionImpl.java:453)
	at com.mysql.cj.jdbc.ConnectionImpl.getInstance(ConnectionImpl.java:246)
	at com.mysql.cj.jdbc.NonRegisteringDriver.connect(NonRegisteringDriver.java:198)
	at com.zaxxer.hikari.util.DriverDataSource.getConnection(DriverDataSource.java:138)
	at com.zaxxer.hikari.pool.PoolBase.newConnection(PoolBase.java:364)
	at com.zaxxer.hikari.pool.PoolBase.newPoolEntry(PoolBase.java:206)
	at com.zaxxer.hikari.pool.HikariPool.createPoolEntry(HikariPool.java:476)
	at com.zaxxer.hikari.pool.HikariPool.checkFailFast(HikariPool.java:561)
	at com.zaxxer.hikari.pool.HikariPool.<init>(HikariPool.java:115)
	at com.zaxxer.hikari.HikariDataSource.getConnection(HikariDataSource.java:112)
	at org.springframework.jdbc.datasource.DataSourceUtils.fetchConnection(DataSourceUtils.java:159)
	at org.springframework.jdbc.datasource.DataSourceUtils.doGetConnection(DataSourceUtils.java:117)
	at org.springframework.jdbc.datasource.DataSourceUtils.getConnection(DataSourceUtils.java:80)
	... 40 common frames omitted
Caused by: com.mysql.cj.exceptions.CJCommunicationsException: Communications link failure

The last packet sent successfully to the server was 0 milliseconds ago. The driver has not received any packets from the server.
	at sun.reflect.NativeConstructorAccessorImpl.newInstance0(Native Method)
	at sun.reflect.NativeConstructorAccessorImpl.newInstance(NativeConstructorAccessorImpl.java:62)
	at sun.reflect.DelegatingConstructorAccessorImpl.newInstance(DelegatingConstructorAccessorImpl.java:45)
	at java.lang.reflect.Constructor.newInstance(Constructor.java:423)
	at com.mysql.cj.exceptions.ExceptionFactory.createException(ExceptionFactory.java:61)
	at com.mysql.cj.exceptions.ExceptionFactory.createException(ExceptionFactory.java:105)
	at com.mysql.cj.exceptions.ExceptionFactory.createException(ExceptionFactory.java:151)
	at com.mysql.cj.exceptions.ExceptionFactory.createCommunicationsException(ExceptionFactory.java:167)
	at com.mysql.cj.protocol.a.NativeSocketConnection.connect(NativeSocketConnection.java:89)
	at com.mysql.cj.NativeSession.connect(NativeSession.java:144)
	at com.mysql.cj.jdbc.ConnectionImpl.connectWithRetries(ConnectionImpl.java:847)
	... 54 common frames omitted
Caused by: java.net.ConnectException: Connection refused: connect
	at java.net.DualStackPlainSocketImpl.waitForConnect(Native Method)
	at java.net.DualStackPlainSocketImpl.socketConnect(DualStackPlainSocketImpl.java:81)
	at java.net.AbstractPlainSocketImpl.doConnect(AbstractPlainSocketImpl.java:476)
	at java.net.AbstractPlainSocketImpl.connectToAddress(AbstractPlainSocketImpl.java:218)
	at java.net.AbstractPlainSocketImpl.connect(AbstractPlainSocketImpl.java:200)
	at java.net.PlainSocketImpl.connect(PlainSocketImpl.java:162)
	at java.net.SocksSocketImpl.connect(SocksSocketImpl.java:394)
	at java.net.Socket.connect(Socket.java:606)
	at com.mysql.cj.protocol.StandardSocketFactory.connect(StandardSocketFactory.java:155)
	at com.mysql.cj.protocol.a.NativeSocketConnection.connect(NativeSocketConnection.java:63)
	... 56 common frames omitted
25-02-07.17:03:21.275 [scheduling-1    ] INFO  NoPayNotifyOrderJob    - 任务；检测未接收到或未正确处理的支付回调通知
25-02-07.17:03:25.597 [scheduling-1    ] INFO  HikariDataSource       - HikariPool-1 - Starting...
25-02-07.17:05:04.478 [http-nio-8080-exec-1] INFO  LoginController        - 生成微信扫码登录 ticket:gQHA8TwAAAAAAAAAAS5odHRwOi8vd2VpeGluLnFxLmNvbS9xLzAyaTFBUThNbzBmQUcxU1RwZHhEMU8AAgS3zKVnAwQAjScA
25-02-07.17:05:07.976 [main            ] INFO  Application            - Starting Application using Java 1.8.0_431 on DESKTOP-CBM2HV2 with PID 956 (D:\Workspace\s-pay-mall-qiusu\s-pay-mall-controller\target\classes started by zqiusu in D:\Workspace\s-pay-mall-qiusu)
25-02-07.17:05:07.980 [main            ] INFO  Application            - The following 1 profile is active: "dev"
25-02-07.17:05:09.952 [main            ] INFO  TomcatWebServer        - Tomcat initialized with port(s): 8080 (http)
25-02-07.17:05:09.964 [main            ] INFO  Http11NioProtocol      - Initializing ProtocolHandler ["http-nio-8080"]
25-02-07.17:05:09.965 [main            ] INFO  StandardService        - Starting service [Tomcat]
25-02-07.17:05:09.965 [main            ] INFO  StandardEngine         - Starting Servlet engine: [Apache Tomcat/9.0.75]
25-02-07.17:05:10.274 [main            ] INFO  [/]                    - Initializing Spring embedded WebApplicationContext
25-02-07.17:05:10.274 [main            ] INFO  ServletWebServerApplicationContext - Root WebApplicationContext: initialization completed in 2220 ms
25-02-07.17:05:12.016 [main            ] INFO  Http11NioProtocol      - Starting ProtocolHandler ["http-nio-8080"]
25-02-07.17:05:12.044 [main            ] INFO  TomcatWebServer        - Tomcat started on port(s): 8080 (http) with context path ''
25-02-07.17:05:12.059 [main            ] INFO  Application            - Started Application in 4.972 seconds (JVM running for 5.69)
25-02-07.17:05:15.016 [scheduling-1    ] INFO  NoPayNotifyOrderJob    - 任务；检测未接收到或未正确处理的支付回调通知
25-02-07.17:05:15.042 [scheduling-1    ] INFO  HikariDataSource       - HikariPool-1 - Starting...
25-02-07.17:05:18.910 [http-nio-8080-exec-3] INFO  [/]                    - Initializing Spring DispatcherServlet 'dispatcherServlet'
25-02-07.17:05:18.910 [http-nio-8080-exec-3] INFO  DispatcherServlet      - Initializing Servlet 'dispatcherServlet'
25-02-07.17:05:18.912 [http-nio-8080-exec-3] INFO  DispatcherServlet      - Completed initialization in 1 ms
25-02-07.17:05:37.774 [scheduling-1    ] ERROR HikariPool             - HikariPool-1 - Exception during pool initialization.
java.sql.SQLNonTransientConnectionException: Could not create connection to database server. Attempted reconnect 3 times. Giving up.
	at com.mysql.cj.jdbc.exceptions.SQLError.createSQLException(SQLError.java:110)
	at com.mysql.cj.jdbc.exceptions.SQLError.createSQLException(SQLError.java:97)
	at com.mysql.cj.jdbc.exceptions.SQLError.createSQLException(SQLError.java:89)
	at com.mysql.cj.jdbc.exceptions.SQLError.createSQLException(SQLError.java:63)
	at com.mysql.cj.jdbc.exceptions.SQLError.createSQLException(SQLError.java:73)
	at com.mysql.cj.jdbc.ConnectionImpl.connectWithRetries(ConnectionImpl.java:903)
	at com.mysql.cj.jdbc.ConnectionImpl.createNewIO(ConnectionImpl.java:828)
	at com.mysql.cj.jdbc.ConnectionImpl.<init>(ConnectionImpl.java:453)
	at com.mysql.cj.jdbc.ConnectionImpl.getInstance(ConnectionImpl.java:246)
	at com.mysql.cj.jdbc.NonRegisteringDriver.connect(NonRegisteringDriver.java:198)
	at com.zaxxer.hikari.util.DriverDataSource.getConnection(DriverDataSource.java:138)
	at com.zaxxer.hikari.pool.PoolBase.newConnection(PoolBase.java:364)
	at com.zaxxer.hikari.pool.PoolBase.newPoolEntry(PoolBase.java:206)
	at com.zaxxer.hikari.pool.HikariPool.createPoolEntry(HikariPool.java:476)
	at com.zaxxer.hikari.pool.HikariPool.checkFailFast(HikariPool.java:561)
	at com.zaxxer.hikari.pool.HikariPool.<init>(HikariPool.java:115)
	at com.zaxxer.hikari.HikariDataSource.getConnection(HikariDataSource.java:112)
	at org.springframework.jdbc.datasource.DataSourceUtils.fetchConnection(DataSourceUtils.java:159)
	at org.springframework.jdbc.datasource.DataSourceUtils.doGetConnection(DataSourceUtils.java:117)
	at org.springframework.jdbc.datasource.DataSourceUtils.getConnection(DataSourceUtils.java:80)
	at org.mybatis.spring.transaction.SpringManagedTransaction.openConnection(SpringManagedTransaction.java:80)
	at org.mybatis.spring.transaction.SpringManagedTransaction.getConnection(SpringManagedTransaction.java:67)
	at org.apache.ibatis.executor.BaseExecutor.getConnection(BaseExecutor.java:337)
	at org.apache.ibatis.executor.SimpleExecutor.prepareStatement(SimpleExecutor.java:86)
	at org.apache.ibatis.executor.SimpleExecutor.doQuery(SimpleExecutor.java:62)
	at org.apache.ibatis.executor.BaseExecutor.queryFromDatabase(BaseExecutor.java:325)
	at org.apache.ibatis.executor.BaseExecutor.query(BaseExecutor.java:156)
	at org.apache.ibatis.executor.CachingExecutor.query(CachingExecutor.java:109)
	at org.apache.ibatis.executor.CachingExecutor.query(CachingExecutor.java:89)
	at org.apache.ibatis.session.defaults.DefaultSqlSession.selectList(DefaultSqlSession.java:147)
	at org.apache.ibatis.session.defaults.DefaultSqlSession.selectList(DefaultSqlSession.java:140)
	at sun.reflect.NativeMethodAccessorImpl.invoke0(Native Method)
	at sun.reflect.NativeMethodAccessorImpl.invoke(NativeMethodAccessorImpl.java:62)
	at sun.reflect.DelegatingMethodAccessorImpl.invoke(DelegatingMethodAccessorImpl.java:43)
	at java.lang.reflect.Method.invoke(Method.java:498)
	at org.mybatis.spring.SqlSessionTemplate$SqlSessionInterceptor.invoke(SqlSessionTemplate.java:427)
	at com.sun.proxy.$Proxy69.selectList(Unknown Source)
	at org.mybatis.spring.SqlSessionTemplate.selectList(SqlSessionTemplate.java:224)
	at org.apache.ibatis.binding.MapperMethod.executeForMany(MapperMethod.java:147)
	at org.apache.ibatis.binding.MapperMethod.execute(MapperMethod.java:80)
	at org.apache.ibatis.binding.MapperProxy$PlainMethodInvoker.invoke(MapperProxy.java:152)
	at org.apache.ibatis.binding.MapperProxy.invoke(MapperProxy.java:85)
	at com.sun.proxy.$Proxy70.queryNoPayNotifyOrder(Unknown Source)
	at org.example.service.impl.OrderServiceImpl.queryNoPayNotifyOrder(OrderServiceImpl.java:107)
	at org.example.job.NoPayNotifyOrderJob.exec(NoPayNotifyOrderJob.java:29)
	at sun.reflect.NativeMethodAccessorImpl.invoke0(Native Method)
	at sun.reflect.NativeMethodAccessorImpl.invoke(NativeMethodAccessorImpl.java:62)
	at sun.reflect.DelegatingMethodAccessorImpl.invoke(DelegatingMethodAccessorImpl.java:43)
	at java.lang.reflect.Method.invoke(Method.java:498)
	at org.springframework.scheduling.support.ScheduledMethodRunnable.run(ScheduledMethodRunnable.java:84)
	at org.springframework.scheduling.support.DelegatingErrorHandlingRunnable.run(DelegatingErrorHandlingRunnable.java:54)
	at org.springframework.scheduling.concurrent.ReschedulingRunnable.run(ReschedulingRunnable.java:95)
	at java.util.concurrent.Executors$RunnableAdapter.call(Executors.java:511)
	at java.util.concurrent.FutureTask.run$$$capture(FutureTask.java:266)
	at java.util.concurrent.FutureTask.run(FutureTask.java)
	at java.util.concurrent.ScheduledThreadPoolExecutor$ScheduledFutureTask.access$201(ScheduledThreadPoolExecutor.java:180)
	at java.util.concurrent.ScheduledThreadPoolExecutor$ScheduledFutureTask.run(ScheduledThreadPoolExecutor.java:293)
	at java.util.concurrent.ThreadPoolExecutor.runWorker(ThreadPoolExecutor.java:1149)
	at java.util.concurrent.ThreadPoolExecutor$Worker.run(ThreadPoolExecutor.java:624)
	at java.lang.Thread.run(Thread.java:750)
Caused by: com.mysql.cj.exceptions.CJCommunicationsException: Communications link failure

The last packet sent successfully to the server was 0 milliseconds ago. The driver has not received any packets from the server.
	at sun.reflect.NativeConstructorAccessorImpl.newInstance0(Native Method)
	at sun.reflect.NativeConstructorAccessorImpl.newInstance(NativeConstructorAccessorImpl.java:62)
	at sun.reflect.DelegatingConstructorAccessorImpl.newInstance(DelegatingConstructorAccessorImpl.java:45)
	at java.lang.reflect.Constructor.newInstance(Constructor.java:423)
	at com.mysql.cj.exceptions.ExceptionFactory.createException(ExceptionFactory.java:61)
	at com.mysql.cj.exceptions.ExceptionFactory.createException(ExceptionFactory.java:105)
	at com.mysql.cj.exceptions.ExceptionFactory.createException(ExceptionFactory.java:151)
	at com.mysql.cj.exceptions.ExceptionFactory.createCommunicationsException(ExceptionFactory.java:167)
	at com.mysql.cj.protocol.a.NativeSocketConnection.connect(NativeSocketConnection.java:89)
	at com.mysql.cj.NativeSession.connect(NativeSession.java:144)
	at com.mysql.cj.jdbc.ConnectionImpl.connectWithRetries(ConnectionImpl.java:847)
	... 54 common frames omitted
Caused by: java.net.ConnectException: Connection refused: connect
	at java.net.DualStackPlainSocketImpl.waitForConnect(Native Method)
	at java.net.DualStackPlainSocketImpl.socketConnect(DualStackPlainSocketImpl.java:81)
	at java.net.AbstractPlainSocketImpl.doConnect(AbstractPlainSocketImpl.java:476)
	at java.net.AbstractPlainSocketImpl.connectToAddress(AbstractPlainSocketImpl.java:218)
	at java.net.AbstractPlainSocketImpl.connect(AbstractPlainSocketImpl.java:200)
	at java.net.PlainSocketImpl.connect(PlainSocketImpl.java:162)
	at java.net.SocksSocketImpl.connect(SocksSocketImpl.java:394)
	at java.net.Socket.connect(Socket.java:606)
	at com.mysql.cj.protocol.StandardSocketFactory.connect(StandardSocketFactory.java:155)
	at com.mysql.cj.protocol.a.NativeSocketConnection.connect(NativeSocketConnection.java:63)
	... 56 common frames omitted
25-02-07.17:05:37.787 [scheduling-1    ] ERROR NoPayNotifyOrderJob    - 检测未接收到或未正确处理的支付回调通知失败
org.mybatis.spring.MyBatisSystemException: nested exception is org.apache.ibatis.exceptions.PersistenceException: 
### Error querying database.  Cause: org.springframework.jdbc.CannotGetJdbcConnectionException: Failed to obtain JDBC Connection; nested exception is java.sql.SQLNonTransientConnectionException: Could not create connection to database server. Attempted reconnect 3 times. Giving up.
### The error may exist in file [D:\Workspace\s-pay-mall-qiusu\s-pay-mall-controller\target\classes\mybatis\mapper\pay_order_mapper.xml]
### The error may involve org.example.dao.IOrderDao.queryNoPayNotifyOrder
### The error occurred while executing a query
### Cause: org.springframework.jdbc.CannotGetJdbcConnectionException: Failed to obtain JDBC Connection; nested exception is java.sql.SQLNonTransientConnectionException: Could not create connection to database server. Attempted reconnect 3 times. Giving up.
	at org.mybatis.spring.MyBatisExceptionTranslator.translateExceptionIfPossible(MyBatisExceptionTranslator.java:96)
	at org.mybatis.spring.SqlSessionTemplate$SqlSessionInterceptor.invoke(SqlSessionTemplate.java:441)
	at com.sun.proxy.$Proxy69.selectList(Unknown Source)
	at org.mybatis.spring.SqlSessionTemplate.selectList(SqlSessionTemplate.java:224)
	at org.apache.ibatis.binding.MapperMethod.executeForMany(MapperMethod.java:147)
	at org.apache.ibatis.binding.MapperMethod.execute(MapperMethod.java:80)
	at org.apache.ibatis.binding.MapperProxy$PlainMethodInvoker.invoke(MapperProxy.java:152)
	at org.apache.ibatis.binding.MapperProxy.invoke(MapperProxy.java:85)
	at com.sun.proxy.$Proxy70.queryNoPayNotifyOrder(Unknown Source)
	at org.example.service.impl.OrderServiceImpl.queryNoPayNotifyOrder(OrderServiceImpl.java:107)
	at org.example.job.NoPayNotifyOrderJob.exec(NoPayNotifyOrderJob.java:29)
	at sun.reflect.NativeMethodAccessorImpl.invoke0(Native Method)
	at sun.reflect.NativeMethodAccessorImpl.invoke(NativeMethodAccessorImpl.java:62)
	at sun.reflect.DelegatingMethodAccessorImpl.invoke(DelegatingMethodAccessorImpl.java:43)
	at java.lang.reflect.Method.invoke(Method.java:498)
	at org.springframework.scheduling.support.ScheduledMethodRunnable.run(ScheduledMethodRunnable.java:84)
	at org.springframework.scheduling.support.DelegatingErrorHandlingRunnable.run(DelegatingErrorHandlingRunnable.java:54)
	at org.springframework.scheduling.concurrent.ReschedulingRunnable.run(ReschedulingRunnable.java:95)
	at java.util.concurrent.Executors$RunnableAdapter.call(Executors.java:511)
	at java.util.concurrent.FutureTask.run$$$capture(FutureTask.java:266)
	at java.util.concurrent.FutureTask.run(FutureTask.java)
	at java.util.concurrent.ScheduledThreadPoolExecutor$ScheduledFutureTask.access$201(ScheduledThreadPoolExecutor.java:180)
	at java.util.concurrent.ScheduledThreadPoolExecutor$ScheduledFutureTask.run(ScheduledThreadPoolExecutor.java:293)
	at java.util.concurrent.ThreadPoolExecutor.runWorker(ThreadPoolExecutor.java:1149)
	at java.util.concurrent.ThreadPoolExecutor$Worker.run(ThreadPoolExecutor.java:624)
	at java.lang.Thread.run(Thread.java:750)
Caused by: org.apache.ibatis.exceptions.PersistenceException: 
### Error querying database.  Cause: org.springframework.jdbc.CannotGetJdbcConnectionException: Failed to obtain JDBC Connection; nested exception is java.sql.SQLNonTransientConnectionException: Could not create connection to database server. Attempted reconnect 3 times. Giving up.
### The error may exist in file [D:\Workspace\s-pay-mall-qiusu\s-pay-mall-controller\target\classes\mybatis\mapper\pay_order_mapper.xml]
### The error may involve org.example.dao.IOrderDao.queryNoPayNotifyOrder
### The error occurred while executing a query
### Cause: org.springframework.jdbc.CannotGetJdbcConnectionException: Failed to obtain JDBC Connection; nested exception is java.sql.SQLNonTransientConnectionException: Could not create connection to database server. Attempted reconnect 3 times. Giving up.
	at org.apache.ibatis.exceptions.ExceptionFactory.wrapException(ExceptionFactory.java:30)
	at org.apache.ibatis.session.defaults.DefaultSqlSession.selectList(DefaultSqlSession.java:149)
	at org.apache.ibatis.session.defaults.DefaultSqlSession.selectList(DefaultSqlSession.java:140)
	at sun.reflect.NativeMethodAccessorImpl.invoke0(Native Method)
	at sun.reflect.NativeMethodAccessorImpl.invoke(NativeMethodAccessorImpl.java:62)
	at sun.reflect.DelegatingMethodAccessorImpl.invoke(DelegatingMethodAccessorImpl.java:43)
	at java.lang.reflect.Method.invoke(Method.java:498)
	at org.mybatis.spring.SqlSessionTemplate$SqlSessionInterceptor.invoke(SqlSessionTemplate.java:427)
	... 24 common frames omitted
Caused by: org.springframework.jdbc.CannotGetJdbcConnectionException: Failed to obtain JDBC Connection; nested exception is java.sql.SQLNonTransientConnectionException: Could not create connection to database server. Attempted reconnect 3 times. Giving up.
	at org.springframework.jdbc.datasource.DataSourceUtils.getConnection(DataSourceUtils.java:83)
	at org.mybatis.spring.transaction.SpringManagedTransaction.openConnection(SpringManagedTransaction.java:80)
	at org.mybatis.spring.transaction.SpringManagedTransaction.getConnection(SpringManagedTransaction.java:67)
	at org.apache.ibatis.executor.BaseExecutor.getConnection(BaseExecutor.java:337)
	at org.apache.ibatis.executor.SimpleExecutor.prepareStatement(SimpleExecutor.java:86)
	at org.apache.ibatis.executor.SimpleExecutor.doQuery(SimpleExecutor.java:62)
	at org.apache.ibatis.executor.BaseExecutor.queryFromDatabase(BaseExecutor.java:325)
	at org.apache.ibatis.executor.BaseExecutor.query(BaseExecutor.java:156)
	at org.apache.ibatis.executor.CachingExecutor.query(CachingExecutor.java:109)
	at org.apache.ibatis.executor.CachingExecutor.query(CachingExecutor.java:89)
	at org.apache.ibatis.session.defaults.DefaultSqlSession.selectList(DefaultSqlSession.java:147)
	... 30 common frames omitted
Caused by: java.sql.SQLNonTransientConnectionException: Could not create connection to database server. Attempted reconnect 3 times. Giving up.
	at com.mysql.cj.jdbc.exceptions.SQLError.createSQLException(SQLError.java:110)
	at com.mysql.cj.jdbc.exceptions.SQLError.createSQLException(SQLError.java:97)
	at com.mysql.cj.jdbc.exceptions.SQLError.createSQLException(SQLError.java:89)
	at com.mysql.cj.jdbc.exceptions.SQLError.createSQLException(SQLError.java:63)
	at com.mysql.cj.jdbc.exceptions.SQLError.createSQLException(SQLError.java:73)
	at com.mysql.cj.jdbc.ConnectionImpl.connectWithRetries(ConnectionImpl.java:903)
	at com.mysql.cj.jdbc.ConnectionImpl.createNewIO(ConnectionImpl.java:828)
	at com.mysql.cj.jdbc.ConnectionImpl.<init>(ConnectionImpl.java:453)
	at com.mysql.cj.jdbc.ConnectionImpl.getInstance(ConnectionImpl.java:246)
	at com.mysql.cj.jdbc.NonRegisteringDriver.connect(NonRegisteringDriver.java:198)
	at com.zaxxer.hikari.util.DriverDataSource.getConnection(DriverDataSource.java:138)
	at com.zaxxer.hikari.pool.PoolBase.newConnection(PoolBase.java:364)
	at com.zaxxer.hikari.pool.PoolBase.newPoolEntry(PoolBase.java:206)
	at com.zaxxer.hikari.pool.HikariPool.createPoolEntry(HikariPool.java:476)
	at com.zaxxer.hikari.pool.HikariPool.checkFailFast(HikariPool.java:561)
	at com.zaxxer.hikari.pool.HikariPool.<init>(HikariPool.java:115)
	at com.zaxxer.hikari.HikariDataSource.getConnection(HikariDataSource.java:112)
	at org.springframework.jdbc.datasource.DataSourceUtils.fetchConnection(DataSourceUtils.java:159)
	at org.springframework.jdbc.datasource.DataSourceUtils.doGetConnection(DataSourceUtils.java:117)
	at org.springframework.jdbc.datasource.DataSourceUtils.getConnection(DataSourceUtils.java:80)
	... 40 common frames omitted
Caused by: com.mysql.cj.exceptions.CJCommunicationsException: Communications link failure

The last packet sent successfully to the server was 0 milliseconds ago. The driver has not received any packets from the server.
	at sun.reflect.NativeConstructorAccessorImpl.newInstance0(Native Method)
	at sun.reflect.NativeConstructorAccessorImpl.newInstance(NativeConstructorAccessorImpl.java:62)
	at sun.reflect.DelegatingConstructorAccessorImpl.newInstance(DelegatingConstructorAccessorImpl.java:45)
	at java.lang.reflect.Constructor.newInstance(Constructor.java:423)
	at com.mysql.cj.exceptions.ExceptionFactory.createException(ExceptionFactory.java:61)
	at com.mysql.cj.exceptions.ExceptionFactory.createException(ExceptionFactory.java:105)
	at com.mysql.cj.exceptions.ExceptionFactory.createException(ExceptionFactory.java:151)
	at com.mysql.cj.exceptions.ExceptionFactory.createCommunicationsException(ExceptionFactory.java:167)
	at com.mysql.cj.protocol.a.NativeSocketConnection.connect(NativeSocketConnection.java:89)
	at com.mysql.cj.NativeSession.connect(NativeSession.java:144)
	at com.mysql.cj.jdbc.ConnectionImpl.connectWithRetries(ConnectionImpl.java:847)
	... 54 common frames omitted
Caused by: java.net.ConnectException: Connection refused: connect
	at java.net.DualStackPlainSocketImpl.waitForConnect(Native Method)
	at java.net.DualStackPlainSocketImpl.socketConnect(DualStackPlainSocketImpl.java:81)
	at java.net.AbstractPlainSocketImpl.doConnect(AbstractPlainSocketImpl.java:476)
	at java.net.AbstractPlainSocketImpl.connectToAddress(AbstractPlainSocketImpl.java:218)
	at java.net.AbstractPlainSocketImpl.connect(AbstractPlainSocketImpl.java:200)
	at java.net.PlainSocketImpl.connect(PlainSocketImpl.java:162)
	at java.net.SocksSocketImpl.connect(SocksSocketImpl.java:394)
	at java.net.Socket.connect(Socket.java:606)
	at com.mysql.cj.protocol.StandardSocketFactory.connect(StandardSocketFactory.java:155)
	at com.mysql.cj.protocol.a.NativeSocketConnection.connect(NativeSocketConnection.java:63)
	... 56 common frames omitted
25-02-07.17:05:40.107 [scheduling-1    ] INFO  NoPayNotifyOrderJob    - 任务；检测未接收到或未正确处理的支付回调通知
25-02-07.17:05:40.497 [scheduling-1    ] INFO  HikariDataSource       - HikariPool-1 - Starting...
25-02-07.17:06:00.960 [scheduling-1    ] ERROR HikariPool             - HikariPool-1 - Exception during pool initialization.
java.sql.SQLNonTransientConnectionException: Could not create connection to database server. Attempted reconnect 3 times. Giving up.
	at com.mysql.cj.jdbc.exceptions.SQLError.createSQLException(SQLError.java:110)
	at com.mysql.cj.jdbc.exceptions.SQLError.createSQLException(SQLError.java:97)
	at com.mysql.cj.jdbc.exceptions.SQLError.createSQLException(SQLError.java:89)
	at com.mysql.cj.jdbc.exceptions.SQLError.createSQLException(SQLError.java:63)
	at com.mysql.cj.jdbc.exceptions.SQLError.createSQLException(SQLError.java:73)
	at com.mysql.cj.jdbc.ConnectionImpl.connectWithRetries(ConnectionImpl.java:903)
	at com.mysql.cj.jdbc.ConnectionImpl.createNewIO(ConnectionImpl.java:828)
	at com.mysql.cj.jdbc.ConnectionImpl.<init>(ConnectionImpl.java:453)
	at com.mysql.cj.jdbc.ConnectionImpl.getInstance(ConnectionImpl.java:246)
	at com.mysql.cj.jdbc.NonRegisteringDriver.connect(NonRegisteringDriver.java:198)
	at com.zaxxer.hikari.util.DriverDataSource.getConnection(DriverDataSource.java:138)
	at com.zaxxer.hikari.pool.PoolBase.newConnection(PoolBase.java:364)
	at com.zaxxer.hikari.pool.PoolBase.newPoolEntry(PoolBase.java:206)
	at com.zaxxer.hikari.pool.HikariPool.createPoolEntry(HikariPool.java:476)
	at com.zaxxer.hikari.pool.HikariPool.checkFailFast(HikariPool.java:561)
	at com.zaxxer.hikari.pool.HikariPool.<init>(HikariPool.java:115)
	at com.zaxxer.hikari.HikariDataSource.getConnection(HikariDataSource.java:112)
	at org.springframework.jdbc.datasource.DataSourceUtils.fetchConnection(DataSourceUtils.java:159)
	at org.springframework.jdbc.datasource.DataSourceUtils.doGetConnection(DataSourceUtils.java:117)
	at org.springframework.jdbc.datasource.DataSourceUtils.getConnection(DataSourceUtils.java:80)
	at org.mybatis.spring.transaction.SpringManagedTransaction.openConnection(SpringManagedTransaction.java:80)
	at org.mybatis.spring.transaction.SpringManagedTransaction.getConnection(SpringManagedTransaction.java:67)
	at org.apache.ibatis.executor.BaseExecutor.getConnection(BaseExecutor.java:337)
	at org.apache.ibatis.executor.SimpleExecutor.prepareStatement(SimpleExecutor.java:86)
	at org.apache.ibatis.executor.SimpleExecutor.doQuery(SimpleExecutor.java:62)
	at org.apache.ibatis.executor.BaseExecutor.queryFromDatabase(BaseExecutor.java:325)
	at org.apache.ibatis.executor.BaseExecutor.query(BaseExecutor.java:156)
	at org.apache.ibatis.executor.CachingExecutor.query(CachingExecutor.java:109)
	at org.apache.ibatis.executor.CachingExecutor.query(CachingExecutor.java:89)
	at org.apache.ibatis.session.defaults.DefaultSqlSession.selectList(DefaultSqlSession.java:147)
	at org.apache.ibatis.session.defaults.DefaultSqlSession.selectList(DefaultSqlSession.java:140)
	at sun.reflect.NativeMethodAccessorImpl.invoke0(Native Method)
	at sun.reflect.NativeMethodAccessorImpl.invoke(NativeMethodAccessorImpl.java:62)
	at sun.reflect.DelegatingMethodAccessorImpl.invoke(DelegatingMethodAccessorImpl.java:43)
	at java.lang.reflect.Method.invoke(Method.java:498)
	at org.mybatis.spring.SqlSessionTemplate$SqlSessionInterceptor.invoke(SqlSessionTemplate.java:427)
	at com.sun.proxy.$Proxy69.selectList(Unknown Source)
	at org.mybatis.spring.SqlSessionTemplate.selectList(SqlSessionTemplate.java:224)
	at org.apache.ibatis.binding.MapperMethod.executeForMany(MapperMethod.java:147)
	at org.apache.ibatis.binding.MapperMethod.execute(MapperMethod.java:80)
	at org.apache.ibatis.binding.MapperProxy$PlainMethodInvoker.invoke(MapperProxy.java:152)
	at org.apache.ibatis.binding.MapperProxy.invoke(MapperProxy.java:85)
	at com.sun.proxy.$Proxy70.queryNoPayNotifyOrder(Unknown Source)
	at org.example.service.impl.OrderServiceImpl.queryNoPayNotifyOrder(OrderServiceImpl.java:107)
	at org.example.job.NoPayNotifyOrderJob.exec(NoPayNotifyOrderJob.java:29)
	at sun.reflect.NativeMethodAccessorImpl.invoke0(Native Method)
	at sun.reflect.NativeMethodAccessorImpl.invoke(NativeMethodAccessorImpl.java:62)
	at sun.reflect.DelegatingMethodAccessorImpl.invoke(DelegatingMethodAccessorImpl.java:43)
	at java.lang.reflect.Method.invoke(Method.java:498)
	at org.springframework.scheduling.support.ScheduledMethodRunnable.run(ScheduledMethodRunnable.java:84)
	at org.springframework.scheduling.support.DelegatingErrorHandlingRunnable.run(DelegatingErrorHandlingRunnable.java:54)
	at org.springframework.scheduling.concurrent.ReschedulingRunnable.run(ReschedulingRunnable.java:95)
	at java.util.concurrent.Executors$RunnableAdapter.call(Executors.java:511)
	at java.util.concurrent.FutureTask.run$$$capture(FutureTask.java:266)
	at java.util.concurrent.FutureTask.run(FutureTask.java)
	at java.util.concurrent.ScheduledThreadPoolExecutor$ScheduledFutureTask.access$201(ScheduledThreadPoolExecutor.java:180)
	at java.util.concurrent.ScheduledThreadPoolExecutor$ScheduledFutureTask.run(ScheduledThreadPoolExecutor.java:293)
	at java.util.concurrent.ThreadPoolExecutor.runWorker(ThreadPoolExecutor.java:1149)
	at java.util.concurrent.ThreadPoolExecutor$Worker.run(ThreadPoolExecutor.java:624)
	at java.lang.Thread.run(Thread.java:750)
Caused by: com.mysql.cj.exceptions.CJCommunicationsException: Communications link failure

The last packet sent successfully to the server was 0 milliseconds ago. The driver has not received any packets from the server.
	at sun.reflect.NativeConstructorAccessorImpl.newInstance0(Native Method)
	at sun.reflect.NativeConstructorAccessorImpl.newInstance(NativeConstructorAccessorImpl.java:62)
	at sun.reflect.DelegatingConstructorAccessorImpl.newInstance(DelegatingConstructorAccessorImpl.java:45)
	at java.lang.reflect.Constructor.newInstance(Constructor.java:423)
	at com.mysql.cj.exceptions.ExceptionFactory.createException(ExceptionFactory.java:61)
	at com.mysql.cj.exceptions.ExceptionFactory.createException(ExceptionFactory.java:105)
	at com.mysql.cj.exceptions.ExceptionFactory.createException(ExceptionFactory.java:151)
	at com.mysql.cj.exceptions.ExceptionFactory.createCommunicationsException(ExceptionFactory.java:167)
	at com.mysql.cj.protocol.a.NativeSocketConnection.connect(NativeSocketConnection.java:89)
	at com.mysql.cj.NativeSession.connect(NativeSession.java:144)
	at com.mysql.cj.jdbc.ConnectionImpl.connectWithRetries(ConnectionImpl.java:847)
	... 54 common frames omitted
Caused by: java.net.ConnectException: Connection refused: connect
	at java.net.DualStackPlainSocketImpl.waitForConnect(Native Method)
	at java.net.DualStackPlainSocketImpl.socketConnect(DualStackPlainSocketImpl.java:81)
	at java.net.AbstractPlainSocketImpl.doConnect(AbstractPlainSocketImpl.java:476)
	at java.net.AbstractPlainSocketImpl.connectToAddress(AbstractPlainSocketImpl.java:218)
	at java.net.AbstractPlainSocketImpl.connect(AbstractPlainSocketImpl.java:200)
	at java.net.PlainSocketImpl.connect(PlainSocketImpl.java:162)
	at java.net.SocksSocketImpl.connect(SocksSocketImpl.java:394)
	at java.net.Socket.connect(Socket.java:606)
	at com.mysql.cj.protocol.StandardSocketFactory.connect(StandardSocketFactory.java:155)
	at com.mysql.cj.protocol.a.NativeSocketConnection.connect(NativeSocketConnection.java:63)
	... 56 common frames omitted
25-02-07.17:06:03.718 [scheduling-1    ] ERROR NoPayNotifyOrderJob    - 检测未接收到或未正确处理的支付回调通知失败
org.mybatis.spring.MyBatisSystemException: nested exception is org.apache.ibatis.exceptions.PersistenceException: 
### Error querying database.  Cause: org.springframework.jdbc.CannotGetJdbcConnectionException: Failed to obtain JDBC Connection; nested exception is java.sql.SQLNonTransientConnectionException: Could not create connection to database server. Attempted reconnect 3 times. Giving up.
### The error may exist in file [D:\Workspace\s-pay-mall-qiusu\s-pay-mall-controller\target\classes\mybatis\mapper\pay_order_mapper.xml]
### The error may involve org.example.dao.IOrderDao.queryNoPayNotifyOrder
### The error occurred while executing a query
### Cause: org.springframework.jdbc.CannotGetJdbcConnectionException: Failed to obtain JDBC Connection; nested exception is java.sql.SQLNonTransientConnectionException: Could not create connection to database server. Attempted reconnect 3 times. Giving up.
	at org.mybatis.spring.MyBatisExceptionTranslator.translateExceptionIfPossible(MyBatisExceptionTranslator.java:96)
	at org.mybatis.spring.SqlSessionTemplate$SqlSessionInterceptor.invoke(SqlSessionTemplate.java:441)
	at com.sun.proxy.$Proxy69.selectList(Unknown Source)
	at org.mybatis.spring.SqlSessionTemplate.selectList(SqlSessionTemplate.java:224)
	at org.apache.ibatis.binding.MapperMethod.executeForMany(MapperMethod.java:147)
	at org.apache.ibatis.binding.MapperMethod.execute(MapperMethod.java:80)
	at org.apache.ibatis.binding.MapperProxy$PlainMethodInvoker.invoke(MapperProxy.java:152)
	at org.apache.ibatis.binding.MapperProxy.invoke(MapperProxy.java:85)
	at com.sun.proxy.$Proxy70.queryNoPayNotifyOrder(Unknown Source)
	at org.example.service.impl.OrderServiceImpl.queryNoPayNotifyOrder(OrderServiceImpl.java:107)
	at org.example.job.NoPayNotifyOrderJob.exec(NoPayNotifyOrderJob.java:29)
	at sun.reflect.NativeMethodAccessorImpl.invoke0(Native Method)
	at sun.reflect.NativeMethodAccessorImpl.invoke(NativeMethodAccessorImpl.java:62)
	at sun.reflect.DelegatingMethodAccessorImpl.invoke(DelegatingMethodAccessorImpl.java:43)
	at java.lang.reflect.Method.invoke(Method.java:498)
	at org.springframework.scheduling.support.ScheduledMethodRunnable.run(ScheduledMethodRunnable.java:84)
	at org.springframework.scheduling.support.DelegatingErrorHandlingRunnable.run(DelegatingErrorHandlingRunnable.java:54)
	at org.springframework.scheduling.concurrent.ReschedulingRunnable.run(ReschedulingRunnable.java:95)
	at java.util.concurrent.Executors$RunnableAdapter.call(Executors.java:511)
	at java.util.concurrent.FutureTask.run$$$capture(FutureTask.java:266)
	at java.util.concurrent.FutureTask.run(FutureTask.java)
	at java.util.concurrent.ScheduledThreadPoolExecutor$ScheduledFutureTask.access$201(ScheduledThreadPoolExecutor.java:180)
	at java.util.concurrent.ScheduledThreadPoolExecutor$ScheduledFutureTask.run(ScheduledThreadPoolExecutor.java:293)
	at java.util.concurrent.ThreadPoolExecutor.runWorker(ThreadPoolExecutor.java:1149)
	at java.util.concurrent.ThreadPoolExecutor$Worker.run(ThreadPoolExecutor.java:624)
	at java.lang.Thread.run(Thread.java:750)
Caused by: org.apache.ibatis.exceptions.PersistenceException: 
### Error querying database.  Cause: org.springframework.jdbc.CannotGetJdbcConnectionException: Failed to obtain JDBC Connection; nested exception is java.sql.SQLNonTransientConnectionException: Could not create connection to database server. Attempted reconnect 3 times. Giving up.
### The error may exist in file [D:\Workspace\s-pay-mall-qiusu\s-pay-mall-controller\target\classes\mybatis\mapper\pay_order_mapper.xml]
### The error may involve org.example.dao.IOrderDao.queryNoPayNotifyOrder
### The error occurred while executing a query
### Cause: org.springframework.jdbc.CannotGetJdbcConnectionException: Failed to obtain JDBC Connection; nested exception is java.sql.SQLNonTransientConnectionException: Could not create connection to database server. Attempted reconnect 3 times. Giving up.
	at org.apache.ibatis.exceptions.ExceptionFactory.wrapException(ExceptionFactory.java:30)
	at org.apache.ibatis.session.defaults.DefaultSqlSession.selectList(DefaultSqlSession.java:149)
	at org.apache.ibatis.session.defaults.DefaultSqlSession.selectList(DefaultSqlSession.java:140)
	at sun.reflect.NativeMethodAccessorImpl.invoke0(Native Method)
	at sun.reflect.NativeMethodAccessorImpl.invoke(NativeMethodAccessorImpl.java:62)
	at sun.reflect.DelegatingMethodAccessorImpl.invoke(DelegatingMethodAccessorImpl.java:43)
	at java.lang.reflect.Method.invoke(Method.java:498)
	at org.mybatis.spring.SqlSessionTemplate$SqlSessionInterceptor.invoke(SqlSessionTemplate.java:427)
	... 24 common frames omitted
Caused by: org.springframework.jdbc.CannotGetJdbcConnectionException: Failed to obtain JDBC Connection; nested exception is java.sql.SQLNonTransientConnectionException: Could not create connection to database server. Attempted reconnect 3 times. Giving up.
	at org.springframework.jdbc.datasource.DataSourceUtils.getConnection(DataSourceUtils.java:83)
	at org.mybatis.spring.transaction.SpringManagedTransaction.openConnection(SpringManagedTransaction.java:80)
	at org.mybatis.spring.transaction.SpringManagedTransaction.getConnection(SpringManagedTransaction.java:67)
	at org.apache.ibatis.executor.BaseExecutor.getConnection(BaseExecutor.java:337)
	at org.apache.ibatis.executor.SimpleExecutor.prepareStatement(SimpleExecutor.java:86)
	at org.apache.ibatis.executor.SimpleExecutor.doQuery(SimpleExecutor.java:62)
	at org.apache.ibatis.executor.BaseExecutor.queryFromDatabase(BaseExecutor.java:325)
	at org.apache.ibatis.executor.BaseExecutor.query(BaseExecutor.java:156)
	at org.apache.ibatis.executor.CachingExecutor.query(CachingExecutor.java:109)
	at org.apache.ibatis.executor.CachingExecutor.query(CachingExecutor.java:89)
	at org.apache.ibatis.session.defaults.DefaultSqlSession.selectList(DefaultSqlSession.java:147)
	... 30 common frames omitted
Caused by: java.sql.SQLNonTransientConnectionException: Could not create connection to database server. Attempted reconnect 3 times. Giving up.
	at com.mysql.cj.jdbc.exceptions.SQLError.createSQLException(SQLError.java:110)
	at com.mysql.cj.jdbc.exceptions.SQLError.createSQLException(SQLError.java:97)
	at com.mysql.cj.jdbc.exceptions.SQLError.createSQLException(SQLError.java:89)
	at com.mysql.cj.jdbc.exceptions.SQLError.createSQLException(SQLError.java:63)
	at com.mysql.cj.jdbc.exceptions.SQLError.createSQLException(SQLError.java:73)
	at com.mysql.cj.jdbc.ConnectionImpl.connectWithRetries(ConnectionImpl.java:903)
	at com.mysql.cj.jdbc.ConnectionImpl.createNewIO(ConnectionImpl.java:828)
	at com.mysql.cj.jdbc.ConnectionImpl.<init>(ConnectionImpl.java:453)
	at com.mysql.cj.jdbc.ConnectionImpl.getInstance(ConnectionImpl.java:246)
	at com.mysql.cj.jdbc.NonRegisteringDriver.connect(NonRegisteringDriver.java:198)
	at com.zaxxer.hikari.util.DriverDataSource.getConnection(DriverDataSource.java:138)
	at com.zaxxer.hikari.pool.PoolBase.newConnection(PoolBase.java:364)
	at com.zaxxer.hikari.pool.PoolBase.newPoolEntry(PoolBase.java:206)
	at com.zaxxer.hikari.pool.HikariPool.createPoolEntry(HikariPool.java:476)
	at com.zaxxer.hikari.pool.HikariPool.checkFailFast(HikariPool.java:561)
	at com.zaxxer.hikari.pool.HikariPool.<init>(HikariPool.java:115)
	at com.zaxxer.hikari.HikariDataSource.getConnection(HikariDataSource.java:112)
	at org.springframework.jdbc.datasource.DataSourceUtils.fetchConnection(DataSourceUtils.java:159)
	at org.springframework.jdbc.datasource.DataSourceUtils.doGetConnection(DataSourceUtils.java:117)
	at org.springframework.jdbc.datasource.DataSourceUtils.getConnection(DataSourceUtils.java:80)
	... 40 common frames omitted
Caused by: com.mysql.cj.exceptions.CJCommunicationsException: Communications link failure

The last packet sent successfully to the server was 0 milliseconds ago. The driver has not received any packets from the server.
	at sun.reflect.NativeConstructorAccessorImpl.newInstance0(Native Method)
	at sun.reflect.NativeConstructorAccessorImpl.newInstance(NativeConstructorAccessorImpl.java:62)
	at sun.reflect.DelegatingConstructorAccessorImpl.newInstance(DelegatingConstructorAccessorImpl.java:45)
	at java.lang.reflect.Constructor.newInstance(Constructor.java:423)
	at com.mysql.cj.exceptions.ExceptionFactory.createException(ExceptionFactory.java:61)
	at com.mysql.cj.exceptions.ExceptionFactory.createException(ExceptionFactory.java:105)
	at com.mysql.cj.exceptions.ExceptionFactory.createException(ExceptionFactory.java:151)
	at com.mysql.cj.exceptions.ExceptionFactory.createCommunicationsException(ExceptionFactory.java:167)
	at com.mysql.cj.protocol.a.NativeSocketConnection.connect(NativeSocketConnection.java:89)
	at com.mysql.cj.NativeSession.connect(NativeSession.java:144)
	at com.mysql.cj.jdbc.ConnectionImpl.connectWithRetries(ConnectionImpl.java:847)
	... 54 common frames omitted
Caused by: java.net.ConnectException: Connection refused: connect
	at java.net.DualStackPlainSocketImpl.waitForConnect(Native Method)
	at java.net.DualStackPlainSocketImpl.socketConnect(DualStackPlainSocketImpl.java:81)
	at java.net.AbstractPlainSocketImpl.doConnect(AbstractPlainSocketImpl.java:476)
	at java.net.AbstractPlainSocketImpl.connectToAddress(AbstractPlainSocketImpl.java:218)
	at java.net.AbstractPlainSocketImpl.connect(AbstractPlainSocketImpl.java:200)
	at java.net.PlainSocketImpl.connect(PlainSocketImpl.java:162)
	at java.net.SocksSocketImpl.connect(SocksSocketImpl.java:394)
	at java.net.Socket.connect(Socket.java:606)
	at com.mysql.cj.protocol.StandardSocketFactory.connect(StandardSocketFactory.java:155)
	at com.mysql.cj.protocol.a.NativeSocketConnection.connect(NativeSocketConnection.java:63)
	... 56 common frames omitted
25-02-07.17:06:05.753 [scheduling-1    ] INFO  NoPayNotifyOrderJob    - 任务；检测未接收到或未正确处理的支付回调通知
25-02-07.17:06:06.409 [scheduling-1    ] INFO  HikariDataSource       - HikariPool-1 - Starting...
25-02-07.17:06:09.864 [http-nio-8080-exec-3] INFO  LoginController        - 生成微信扫码登录 ticket:gQEK8TwAAAAAAAAAAS5odHRwOi8vd2VpeGluLnFxLmNvbS9xLzAyZlBUVjhibzBmQUcxVFVwZHhEMXkAAgT4zKVnAwQAjScA
25-02-07.17:06:22.257 [main            ] INFO  Application            - Starting Application using Java 1.8.0_431 on DESKTOP-CBM2HV2 with PID 14088 (D:\Workspace\s-pay-mall-qiusu\s-pay-mall-controller\target\classes started by zqiusu in D:\Workspace\s-pay-mall-qiusu)
25-02-07.17:06:22.260 [main            ] INFO  Application            - The following 1 profile is active: "dev"
25-02-07.17:06:28.096 [main            ] INFO  TomcatWebServer        - Tomcat initialized with port(s): 8080 (http)
25-02-07.17:06:28.133 [main            ] INFO  Http11NioProtocol      - Initializing ProtocolHandler ["http-nio-8080"]
25-02-07.17:06:28.135 [main            ] INFO  StandardService        - Starting service [Tomcat]
25-02-07.17:06:28.135 [main            ] INFO  StandardEngine         - Starting Servlet engine: [Apache Tomcat/9.0.75]
25-02-07.17:06:29.481 [main            ] INFO  [/]                    - Initializing Spring embedded WebApplicationContext
25-02-07.17:06:29.481 [main            ] INFO  ServletWebServerApplicationContext - Root WebApplicationContext: initialization completed in 7152 ms
25-02-07.17:06:38.439 [main            ] INFO  Http11NioProtocol      - Starting ProtocolHandler ["http-nio-8080"]
25-02-07.17:06:38.497 [main            ] INFO  TomcatWebServer        - Tomcat started on port(s): 8080 (http) with context path ''
25-02-07.17:06:38.607 [main            ] INFO  Application            - Started Application in 17.27 seconds (JVM running for 18.028)
25-02-07.17:06:39.122 [http-nio-8080-exec-2] INFO  [/]                    - Initializing Spring DispatcherServlet 'dispatcherServlet'
25-02-07.17:06:39.122 [http-nio-8080-exec-2] INFO  DispatcherServlet      - Initializing Servlet 'dispatcherServlet'
25-02-07.17:06:39.139 [http-nio-8080-exec-2] INFO  DispatcherServlet      - Completed initialization in 17 ms
25-02-07.17:06:41.830 [scheduling-1    ] INFO  NoPayNotifyOrderJob    - 任务；检测未接收到或未正确处理的支付回调通知
25-02-07.17:06:41.909 [scheduling-1    ] INFO  HikariDataSource       - HikariPool-1 - Starting...
25-02-07.17:06:43.682 [http-nio-8080-exec-2] INFO  LoginController        - 生成微信扫码登录 ticket:gQGf8TwAAAAAAAAAAS5odHRwOi8vd2VpeGluLnFxLmNvbS9xLzAyQUhFSDhLbzBmQUcxUXFxZE5EMTIAAgQazaVnAwQAjScA
25-02-07.17:06:53.444 [scheduling-1    ] ERROR HikariPool             - HikariPool-1 - Exception during pool initialization.
java.sql.SQLNonTransientConnectionException: Could not create connection to database server. Attempted reconnect 3 times. Giving up.
	at com.mysql.cj.jdbc.exceptions.SQLError.createSQLException(SQLError.java:110)
	at com.mysql.cj.jdbc.exceptions.SQLError.createSQLException(SQLError.java:97)
	at com.mysql.cj.jdbc.exceptions.SQLError.createSQLException(SQLError.java:89)
	at com.mysql.cj.jdbc.exceptions.SQLError.createSQLException(SQLError.java:63)
	at com.mysql.cj.jdbc.exceptions.SQLError.createSQLException(SQLError.java:73)
	at com.mysql.cj.jdbc.ConnectionImpl.connectWithRetries(ConnectionImpl.java:903)
	at com.mysql.cj.jdbc.ConnectionImpl.createNewIO(ConnectionImpl.java:828)
	at com.mysql.cj.jdbc.ConnectionImpl.<init>(ConnectionImpl.java:453)
	at com.mysql.cj.jdbc.ConnectionImpl.getInstance(ConnectionImpl.java:246)
	at com.mysql.cj.jdbc.NonRegisteringDriver.connect(NonRegisteringDriver.java:198)
	at com.zaxxer.hikari.util.DriverDataSource.getConnection(DriverDataSource.java:138)
	at com.zaxxer.hikari.pool.PoolBase.newConnection(PoolBase.java:364)
	at com.zaxxer.hikari.pool.PoolBase.newPoolEntry(PoolBase.java:206)
	at com.zaxxer.hikari.pool.HikariPool.createPoolEntry(HikariPool.java:476)
	at com.zaxxer.hikari.pool.HikariPool.checkFailFast(HikariPool.java:561)
	at com.zaxxer.hikari.pool.HikariPool.<init>(HikariPool.java:115)
	at com.zaxxer.hikari.HikariDataSource.getConnection(HikariDataSource.java:112)
	at org.springframework.jdbc.datasource.DataSourceUtils.fetchConnection(DataSourceUtils.java:159)
	at org.springframework.jdbc.datasource.DataSourceUtils.doGetConnection(DataSourceUtils.java:117)
	at org.springframework.jdbc.datasource.DataSourceUtils.getConnection(DataSourceUtils.java:80)
	at org.mybatis.spring.transaction.SpringManagedTransaction.openConnection(SpringManagedTransaction.java:80)
	at org.mybatis.spring.transaction.SpringManagedTransaction.getConnection(SpringManagedTransaction.java:67)
	at org.apache.ibatis.executor.BaseExecutor.getConnection(BaseExecutor.java:337)
	at org.apache.ibatis.executor.SimpleExecutor.prepareStatement(SimpleExecutor.java:86)
	at org.apache.ibatis.executor.SimpleExecutor.doQuery(SimpleExecutor.java:62)
	at org.apache.ibatis.executor.BaseExecutor.queryFromDatabase(BaseExecutor.java:325)
	at org.apache.ibatis.executor.BaseExecutor.query(BaseExecutor.java:156)
	at org.apache.ibatis.executor.CachingExecutor.query(CachingExecutor.java:109)
	at org.apache.ibatis.executor.CachingExecutor.query(CachingExecutor.java:89)
	at org.apache.ibatis.session.defaults.DefaultSqlSession.selectList(DefaultSqlSession.java:147)
	at org.apache.ibatis.session.defaults.DefaultSqlSession.selectList(DefaultSqlSession.java:140)
	at sun.reflect.NativeMethodAccessorImpl.invoke0(Native Method)
	at sun.reflect.NativeMethodAccessorImpl.invoke(NativeMethodAccessorImpl.java:62)
	at sun.reflect.DelegatingMethodAccessorImpl.invoke(DelegatingMethodAccessorImpl.java:43)
	at java.lang.reflect.Method.invoke(Method.java:498)
	at org.mybatis.spring.SqlSessionTemplate$SqlSessionInterceptor.invoke(SqlSessionTemplate.java:427)
	at com.sun.proxy.$Proxy69.selectList(Unknown Source)
	at org.mybatis.spring.SqlSessionTemplate.selectList(SqlSessionTemplate.java:224)
	at org.apache.ibatis.binding.MapperMethod.executeForMany(MapperMethod.java:147)
	at org.apache.ibatis.binding.MapperMethod.execute(MapperMethod.java:80)
	at org.apache.ibatis.binding.MapperProxy$PlainMethodInvoker.invoke(MapperProxy.java:152)
	at org.apache.ibatis.binding.MapperProxy.invoke(MapperProxy.java:85)
	at com.sun.proxy.$Proxy70.queryNoPayNotifyOrder(Unknown Source)
	at org.example.service.impl.OrderServiceImpl.queryNoPayNotifyOrder(OrderServiceImpl.java:107)
	at org.example.job.NoPayNotifyOrderJob.exec(NoPayNotifyOrderJob.java:29)
	at sun.reflect.NativeMethodAccessorImpl.invoke0(Native Method)
	at sun.reflect.NativeMethodAccessorImpl.invoke(NativeMethodAccessorImpl.java:62)
	at sun.reflect.DelegatingMethodAccessorImpl.invoke(DelegatingMethodAccessorImpl.java:43)
	at java.lang.reflect.Method.invoke(Method.java:498)
	at org.springframework.scheduling.support.ScheduledMethodRunnable.run(ScheduledMethodRunnable.java:84)
	at org.springframework.scheduling.support.DelegatingErrorHandlingRunnable.run(DelegatingErrorHandlingRunnable.java:54)
	at org.springframework.scheduling.concurrent.ReschedulingRunnable.run(ReschedulingRunnable.java:95)
	at java.util.concurrent.Executors$RunnableAdapter.call(Executors.java:511)
	at java.util.concurrent.FutureTask.run$$$capture(FutureTask.java:266)
	at java.util.concurrent.FutureTask.run(FutureTask.java)
	at java.util.concurrent.ScheduledThreadPoolExecutor$ScheduledFutureTask.access$201(ScheduledThreadPoolExecutor.java:180)
	at java.util.concurrent.ScheduledThreadPoolExecutor$ScheduledFutureTask.run(ScheduledThreadPoolExecutor.java:293)
	at java.util.concurrent.ThreadPoolExecutor.runWorker(ThreadPoolExecutor.java:1149)
	at java.util.concurrent.ThreadPoolExecutor$Worker.run(ThreadPoolExecutor.java:624)
	at java.lang.Thread.run(Thread.java:750)
Caused by: com.mysql.cj.exceptions.CJCommunicationsException: Communications link failure

The last packet sent successfully to the server was 0 milliseconds ago. The driver has not received any packets from the server.
	at sun.reflect.NativeConstructorAccessorImpl.newInstance0(Native Method)
	at sun.reflect.NativeConstructorAccessorImpl.newInstance(NativeConstructorAccessorImpl.java:62)
	at sun.reflect.DelegatingConstructorAccessorImpl.newInstance(DelegatingConstructorAccessorImpl.java:45)
	at java.lang.reflect.Constructor.newInstance(Constructor.java:423)
	at com.mysql.cj.exceptions.ExceptionFactory.createException(ExceptionFactory.java:61)
	at com.mysql.cj.exceptions.ExceptionFactory.createException(ExceptionFactory.java:105)
	at com.mysql.cj.exceptions.ExceptionFactory.createException(ExceptionFactory.java:151)
	at com.mysql.cj.exceptions.ExceptionFactory.createCommunicationsException(ExceptionFactory.java:167)
	at com.mysql.cj.protocol.a.NativeSocketConnection.connect(NativeSocketConnection.java:89)
	at com.mysql.cj.NativeSession.connect(NativeSession.java:144)
	at com.mysql.cj.jdbc.ConnectionImpl.connectWithRetries(ConnectionImpl.java:847)
	... 54 common frames omitted
Caused by: java.net.ConnectException: Connection refused: connect
	at java.net.DualStackPlainSocketImpl.waitForConnect(Native Method)
	at java.net.DualStackPlainSocketImpl.socketConnect(DualStackPlainSocketImpl.java:81)
	at java.net.AbstractPlainSocketImpl.doConnect(AbstractPlainSocketImpl.java:476)
	at java.net.AbstractPlainSocketImpl.connectToAddress(AbstractPlainSocketImpl.java:218)
	at java.net.AbstractPlainSocketImpl.connect(AbstractPlainSocketImpl.java:200)
	at java.net.PlainSocketImpl.connect(PlainSocketImpl.java:162)
	at java.net.SocksSocketImpl.connect(SocksSocketImpl.java:394)
	at java.net.Socket.connect(Socket.java:606)
	at com.mysql.cj.protocol.StandardSocketFactory.connect(StandardSocketFactory.java:155)
	at com.mysql.cj.protocol.a.NativeSocketConnection.connect(NativeSocketConnection.java:63)
	... 56 common frames omitted
25-02-07.17:06:53.452 [scheduling-1    ] ERROR NoPayNotifyOrderJob    - 检测未接收到或未正确处理的支付回调通知失败
org.mybatis.spring.MyBatisSystemException: nested exception is org.apache.ibatis.exceptions.PersistenceException: 
### Error querying database.  Cause: org.springframework.jdbc.CannotGetJdbcConnectionException: Failed to obtain JDBC Connection; nested exception is java.sql.SQLNonTransientConnectionException: Could not create connection to database server. Attempted reconnect 3 times. Giving up.
### The error may exist in file [D:\Workspace\s-pay-mall-qiusu\s-pay-mall-controller\target\classes\mybatis\mapper\pay_order_mapper.xml]
### The error may involve org.example.dao.IOrderDao.queryNoPayNotifyOrder
### The error occurred while executing a query
### Cause: org.springframework.jdbc.CannotGetJdbcConnectionException: Failed to obtain JDBC Connection; nested exception is java.sql.SQLNonTransientConnectionException: Could not create connection to database server. Attempted reconnect 3 times. Giving up.
	at org.mybatis.spring.MyBatisExceptionTranslator.translateExceptionIfPossible(MyBatisExceptionTranslator.java:96)
	at org.mybatis.spring.SqlSessionTemplate$SqlSessionInterceptor.invoke(SqlSessionTemplate.java:441)
	at com.sun.proxy.$Proxy69.selectList(Unknown Source)
	at org.mybatis.spring.SqlSessionTemplate.selectList(SqlSessionTemplate.java:224)
	at org.apache.ibatis.binding.MapperMethod.executeForMany(MapperMethod.java:147)
	at org.apache.ibatis.binding.MapperMethod.execute(MapperMethod.java:80)
	at org.apache.ibatis.binding.MapperProxy$PlainMethodInvoker.invoke(MapperProxy.java:152)
	at org.apache.ibatis.binding.MapperProxy.invoke(MapperProxy.java:85)
	at com.sun.proxy.$Proxy70.queryNoPayNotifyOrder(Unknown Source)
	at org.example.service.impl.OrderServiceImpl.queryNoPayNotifyOrder(OrderServiceImpl.java:107)
	at org.example.job.NoPayNotifyOrderJob.exec(NoPayNotifyOrderJob.java:29)
	at sun.reflect.NativeMethodAccessorImpl.invoke0(Native Method)
	at sun.reflect.NativeMethodAccessorImpl.invoke(NativeMethodAccessorImpl.java:62)
	at sun.reflect.DelegatingMethodAccessorImpl.invoke(DelegatingMethodAccessorImpl.java:43)
	at java.lang.reflect.Method.invoke(Method.java:498)
	at org.springframework.scheduling.support.ScheduledMethodRunnable.run(ScheduledMethodRunnable.java:84)
	at org.springframework.scheduling.support.DelegatingErrorHandlingRunnable.run(DelegatingErrorHandlingRunnable.java:54)
	at org.springframework.scheduling.concurrent.ReschedulingRunnable.run(ReschedulingRunnable.java:95)
	at java.util.concurrent.Executors$RunnableAdapter.call(Executors.java:511)
	at java.util.concurrent.FutureTask.run$$$capture(FutureTask.java:266)
	at java.util.concurrent.FutureTask.run(FutureTask.java)
	at java.util.concurrent.ScheduledThreadPoolExecutor$ScheduledFutureTask.access$201(ScheduledThreadPoolExecutor.java:180)
	at java.util.concurrent.ScheduledThreadPoolExecutor$ScheduledFutureTask.run(ScheduledThreadPoolExecutor.java:293)
	at java.util.concurrent.ThreadPoolExecutor.runWorker(ThreadPoolExecutor.java:1149)
	at java.util.concurrent.ThreadPoolExecutor$Worker.run(ThreadPoolExecutor.java:624)
	at java.lang.Thread.run(Thread.java:750)
Caused by: org.apache.ibatis.exceptions.PersistenceException: 
### Error querying database.  Cause: org.springframework.jdbc.CannotGetJdbcConnectionException: Failed to obtain JDBC Connection; nested exception is java.sql.SQLNonTransientConnectionException: Could not create connection to database server. Attempted reconnect 3 times. Giving up.
### The error may exist in file [D:\Workspace\s-pay-mall-qiusu\s-pay-mall-controller\target\classes\mybatis\mapper\pay_order_mapper.xml]
### The error may involve org.example.dao.IOrderDao.queryNoPayNotifyOrder
### The error occurred while executing a query
### Cause: org.springframework.jdbc.CannotGetJdbcConnectionException: Failed to obtain JDBC Connection; nested exception is java.sql.SQLNonTransientConnectionException: Could not create connection to database server. Attempted reconnect 3 times. Giving up.
	at org.apache.ibatis.exceptions.ExceptionFactory.wrapException(ExceptionFactory.java:30)
	at org.apache.ibatis.session.defaults.DefaultSqlSession.selectList(DefaultSqlSession.java:149)
	at org.apache.ibatis.session.defaults.DefaultSqlSession.selectList(DefaultSqlSession.java:140)
	at sun.reflect.NativeMethodAccessorImpl.invoke0(Native Method)
	at sun.reflect.NativeMethodAccessorImpl.invoke(NativeMethodAccessorImpl.java:62)
	at sun.reflect.DelegatingMethodAccessorImpl.invoke(DelegatingMethodAccessorImpl.java:43)
	at java.lang.reflect.Method.invoke(Method.java:498)
	at org.mybatis.spring.SqlSessionTemplate$SqlSessionInterceptor.invoke(SqlSessionTemplate.java:427)
	... 24 common frames omitted
Caused by: org.springframework.jdbc.CannotGetJdbcConnectionException: Failed to obtain JDBC Connection; nested exception is java.sql.SQLNonTransientConnectionException: Could not create connection to database server. Attempted reconnect 3 times. Giving up.
	at org.springframework.jdbc.datasource.DataSourceUtils.getConnection(DataSourceUtils.java:83)
	at org.mybatis.spring.transaction.SpringManagedTransaction.openConnection(SpringManagedTransaction.java:80)
	at org.mybatis.spring.transaction.SpringManagedTransaction.getConnection(SpringManagedTransaction.java:67)
	at org.apache.ibatis.executor.BaseExecutor.getConnection(BaseExecutor.java:337)
	at org.apache.ibatis.executor.SimpleExecutor.prepareStatement(SimpleExecutor.java:86)
	at org.apache.ibatis.executor.SimpleExecutor.doQuery(SimpleExecutor.java:62)
	at org.apache.ibatis.executor.BaseExecutor.queryFromDatabase(BaseExecutor.java:325)
	at org.apache.ibatis.executor.BaseExecutor.query(BaseExecutor.java:156)
	at org.apache.ibatis.executor.CachingExecutor.query(CachingExecutor.java:109)
	at org.apache.ibatis.executor.CachingExecutor.query(CachingExecutor.java:89)
	at org.apache.ibatis.session.defaults.DefaultSqlSession.selectList(DefaultSqlSession.java:147)
	... 30 common frames omitted
Caused by: java.sql.SQLNonTransientConnectionException: Could not create connection to database server. Attempted reconnect 3 times. Giving up.
	at com.mysql.cj.jdbc.exceptions.SQLError.createSQLException(SQLError.java:110)
	at com.mysql.cj.jdbc.exceptions.SQLError.createSQLException(SQLError.java:97)
	at com.mysql.cj.jdbc.exceptions.SQLError.createSQLException(SQLError.java:89)
	at com.mysql.cj.jdbc.exceptions.SQLError.createSQLException(SQLError.java:63)
	at com.mysql.cj.jdbc.exceptions.SQLError.createSQLException(SQLError.java:73)
	at com.mysql.cj.jdbc.ConnectionImpl.connectWithRetries(ConnectionImpl.java:903)
	at com.mysql.cj.jdbc.ConnectionImpl.createNewIO(ConnectionImpl.java:828)
	at com.mysql.cj.jdbc.ConnectionImpl.<init>(ConnectionImpl.java:453)
	at com.mysql.cj.jdbc.ConnectionImpl.getInstance(ConnectionImpl.java:246)
	at com.mysql.cj.jdbc.NonRegisteringDriver.connect(NonRegisteringDriver.java:198)
	at com.zaxxer.hikari.util.DriverDataSource.getConnection(DriverDataSource.java:138)
	at com.zaxxer.hikari.pool.PoolBase.newConnection(PoolBase.java:364)
	at com.zaxxer.hikari.pool.PoolBase.newPoolEntry(PoolBase.java:206)
	at com.zaxxer.hikari.pool.HikariPool.createPoolEntry(HikariPool.java:476)
	at com.zaxxer.hikari.pool.HikariPool.checkFailFast(HikariPool.java:561)
	at com.zaxxer.hikari.pool.HikariPool.<init>(HikariPool.java:115)
	at com.zaxxer.hikari.HikariDataSource.getConnection(HikariDataSource.java:112)
	at org.springframework.jdbc.datasource.DataSourceUtils.fetchConnection(DataSourceUtils.java:159)
	at org.springframework.jdbc.datasource.DataSourceUtils.doGetConnection(DataSourceUtils.java:117)
	at org.springframework.jdbc.datasource.DataSourceUtils.getConnection(DataSourceUtils.java:80)
	... 40 common frames omitted
Caused by: com.mysql.cj.exceptions.CJCommunicationsException: Communications link failure

The last packet sent successfully to the server was 0 milliseconds ago. The driver has not received any packets from the server.
	at sun.reflect.NativeConstructorAccessorImpl.newInstance0(Native Method)
	at sun.reflect.NativeConstructorAccessorImpl.newInstance(NativeConstructorAccessorImpl.java:62)
	at sun.reflect.DelegatingConstructorAccessorImpl.newInstance(DelegatingConstructorAccessorImpl.java:45)
	at java.lang.reflect.Constructor.newInstance(Constructor.java:423)
	at com.mysql.cj.exceptions.ExceptionFactory.createException(ExceptionFactory.java:61)
	at com.mysql.cj.exceptions.ExceptionFactory.createException(ExceptionFactory.java:105)
	at com.mysql.cj.exceptions.ExceptionFactory.createException(ExceptionFactory.java:151)
	at com.mysql.cj.exceptions.ExceptionFactory.createCommunicationsException(ExceptionFactory.java:167)
	at com.mysql.cj.protocol.a.NativeSocketConnection.connect(NativeSocketConnection.java:89)
	at com.mysql.cj.NativeSession.connect(NativeSession.java:144)
	at com.mysql.cj.jdbc.ConnectionImpl.connectWithRetries(ConnectionImpl.java:847)
	... 54 common frames omitted
Caused by: java.net.ConnectException: Connection refused: connect
	at java.net.DualStackPlainSocketImpl.waitForConnect(Native Method)
	at java.net.DualStackPlainSocketImpl.socketConnect(DualStackPlainSocketImpl.java:81)
	at java.net.AbstractPlainSocketImpl.doConnect(AbstractPlainSocketImpl.java:476)
	at java.net.AbstractPlainSocketImpl.connectToAddress(AbstractPlainSocketImpl.java:218)
	at java.net.AbstractPlainSocketImpl.connect(AbstractPlainSocketImpl.java:200)
	at java.net.PlainSocketImpl.connect(PlainSocketImpl.java:162)
	at java.net.SocksSocketImpl.connect(SocksSocketImpl.java:394)
	at java.net.Socket.connect(Socket.java:606)
	at com.mysql.cj.protocol.StandardSocketFactory.connect(StandardSocketFactory.java:155)
	at com.mysql.cj.protocol.a.NativeSocketConnection.connect(NativeSocketConnection.java:63)
	... 56 common frames omitted
25-02-07.17:06:55.000 [scheduling-1    ] INFO  NoPayNotifyOrderJob    - 任务；检测未接收到或未正确处理的支付回调通知
25-02-07.17:06:55.001 [scheduling-1    ] INFO  HikariDataSource       - HikariPool-1 - Starting...
25-02-07.17:07:06.153 [scheduling-1    ] ERROR HikariPool             - HikariPool-1 - Exception during pool initialization.
java.sql.SQLNonTransientConnectionException: Could not create connection to database server. Attempted reconnect 3 times. Giving up.
	at com.mysql.cj.jdbc.exceptions.SQLError.createSQLException(SQLError.java:110)
	at com.mysql.cj.jdbc.exceptions.SQLError.createSQLException(SQLError.java:97)
	at com.mysql.cj.jdbc.exceptions.SQLError.createSQLException(SQLError.java:89)
	at com.mysql.cj.jdbc.exceptions.SQLError.createSQLException(SQLError.java:63)
	at com.mysql.cj.jdbc.exceptions.SQLError.createSQLException(SQLError.java:73)
	at com.mysql.cj.jdbc.ConnectionImpl.connectWithRetries(ConnectionImpl.java:903)
	at com.mysql.cj.jdbc.ConnectionImpl.createNewIO(ConnectionImpl.java:828)
	at com.mysql.cj.jdbc.ConnectionImpl.<init>(ConnectionImpl.java:453)
	at com.mysql.cj.jdbc.ConnectionImpl.getInstance(ConnectionImpl.java:246)
	at com.mysql.cj.jdbc.NonRegisteringDriver.connect(NonRegisteringDriver.java:198)
	at com.zaxxer.hikari.util.DriverDataSource.getConnection(DriverDataSource.java:138)
	at com.zaxxer.hikari.pool.PoolBase.newConnection(PoolBase.java:364)
	at com.zaxxer.hikari.pool.PoolBase.newPoolEntry(PoolBase.java:206)
	at com.zaxxer.hikari.pool.HikariPool.createPoolEntry(HikariPool.java:476)
	at com.zaxxer.hikari.pool.HikariPool.checkFailFast(HikariPool.java:561)
	at com.zaxxer.hikari.pool.HikariPool.<init>(HikariPool.java:115)
	at com.zaxxer.hikari.HikariDataSource.getConnection(HikariDataSource.java:112)
	at org.springframework.jdbc.datasource.DataSourceUtils.fetchConnection(DataSourceUtils.java:159)
	at org.springframework.jdbc.datasource.DataSourceUtils.doGetConnection(DataSourceUtils.java:117)
	at org.springframework.jdbc.datasource.DataSourceUtils.getConnection(DataSourceUtils.java:80)
	at org.mybatis.spring.transaction.SpringManagedTransaction.openConnection(SpringManagedTransaction.java:80)
	at org.mybatis.spring.transaction.SpringManagedTransaction.getConnection(SpringManagedTransaction.java:67)
	at org.apache.ibatis.executor.BaseExecutor.getConnection(BaseExecutor.java:337)
	at org.apache.ibatis.executor.SimpleExecutor.prepareStatement(SimpleExecutor.java:86)
	at org.apache.ibatis.executor.SimpleExecutor.doQuery(SimpleExecutor.java:62)
	at org.apache.ibatis.executor.BaseExecutor.queryFromDatabase(BaseExecutor.java:325)
	at org.apache.ibatis.executor.BaseExecutor.query(BaseExecutor.java:156)
	at org.apache.ibatis.executor.CachingExecutor.query(CachingExecutor.java:109)
	at org.apache.ibatis.executor.CachingExecutor.query(CachingExecutor.java:89)
	at org.apache.ibatis.session.defaults.DefaultSqlSession.selectList(DefaultSqlSession.java:147)
	at org.apache.ibatis.session.defaults.DefaultSqlSession.selectList(DefaultSqlSession.java:140)
	at sun.reflect.NativeMethodAccessorImpl.invoke0(Native Method)
	at sun.reflect.NativeMethodAccessorImpl.invoke(NativeMethodAccessorImpl.java:62)
	at sun.reflect.DelegatingMethodAccessorImpl.invoke(DelegatingMethodAccessorImpl.java:43)
	at java.lang.reflect.Method.invoke(Method.java:498)
	at org.mybatis.spring.SqlSessionTemplate$SqlSessionInterceptor.invoke(SqlSessionTemplate.java:427)
	at com.sun.proxy.$Proxy69.selectList(Unknown Source)
	at org.mybatis.spring.SqlSessionTemplate.selectList(SqlSessionTemplate.java:224)
	at org.apache.ibatis.binding.MapperMethod.executeForMany(MapperMethod.java:147)
	at org.apache.ibatis.binding.MapperMethod.execute(MapperMethod.java:80)
	at org.apache.ibatis.binding.MapperProxy$PlainMethodInvoker.invoke(MapperProxy.java:152)
	at org.apache.ibatis.binding.MapperProxy.invoke(MapperProxy.java:85)
	at com.sun.proxy.$Proxy70.queryNoPayNotifyOrder(Unknown Source)
	at org.example.service.impl.OrderServiceImpl.queryNoPayNotifyOrder(OrderServiceImpl.java:107)
	at org.example.job.NoPayNotifyOrderJob.exec(NoPayNotifyOrderJob.java:29)
	at sun.reflect.NativeMethodAccessorImpl.invoke0(Native Method)
	at sun.reflect.NativeMethodAccessorImpl.invoke(NativeMethodAccessorImpl.java:62)
	at sun.reflect.DelegatingMethodAccessorImpl.invoke(DelegatingMethodAccessorImpl.java:43)
	at java.lang.reflect.Method.invoke(Method.java:498)
	at org.springframework.scheduling.support.ScheduledMethodRunnable.run(ScheduledMethodRunnable.java:84)
	at org.springframework.scheduling.support.DelegatingErrorHandlingRunnable.run(DelegatingErrorHandlingRunnable.java:54)
	at org.springframework.scheduling.concurrent.ReschedulingRunnable.run(ReschedulingRunnable.java:95)
	at java.util.concurrent.Executors$RunnableAdapter.call(Executors.java:511)
	at java.util.concurrent.FutureTask.run$$$capture(FutureTask.java:266)
	at java.util.concurrent.FutureTask.run(FutureTask.java)
	at java.util.concurrent.ScheduledThreadPoolExecutor$ScheduledFutureTask.access$201(ScheduledThreadPoolExecutor.java:180)
	at java.util.concurrent.ScheduledThreadPoolExecutor$ScheduledFutureTask.run(ScheduledThreadPoolExecutor.java:293)
	at java.util.concurrent.ThreadPoolExecutor.runWorker(ThreadPoolExecutor.java:1149)
	at java.util.concurrent.ThreadPoolExecutor$Worker.run(ThreadPoolExecutor.java:624)
	at java.lang.Thread.run(Thread.java:750)
Caused by: com.mysql.cj.exceptions.CJCommunicationsException: Communications link failure

The last packet sent successfully to the server was 0 milliseconds ago. The driver has not received any packets from the server.
	at sun.reflect.NativeConstructorAccessorImpl.newInstance0(Native Method)
	at sun.reflect.NativeConstructorAccessorImpl.newInstance(NativeConstructorAccessorImpl.java:62)
	at sun.reflect.DelegatingConstructorAccessorImpl.newInstance(DelegatingConstructorAccessorImpl.java:45)
	at java.lang.reflect.Constructor.newInstance(Constructor.java:423)
	at com.mysql.cj.exceptions.ExceptionFactory.createException(ExceptionFactory.java:61)
	at com.mysql.cj.exceptions.ExceptionFactory.createException(ExceptionFactory.java:105)
	at com.mysql.cj.exceptions.ExceptionFactory.createException(ExceptionFactory.java:151)
	at com.mysql.cj.exceptions.ExceptionFactory.createCommunicationsException(ExceptionFactory.java:167)
	at com.mysql.cj.protocol.a.NativeSocketConnection.connect(NativeSocketConnection.java:89)
	at com.mysql.cj.NativeSession.connect(NativeSession.java:144)
	at com.mysql.cj.jdbc.ConnectionImpl.connectWithRetries(ConnectionImpl.java:847)
	... 54 common frames omitted
Caused by: java.net.ConnectException: Connection refused: connect
	at java.net.DualStackPlainSocketImpl.waitForConnect(Native Method)
	at java.net.DualStackPlainSocketImpl.socketConnect(DualStackPlainSocketImpl.java:81)
	at java.net.AbstractPlainSocketImpl.doConnect(AbstractPlainSocketImpl.java:476)
	at java.net.AbstractPlainSocketImpl.connectToAddress(AbstractPlainSocketImpl.java:218)
	at java.net.AbstractPlainSocketImpl.connect(AbstractPlainSocketImpl.java:200)
	at java.net.PlainSocketImpl.connect(PlainSocketImpl.java:162)
	at java.net.SocksSocketImpl.connect(SocksSocketImpl.java:394)
	at java.net.Socket.connect(Socket.java:606)
	at com.mysql.cj.protocol.StandardSocketFactory.connect(StandardSocketFactory.java:155)
	at com.mysql.cj.protocol.a.NativeSocketConnection.connect(NativeSocketConnection.java:63)
	... 56 common frames omitted
25-02-07.17:07:06.158 [scheduling-1    ] ERROR NoPayNotifyOrderJob    - 检测未接收到或未正确处理的支付回调通知失败
org.mybatis.spring.MyBatisSystemException: nested exception is org.apache.ibatis.exceptions.PersistenceException: 
### Error querying database.  Cause: org.springframework.jdbc.CannotGetJdbcConnectionException: Failed to obtain JDBC Connection; nested exception is java.sql.SQLNonTransientConnectionException: Could not create connection to database server. Attempted reconnect 3 times. Giving up.
### The error may exist in file [D:\Workspace\s-pay-mall-qiusu\s-pay-mall-controller\target\classes\mybatis\mapper\pay_order_mapper.xml]
### The error may involve org.example.dao.IOrderDao.queryNoPayNotifyOrder
### The error occurred while executing a query
### Cause: org.springframework.jdbc.CannotGetJdbcConnectionException: Failed to obtain JDBC Connection; nested exception is java.sql.SQLNonTransientConnectionException: Could not create connection to database server. Attempted reconnect 3 times. Giving up.
	at org.mybatis.spring.MyBatisExceptionTranslator.translateExceptionIfPossible(MyBatisExceptionTranslator.java:96)
	at org.mybatis.spring.SqlSessionTemplate$SqlSessionInterceptor.invoke(SqlSessionTemplate.java:441)
	at com.sun.proxy.$Proxy69.selectList(Unknown Source)
	at org.mybatis.spring.SqlSessionTemplate.selectList(SqlSessionTemplate.java:224)
	at org.apache.ibatis.binding.MapperMethod.executeForMany(MapperMethod.java:147)
	at org.apache.ibatis.binding.MapperMethod.execute(MapperMethod.java:80)
	at org.apache.ibatis.binding.MapperProxy$PlainMethodInvoker.invoke(MapperProxy.java:152)
	at org.apache.ibatis.binding.MapperProxy.invoke(MapperProxy.java:85)
	at com.sun.proxy.$Proxy70.queryNoPayNotifyOrder(Unknown Source)
	at org.example.service.impl.OrderServiceImpl.queryNoPayNotifyOrder(OrderServiceImpl.java:107)
	at org.example.job.NoPayNotifyOrderJob.exec(NoPayNotifyOrderJob.java:29)
	at sun.reflect.NativeMethodAccessorImpl.invoke0(Native Method)
	at sun.reflect.NativeMethodAccessorImpl.invoke(NativeMethodAccessorImpl.java:62)
	at sun.reflect.DelegatingMethodAccessorImpl.invoke(DelegatingMethodAccessorImpl.java:43)
	at java.lang.reflect.Method.invoke(Method.java:498)
	at org.springframework.scheduling.support.ScheduledMethodRunnable.run(ScheduledMethodRunnable.java:84)
	at org.springframework.scheduling.support.DelegatingErrorHandlingRunnable.run(DelegatingErrorHandlingRunnable.java:54)
	at org.springframework.scheduling.concurrent.ReschedulingRunnable.run(ReschedulingRunnable.java:95)
	at java.util.concurrent.Executors$RunnableAdapter.call(Executors.java:511)
	at java.util.concurrent.FutureTask.run$$$capture(FutureTask.java:266)
	at java.util.concurrent.FutureTask.run(FutureTask.java)
	at java.util.concurrent.ScheduledThreadPoolExecutor$ScheduledFutureTask.access$201(ScheduledThreadPoolExecutor.java:180)
	at java.util.concurrent.ScheduledThreadPoolExecutor$ScheduledFutureTask.run(ScheduledThreadPoolExecutor.java:293)
	at java.util.concurrent.ThreadPoolExecutor.runWorker(ThreadPoolExecutor.java:1149)
	at java.util.concurrent.ThreadPoolExecutor$Worker.run(ThreadPoolExecutor.java:624)
	at java.lang.Thread.run(Thread.java:750)
Caused by: org.apache.ibatis.exceptions.PersistenceException: 
### Error querying database.  Cause: org.springframework.jdbc.CannotGetJdbcConnectionException: Failed to obtain JDBC Connection; nested exception is java.sql.SQLNonTransientConnectionException: Could not create connection to database server. Attempted reconnect 3 times. Giving up.
### The error may exist in file [D:\Workspace\s-pay-mall-qiusu\s-pay-mall-controller\target\classes\mybatis\mapper\pay_order_mapper.xml]
### The error may involve org.example.dao.IOrderDao.queryNoPayNotifyOrder
### The error occurred while executing a query
### Cause: org.springframework.jdbc.CannotGetJdbcConnectionException: Failed to obtain JDBC Connection; nested exception is java.sql.SQLNonTransientConnectionException: Could not create connection to database server. Attempted reconnect 3 times. Giving up.
	at org.apache.ibatis.exceptions.ExceptionFactory.wrapException(ExceptionFactory.java:30)
	at org.apache.ibatis.session.defaults.DefaultSqlSession.selectList(DefaultSqlSession.java:149)
	at org.apache.ibatis.session.defaults.DefaultSqlSession.selectList(DefaultSqlSession.java:140)
	at sun.reflect.NativeMethodAccessorImpl.invoke0(Native Method)
	at sun.reflect.NativeMethodAccessorImpl.invoke(NativeMethodAccessorImpl.java:62)
	at sun.reflect.DelegatingMethodAccessorImpl.invoke(DelegatingMethodAccessorImpl.java:43)
	at java.lang.reflect.Method.invoke(Method.java:498)
	at org.mybatis.spring.SqlSessionTemplate$SqlSessionInterceptor.invoke(SqlSessionTemplate.java:427)
	... 24 common frames omitted
Caused by: org.springframework.jdbc.CannotGetJdbcConnectionException: Failed to obtain JDBC Connection; nested exception is java.sql.SQLNonTransientConnectionException: Could not create connection to database server. Attempted reconnect 3 times. Giving up.
	at org.springframework.jdbc.datasource.DataSourceUtils.getConnection(DataSourceUtils.java:83)
	at org.mybatis.spring.transaction.SpringManagedTransaction.openConnection(SpringManagedTransaction.java:80)
	at org.mybatis.spring.transaction.SpringManagedTransaction.getConnection(SpringManagedTransaction.java:67)
	at org.apache.ibatis.executor.BaseExecutor.getConnection(BaseExecutor.java:337)
	at org.apache.ibatis.executor.SimpleExecutor.prepareStatement(SimpleExecutor.java:86)
	at org.apache.ibatis.executor.SimpleExecutor.doQuery(SimpleExecutor.java:62)
	at org.apache.ibatis.executor.BaseExecutor.queryFromDatabase(BaseExecutor.java:325)
	at org.apache.ibatis.executor.BaseExecutor.query(BaseExecutor.java:156)
	at org.apache.ibatis.executor.CachingExecutor.query(CachingExecutor.java:109)
	at org.apache.ibatis.executor.CachingExecutor.query(CachingExecutor.java:89)
	at org.apache.ibatis.session.defaults.DefaultSqlSession.selectList(DefaultSqlSession.java:147)
	... 30 common frames omitted
Caused by: java.sql.SQLNonTransientConnectionException: Could not create connection to database server. Attempted reconnect 3 times. Giving up.
	at com.mysql.cj.jdbc.exceptions.SQLError.createSQLException(SQLError.java:110)
	at com.mysql.cj.jdbc.exceptions.SQLError.createSQLException(SQLError.java:97)
	at com.mysql.cj.jdbc.exceptions.SQLError.createSQLException(SQLError.java:89)
	at com.mysql.cj.jdbc.exceptions.SQLError.createSQLException(SQLError.java:63)
	at com.mysql.cj.jdbc.exceptions.SQLError.createSQLException(SQLError.java:73)
	at com.mysql.cj.jdbc.ConnectionImpl.connectWithRetries(ConnectionImpl.java:903)
	at com.mysql.cj.jdbc.ConnectionImpl.createNewIO(ConnectionImpl.java:828)
	at com.mysql.cj.jdbc.ConnectionImpl.<init>(ConnectionImpl.java:453)
	at com.mysql.cj.jdbc.ConnectionImpl.getInstance(ConnectionImpl.java:246)
	at com.mysql.cj.jdbc.NonRegisteringDriver.connect(NonRegisteringDriver.java:198)
	at com.zaxxer.hikari.util.DriverDataSource.getConnection(DriverDataSource.java:138)
	at com.zaxxer.hikari.pool.PoolBase.newConnection(PoolBase.java:364)
	at com.zaxxer.hikari.pool.PoolBase.newPoolEntry(PoolBase.java:206)
	at com.zaxxer.hikari.pool.HikariPool.createPoolEntry(HikariPool.java:476)
	at com.zaxxer.hikari.pool.HikariPool.checkFailFast(HikariPool.java:561)
	at com.zaxxer.hikari.pool.HikariPool.<init>(HikariPool.java:115)
	at com.zaxxer.hikari.HikariDataSource.getConnection(HikariDataSource.java:112)
	at org.springframework.jdbc.datasource.DataSourceUtils.fetchConnection(DataSourceUtils.java:159)
	at org.springframework.jdbc.datasource.DataSourceUtils.doGetConnection(DataSourceUtils.java:117)
	at org.springframework.jdbc.datasource.DataSourceUtils.getConnection(DataSourceUtils.java:80)
	... 40 common frames omitted
Caused by: com.mysql.cj.exceptions.CJCommunicationsException: Communications link failure

The last packet sent successfully to the server was 0 milliseconds ago. The driver has not received any packets from the server.
	at sun.reflect.NativeConstructorAccessorImpl.newInstance0(Native Method)
	at sun.reflect.NativeConstructorAccessorImpl.newInstance(NativeConstructorAccessorImpl.java:62)
	at sun.reflect.DelegatingConstructorAccessorImpl.newInstance(DelegatingConstructorAccessorImpl.java:45)
	at java.lang.reflect.Constructor.newInstance(Constructor.java:423)
	at com.mysql.cj.exceptions.ExceptionFactory.createException(ExceptionFactory.java:61)
	at com.mysql.cj.exceptions.ExceptionFactory.createException(ExceptionFactory.java:105)
	at com.mysql.cj.exceptions.ExceptionFactory.createException(ExceptionFactory.java:151)
	at com.mysql.cj.exceptions.ExceptionFactory.createCommunicationsException(ExceptionFactory.java:167)
	at com.mysql.cj.protocol.a.NativeSocketConnection.connect(NativeSocketConnection.java:89)
	at com.mysql.cj.NativeSession.connect(NativeSession.java:144)
	at com.mysql.cj.jdbc.ConnectionImpl.connectWithRetries(ConnectionImpl.java:847)
	... 54 common frames omitted
Caused by: java.net.ConnectException: Connection refused: connect
	at java.net.DualStackPlainSocketImpl.waitForConnect(Native Method)
	at java.net.DualStackPlainSocketImpl.socketConnect(DualStackPlainSocketImpl.java:81)
	at java.net.AbstractPlainSocketImpl.doConnect(AbstractPlainSocketImpl.java:476)
	at java.net.AbstractPlainSocketImpl.connectToAddress(AbstractPlainSocketImpl.java:218)
	at java.net.AbstractPlainSocketImpl.connect(AbstractPlainSocketImpl.java:200)
	at java.net.PlainSocketImpl.connect(PlainSocketImpl.java:162)
	at java.net.SocksSocketImpl.connect(SocksSocketImpl.java:394)
	at java.net.Socket.connect(Socket.java:606)
	at com.mysql.cj.protocol.StandardSocketFactory.connect(StandardSocketFactory.java:155)
	at com.mysql.cj.protocol.a.NativeSocketConnection.connect(NativeSocketConnection.java:63)
	... 56 common frames omitted
25-02-07.17:07:10.013 [scheduling-1    ] INFO  NoPayNotifyOrderJob    - 任务；检测未接收到或未正确处理的支付回调通知
25-02-07.17:07:10.014 [scheduling-1    ] INFO  HikariDataSource       - HikariPool-1 - Starting...
25-02-07.17:07:21.161 [scheduling-1    ] ERROR HikariPool             - HikariPool-1 - Exception during pool initialization.
java.sql.SQLNonTransientConnectionException: Could not create connection to database server. Attempted reconnect 3 times. Giving up.
	at com.mysql.cj.jdbc.exceptions.SQLError.createSQLException(SQLError.java:110)
	at com.mysql.cj.jdbc.exceptions.SQLError.createSQLException(SQLError.java:97)
	at com.mysql.cj.jdbc.exceptions.SQLError.createSQLException(SQLError.java:89)
	at com.mysql.cj.jdbc.exceptions.SQLError.createSQLException(SQLError.java:63)
	at com.mysql.cj.jdbc.exceptions.SQLError.createSQLException(SQLError.java:73)
	at com.mysql.cj.jdbc.ConnectionImpl.connectWithRetries(ConnectionImpl.java:903)
	at com.mysql.cj.jdbc.ConnectionImpl.createNewIO(ConnectionImpl.java:828)
	at com.mysql.cj.jdbc.ConnectionImpl.<init>(ConnectionImpl.java:453)
	at com.mysql.cj.jdbc.ConnectionImpl.getInstance(ConnectionImpl.java:246)
	at com.mysql.cj.jdbc.NonRegisteringDriver.connect(NonRegisteringDriver.java:198)
	at com.zaxxer.hikari.util.DriverDataSource.getConnection(DriverDataSource.java:138)
	at com.zaxxer.hikari.pool.PoolBase.newConnection(PoolBase.java:364)
	at com.zaxxer.hikari.pool.PoolBase.newPoolEntry(PoolBase.java:206)
	at com.zaxxer.hikari.pool.HikariPool.createPoolEntry(HikariPool.java:476)
	at com.zaxxer.hikari.pool.HikariPool.checkFailFast(HikariPool.java:561)
	at com.zaxxer.hikari.pool.HikariPool.<init>(HikariPool.java:115)
	at com.zaxxer.hikari.HikariDataSource.getConnection(HikariDataSource.java:112)
	at org.springframework.jdbc.datasource.DataSourceUtils.fetchConnection(DataSourceUtils.java:159)
	at org.springframework.jdbc.datasource.DataSourceUtils.doGetConnection(DataSourceUtils.java:117)
	at org.springframework.jdbc.datasource.DataSourceUtils.getConnection(DataSourceUtils.java:80)
	at org.mybatis.spring.transaction.SpringManagedTransaction.openConnection(SpringManagedTransaction.java:80)
	at org.mybatis.spring.transaction.SpringManagedTransaction.getConnection(SpringManagedTransaction.java:67)
	at org.apache.ibatis.executor.BaseExecutor.getConnection(BaseExecutor.java:337)
	at org.apache.ibatis.executor.SimpleExecutor.prepareStatement(SimpleExecutor.java:86)
	at org.apache.ibatis.executor.SimpleExecutor.doQuery(SimpleExecutor.java:62)
	at org.apache.ibatis.executor.BaseExecutor.queryFromDatabase(BaseExecutor.java:325)
	at org.apache.ibatis.executor.BaseExecutor.query(BaseExecutor.java:156)
	at org.apache.ibatis.executor.CachingExecutor.query(CachingExecutor.java:109)
	at org.apache.ibatis.executor.CachingExecutor.query(CachingExecutor.java:89)
	at org.apache.ibatis.session.defaults.DefaultSqlSession.selectList(DefaultSqlSession.java:147)
	at org.apache.ibatis.session.defaults.DefaultSqlSession.selectList(DefaultSqlSession.java:140)
	at sun.reflect.NativeMethodAccessorImpl.invoke0(Native Method)
	at sun.reflect.NativeMethodAccessorImpl.invoke(NativeMethodAccessorImpl.java:62)
	at sun.reflect.DelegatingMethodAccessorImpl.invoke(DelegatingMethodAccessorImpl.java:43)
	at java.lang.reflect.Method.invoke(Method.java:498)
	at org.mybatis.spring.SqlSessionTemplate$SqlSessionInterceptor.invoke(SqlSessionTemplate.java:427)
	at com.sun.proxy.$Proxy69.selectList(Unknown Source)
	at org.mybatis.spring.SqlSessionTemplate.selectList(SqlSessionTemplate.java:224)
	at org.apache.ibatis.binding.MapperMethod.executeForMany(MapperMethod.java:147)
	at org.apache.ibatis.binding.MapperMethod.execute(MapperMethod.java:80)
	at org.apache.ibatis.binding.MapperProxy$PlainMethodInvoker.invoke(MapperProxy.java:152)
	at org.apache.ibatis.binding.MapperProxy.invoke(MapperProxy.java:85)
	at com.sun.proxy.$Proxy70.queryNoPayNotifyOrder(Unknown Source)
	at org.example.service.impl.OrderServiceImpl.queryNoPayNotifyOrder(OrderServiceImpl.java:107)
	at org.example.job.NoPayNotifyOrderJob.exec(NoPayNotifyOrderJob.java:29)
	at sun.reflect.NativeMethodAccessorImpl.invoke0(Native Method)
	at sun.reflect.NativeMethodAccessorImpl.invoke(NativeMethodAccessorImpl.java:62)
	at sun.reflect.DelegatingMethodAccessorImpl.invoke(DelegatingMethodAccessorImpl.java:43)
	at java.lang.reflect.Method.invoke(Method.java:498)
	at org.springframework.scheduling.support.ScheduledMethodRunnable.run(ScheduledMethodRunnable.java:84)
	at org.springframework.scheduling.support.DelegatingErrorHandlingRunnable.run(DelegatingErrorHandlingRunnable.java:54)
	at org.springframework.scheduling.concurrent.ReschedulingRunnable.run(ReschedulingRunnable.java:95)
	at java.util.concurrent.Executors$RunnableAdapter.call(Executors.java:511)
	at java.util.concurrent.FutureTask.run$$$capture(FutureTask.java:266)
	at java.util.concurrent.FutureTask.run(FutureTask.java)
	at java.util.concurrent.ScheduledThreadPoolExecutor$ScheduledFutureTask.access$201(ScheduledThreadPoolExecutor.java:180)
	at java.util.concurrent.ScheduledThreadPoolExecutor$ScheduledFutureTask.run(ScheduledThreadPoolExecutor.java:293)
	at java.util.concurrent.ThreadPoolExecutor.runWorker(ThreadPoolExecutor.java:1149)
	at java.util.concurrent.ThreadPoolExecutor$Worker.run(ThreadPoolExecutor.java:624)
	at java.lang.Thread.run(Thread.java:750)
Caused by: com.mysql.cj.exceptions.CJCommunicationsException: Communications link failure

The last packet sent successfully to the server was 0 milliseconds ago. The driver has not received any packets from the server.
	at sun.reflect.NativeConstructorAccessorImpl.newInstance0(Native Method)
	at sun.reflect.NativeConstructorAccessorImpl.newInstance(NativeConstructorAccessorImpl.java:62)
	at sun.reflect.DelegatingConstructorAccessorImpl.newInstance(DelegatingConstructorAccessorImpl.java:45)
	at java.lang.reflect.Constructor.newInstance(Constructor.java:423)
	at com.mysql.cj.exceptions.ExceptionFactory.createException(ExceptionFactory.java:61)
	at com.mysql.cj.exceptions.ExceptionFactory.createException(ExceptionFactory.java:105)
	at com.mysql.cj.exceptions.ExceptionFactory.createException(ExceptionFactory.java:151)
	at com.mysql.cj.exceptions.ExceptionFactory.createCommunicationsException(ExceptionFactory.java:167)
	at com.mysql.cj.protocol.a.NativeSocketConnection.connect(NativeSocketConnection.java:89)
	at com.mysql.cj.NativeSession.connect(NativeSession.java:144)
	at com.mysql.cj.jdbc.ConnectionImpl.connectWithRetries(ConnectionImpl.java:847)
	... 54 common frames omitted
Caused by: java.net.ConnectException: Connection refused: connect
	at java.net.DualStackPlainSocketImpl.waitForConnect(Native Method)
	at java.net.DualStackPlainSocketImpl.socketConnect(DualStackPlainSocketImpl.java:81)
	at java.net.AbstractPlainSocketImpl.doConnect(AbstractPlainSocketImpl.java:476)
	at java.net.AbstractPlainSocketImpl.connectToAddress(AbstractPlainSocketImpl.java:218)
	at java.net.AbstractPlainSocketImpl.connect(AbstractPlainSocketImpl.java:200)
	at java.net.PlainSocketImpl.connect(PlainSocketImpl.java:162)
	at java.net.SocksSocketImpl.connect(SocksSocketImpl.java:394)
	at java.net.Socket.connect(Socket.java:606)
	at com.mysql.cj.protocol.StandardSocketFactory.connect(StandardSocketFactory.java:155)
	at com.mysql.cj.protocol.a.NativeSocketConnection.connect(NativeSocketConnection.java:63)
	... 56 common frames omitted
25-02-07.17:07:21.166 [scheduling-1    ] ERROR NoPayNotifyOrderJob    - 检测未接收到或未正确处理的支付回调通知失败
org.mybatis.spring.MyBatisSystemException: nested exception is org.apache.ibatis.exceptions.PersistenceException: 
### Error querying database.  Cause: org.springframework.jdbc.CannotGetJdbcConnectionException: Failed to obtain JDBC Connection; nested exception is java.sql.SQLNonTransientConnectionException: Could not create connection to database server. Attempted reconnect 3 times. Giving up.
### The error may exist in file [D:\Workspace\s-pay-mall-qiusu\s-pay-mall-controller\target\classes\mybatis\mapper\pay_order_mapper.xml]
### The error may involve org.example.dao.IOrderDao.queryNoPayNotifyOrder
### The error occurred while executing a query
### Cause: org.springframework.jdbc.CannotGetJdbcConnectionException: Failed to obtain JDBC Connection; nested exception is java.sql.SQLNonTransientConnectionException: Could not create connection to database server. Attempted reconnect 3 times. Giving up.
	at org.mybatis.spring.MyBatisExceptionTranslator.translateExceptionIfPossible(MyBatisExceptionTranslator.java:96)
	at org.mybatis.spring.SqlSessionTemplate$SqlSessionInterceptor.invoke(SqlSessionTemplate.java:441)
	at com.sun.proxy.$Proxy69.selectList(Unknown Source)
	at org.mybatis.spring.SqlSessionTemplate.selectList(SqlSessionTemplate.java:224)
	at org.apache.ibatis.binding.MapperMethod.executeForMany(MapperMethod.java:147)
	at org.apache.ibatis.binding.MapperMethod.execute(MapperMethod.java:80)
	at org.apache.ibatis.binding.MapperProxy$PlainMethodInvoker.invoke(MapperProxy.java:152)
	at org.apache.ibatis.binding.MapperProxy.invoke(MapperProxy.java:85)
	at com.sun.proxy.$Proxy70.queryNoPayNotifyOrder(Unknown Source)
	at org.example.service.impl.OrderServiceImpl.queryNoPayNotifyOrder(OrderServiceImpl.java:107)
	at org.example.job.NoPayNotifyOrderJob.exec(NoPayNotifyOrderJob.java:29)
	at sun.reflect.NativeMethodAccessorImpl.invoke0(Native Method)
	at sun.reflect.NativeMethodAccessorImpl.invoke(NativeMethodAccessorImpl.java:62)
	at sun.reflect.DelegatingMethodAccessorImpl.invoke(DelegatingMethodAccessorImpl.java:43)
	at java.lang.reflect.Method.invoke(Method.java:498)
	at org.springframework.scheduling.support.ScheduledMethodRunnable.run(ScheduledMethodRunnable.java:84)
	at org.springframework.scheduling.support.DelegatingErrorHandlingRunnable.run(DelegatingErrorHandlingRunnable.java:54)
	at org.springframework.scheduling.concurrent.ReschedulingRunnable.run(ReschedulingRunnable.java:95)
	at java.util.concurrent.Executors$RunnableAdapter.call(Executors.java:511)
	at java.util.concurrent.FutureTask.run$$$capture(FutureTask.java:266)
	at java.util.concurrent.FutureTask.run(FutureTask.java)
	at java.util.concurrent.ScheduledThreadPoolExecutor$ScheduledFutureTask.access$201(ScheduledThreadPoolExecutor.java:180)
	at java.util.concurrent.ScheduledThreadPoolExecutor$ScheduledFutureTask.run(ScheduledThreadPoolExecutor.java:293)
	at java.util.concurrent.ThreadPoolExecutor.runWorker(ThreadPoolExecutor.java:1149)
	at java.util.concurrent.ThreadPoolExecutor$Worker.run(ThreadPoolExecutor.java:624)
	at java.lang.Thread.run(Thread.java:750)
Caused by: org.apache.ibatis.exceptions.PersistenceException: 
### Error querying database.  Cause: org.springframework.jdbc.CannotGetJdbcConnectionException: Failed to obtain JDBC Connection; nested exception is java.sql.SQLNonTransientConnectionException: Could not create connection to database server. Attempted reconnect 3 times. Giving up.
### The error may exist in file [D:\Workspace\s-pay-mall-qiusu\s-pay-mall-controller\target\classes\mybatis\mapper\pay_order_mapper.xml]
### The error may involve org.example.dao.IOrderDao.queryNoPayNotifyOrder
### The error occurred while executing a query
### Cause: org.springframework.jdbc.CannotGetJdbcConnectionException: Failed to obtain JDBC Connection; nested exception is java.sql.SQLNonTransientConnectionException: Could not create connection to database server. Attempted reconnect 3 times. Giving up.
	at org.apache.ibatis.exceptions.ExceptionFactory.wrapException(ExceptionFactory.java:30)
	at org.apache.ibatis.session.defaults.DefaultSqlSession.selectList(DefaultSqlSession.java:149)
	at org.apache.ibatis.session.defaults.DefaultSqlSession.selectList(DefaultSqlSession.java:140)
	at sun.reflect.NativeMethodAccessorImpl.invoke0(Native Method)
	at sun.reflect.NativeMethodAccessorImpl.invoke(NativeMethodAccessorImpl.java:62)
	at sun.reflect.DelegatingMethodAccessorImpl.invoke(DelegatingMethodAccessorImpl.java:43)
	at java.lang.reflect.Method.invoke(Method.java:498)
	at org.mybatis.spring.SqlSessionTemplate$SqlSessionInterceptor.invoke(SqlSessionTemplate.java:427)
	... 24 common frames omitted
Caused by: org.springframework.jdbc.CannotGetJdbcConnectionException: Failed to obtain JDBC Connection; nested exception is java.sql.SQLNonTransientConnectionException: Could not create connection to database server. Attempted reconnect 3 times. Giving up.
	at org.springframework.jdbc.datasource.DataSourceUtils.getConnection(DataSourceUtils.java:83)
	at org.mybatis.spring.transaction.SpringManagedTransaction.openConnection(SpringManagedTransaction.java:80)
	at org.mybatis.spring.transaction.SpringManagedTransaction.getConnection(SpringManagedTransaction.java:67)
	at org.apache.ibatis.executor.BaseExecutor.getConnection(BaseExecutor.java:337)
	at org.apache.ibatis.executor.SimpleExecutor.prepareStatement(SimpleExecutor.java:86)
	at org.apache.ibatis.executor.SimpleExecutor.doQuery(SimpleExecutor.java:62)
	at org.apache.ibatis.executor.BaseExecutor.queryFromDatabase(BaseExecutor.java:325)
	at org.apache.ibatis.executor.BaseExecutor.query(BaseExecutor.java:156)
	at org.apache.ibatis.executor.CachingExecutor.query(CachingExecutor.java:109)
	at org.apache.ibatis.executor.CachingExecutor.query(CachingExecutor.java:89)
	at org.apache.ibatis.session.defaults.DefaultSqlSession.selectList(DefaultSqlSession.java:147)
	... 30 common frames omitted
Caused by: java.sql.SQLNonTransientConnectionException: Could not create connection to database server. Attempted reconnect 3 times. Giving up.
	at com.mysql.cj.jdbc.exceptions.SQLError.createSQLException(SQLError.java:110)
	at com.mysql.cj.jdbc.exceptions.SQLError.createSQLException(SQLError.java:97)
	at com.mysql.cj.jdbc.exceptions.SQLError.createSQLException(SQLError.java:89)
	at com.mysql.cj.jdbc.exceptions.SQLError.createSQLException(SQLError.java:63)
	at com.mysql.cj.jdbc.exceptions.SQLError.createSQLException(SQLError.java:73)
	at com.mysql.cj.jdbc.ConnectionImpl.connectWithRetries(ConnectionImpl.java:903)
	at com.mysql.cj.jdbc.ConnectionImpl.createNewIO(ConnectionImpl.java:828)
	at com.mysql.cj.jdbc.ConnectionImpl.<init>(ConnectionImpl.java:453)
	at com.mysql.cj.jdbc.ConnectionImpl.getInstance(ConnectionImpl.java:246)
	at com.mysql.cj.jdbc.NonRegisteringDriver.connect(NonRegisteringDriver.java:198)
	at com.zaxxer.hikari.util.DriverDataSource.getConnection(DriverDataSource.java:138)
	at com.zaxxer.hikari.pool.PoolBase.newConnection(PoolBase.java:364)
	at com.zaxxer.hikari.pool.PoolBase.newPoolEntry(PoolBase.java:206)
	at com.zaxxer.hikari.pool.HikariPool.createPoolEntry(HikariPool.java:476)
	at com.zaxxer.hikari.pool.HikariPool.checkFailFast(HikariPool.java:561)
	at com.zaxxer.hikari.pool.HikariPool.<init>(HikariPool.java:115)
	at com.zaxxer.hikari.HikariDataSource.getConnection(HikariDataSource.java:112)
	at org.springframework.jdbc.datasource.DataSourceUtils.fetchConnection(DataSourceUtils.java:159)
	at org.springframework.jdbc.datasource.DataSourceUtils.doGetConnection(DataSourceUtils.java:117)
	at org.springframework.jdbc.datasource.DataSourceUtils.getConnection(DataSourceUtils.java:80)
	... 40 common frames omitted
Caused by: com.mysql.cj.exceptions.CJCommunicationsException: Communications link failure

The last packet sent successfully to the server was 0 milliseconds ago. The driver has not received any packets from the server.
	at sun.reflect.NativeConstructorAccessorImpl.newInstance0(Native Method)
	at sun.reflect.NativeConstructorAccessorImpl.newInstance(NativeConstructorAccessorImpl.java:62)
	at sun.reflect.DelegatingConstructorAccessorImpl.newInstance(DelegatingConstructorAccessorImpl.java:45)
	at java.lang.reflect.Constructor.newInstance(Constructor.java:423)
	at com.mysql.cj.exceptions.ExceptionFactory.createException(ExceptionFactory.java:61)
	at com.mysql.cj.exceptions.ExceptionFactory.createException(ExceptionFactory.java:105)
	at com.mysql.cj.exceptions.ExceptionFactory.createException(ExceptionFactory.java:151)
	at com.mysql.cj.exceptions.ExceptionFactory.createCommunicationsException(ExceptionFactory.java:167)
	at com.mysql.cj.protocol.a.NativeSocketConnection.connect(NativeSocketConnection.java:89)
	at com.mysql.cj.NativeSession.connect(NativeSession.java:144)
	at com.mysql.cj.jdbc.ConnectionImpl.connectWithRetries(ConnectionImpl.java:847)
	... 54 common frames omitted
Caused by: java.net.ConnectException: Connection refused: connect
	at java.net.DualStackPlainSocketImpl.waitForConnect(Native Method)
	at java.net.DualStackPlainSocketImpl.socketConnect(DualStackPlainSocketImpl.java:81)
	at java.net.AbstractPlainSocketImpl.doConnect(AbstractPlainSocketImpl.java:476)
	at java.net.AbstractPlainSocketImpl.connectToAddress(AbstractPlainSocketImpl.java:218)
	at java.net.AbstractPlainSocketImpl.connect(AbstractPlainSocketImpl.java:200)
	at java.net.PlainSocketImpl.connect(PlainSocketImpl.java:162)
	at java.net.SocksSocketImpl.connect(SocksSocketImpl.java:394)
	at java.net.Socket.connect(Socket.java:606)
	at com.mysql.cj.protocol.StandardSocketFactory.connect(StandardSocketFactory.java:155)
	at com.mysql.cj.protocol.a.NativeSocketConnection.connect(NativeSocketConnection.java:63)
	... 56 common frames omitted
25-02-07.17:07:25.011 [scheduling-1    ] INFO  NoPayNotifyOrderJob    - 任务；检测未接收到或未正确处理的支付回调通知
25-02-07.17:07:25.012 [scheduling-1    ] INFO  HikariDataSource       - HikariPool-1 - Starting...
25-02-07.17:07:36.176 [scheduling-1    ] ERROR HikariPool             - HikariPool-1 - Exception during pool initialization.
java.sql.SQLNonTransientConnectionException: Could not create connection to database server. Attempted reconnect 3 times. Giving up.
	at com.mysql.cj.jdbc.exceptions.SQLError.createSQLException(SQLError.java:110)
	at com.mysql.cj.jdbc.exceptions.SQLError.createSQLException(SQLError.java:97)
	at com.mysql.cj.jdbc.exceptions.SQLError.createSQLException(SQLError.java:89)
	at com.mysql.cj.jdbc.exceptions.SQLError.createSQLException(SQLError.java:63)
	at com.mysql.cj.jdbc.exceptions.SQLError.createSQLException(SQLError.java:73)
	at com.mysql.cj.jdbc.ConnectionImpl.connectWithRetries(ConnectionImpl.java:903)
	at com.mysql.cj.jdbc.ConnectionImpl.createNewIO(ConnectionImpl.java:828)
	at com.mysql.cj.jdbc.ConnectionImpl.<init>(ConnectionImpl.java:453)
	at com.mysql.cj.jdbc.ConnectionImpl.getInstance(ConnectionImpl.java:246)
	at com.mysql.cj.jdbc.NonRegisteringDriver.connect(NonRegisteringDriver.java:198)
	at com.zaxxer.hikari.util.DriverDataSource.getConnection(DriverDataSource.java:138)
	at com.zaxxer.hikari.pool.PoolBase.newConnection(PoolBase.java:364)
	at com.zaxxer.hikari.pool.PoolBase.newPoolEntry(PoolBase.java:206)
	at com.zaxxer.hikari.pool.HikariPool.createPoolEntry(HikariPool.java:476)
	at com.zaxxer.hikari.pool.HikariPool.checkFailFast(HikariPool.java:561)
	at com.zaxxer.hikari.pool.HikariPool.<init>(HikariPool.java:115)
	at com.zaxxer.hikari.HikariDataSource.getConnection(HikariDataSource.java:112)
	at org.springframework.jdbc.datasource.DataSourceUtils.fetchConnection(DataSourceUtils.java:159)
	at org.springframework.jdbc.datasource.DataSourceUtils.doGetConnection(DataSourceUtils.java:117)
	at org.springframework.jdbc.datasource.DataSourceUtils.getConnection(DataSourceUtils.java:80)
	at org.mybatis.spring.transaction.SpringManagedTransaction.openConnection(SpringManagedTransaction.java:80)
	at org.mybatis.spring.transaction.SpringManagedTransaction.getConnection(SpringManagedTransaction.java:67)
	at org.apache.ibatis.executor.BaseExecutor.getConnection(BaseExecutor.java:337)
	at org.apache.ibatis.executor.SimpleExecutor.prepareStatement(SimpleExecutor.java:86)
	at org.apache.ibatis.executor.SimpleExecutor.doQuery(SimpleExecutor.java:62)
	at org.apache.ibatis.executor.BaseExecutor.queryFromDatabase(BaseExecutor.java:325)
	at org.apache.ibatis.executor.BaseExecutor.query(BaseExecutor.java:156)
	at org.apache.ibatis.executor.CachingExecutor.query(CachingExecutor.java:109)
	at org.apache.ibatis.executor.CachingExecutor.query(CachingExecutor.java:89)
	at org.apache.ibatis.session.defaults.DefaultSqlSession.selectList(DefaultSqlSession.java:147)
	at org.apache.ibatis.session.defaults.DefaultSqlSession.selectList(DefaultSqlSession.java:140)
	at sun.reflect.NativeMethodAccessorImpl.invoke0(Native Method)
	at sun.reflect.NativeMethodAccessorImpl.invoke(NativeMethodAccessorImpl.java:62)
	at sun.reflect.DelegatingMethodAccessorImpl.invoke(DelegatingMethodAccessorImpl.java:43)
	at java.lang.reflect.Method.invoke(Method.java:498)
	at org.mybatis.spring.SqlSessionTemplate$SqlSessionInterceptor.invoke(SqlSessionTemplate.java:427)
	at com.sun.proxy.$Proxy69.selectList(Unknown Source)
	at org.mybatis.spring.SqlSessionTemplate.selectList(SqlSessionTemplate.java:224)
	at org.apache.ibatis.binding.MapperMethod.executeForMany(MapperMethod.java:147)
	at org.apache.ibatis.binding.MapperMethod.execute(MapperMethod.java:80)
	at org.apache.ibatis.binding.MapperProxy$PlainMethodInvoker.invoke(MapperProxy.java:152)
	at org.apache.ibatis.binding.MapperProxy.invoke(MapperProxy.java:85)
	at com.sun.proxy.$Proxy70.queryNoPayNotifyOrder(Unknown Source)
	at org.example.service.impl.OrderServiceImpl.queryNoPayNotifyOrder(OrderServiceImpl.java:107)
	at org.example.job.NoPayNotifyOrderJob.exec(NoPayNotifyOrderJob.java:29)
	at sun.reflect.NativeMethodAccessorImpl.invoke0(Native Method)
	at sun.reflect.NativeMethodAccessorImpl.invoke(NativeMethodAccessorImpl.java:62)
	at sun.reflect.DelegatingMethodAccessorImpl.invoke(DelegatingMethodAccessorImpl.java:43)
	at java.lang.reflect.Method.invoke(Method.java:498)
	at org.springframework.scheduling.support.ScheduledMethodRunnable.run(ScheduledMethodRunnable.java:84)
	at org.springframework.scheduling.support.DelegatingErrorHandlingRunnable.run(DelegatingErrorHandlingRunnable.java:54)
	at org.springframework.scheduling.concurrent.ReschedulingRunnable.run(ReschedulingRunnable.java:95)
	at java.util.concurrent.Executors$RunnableAdapter.call(Executors.java:511)
	at java.util.concurrent.FutureTask.run$$$capture(FutureTask.java:266)
	at java.util.concurrent.FutureTask.run(FutureTask.java)
	at java.util.concurrent.ScheduledThreadPoolExecutor$ScheduledFutureTask.access$201(ScheduledThreadPoolExecutor.java:180)
	at java.util.concurrent.ScheduledThreadPoolExecutor$ScheduledFutureTask.run(ScheduledThreadPoolExecutor.java:293)
	at java.util.concurrent.ThreadPoolExecutor.runWorker(ThreadPoolExecutor.java:1149)
	at java.util.concurrent.ThreadPoolExecutor$Worker.run(ThreadPoolExecutor.java:624)
	at java.lang.Thread.run(Thread.java:750)
Caused by: com.mysql.cj.exceptions.CJCommunicationsException: Communications link failure

The last packet sent successfully to the server was 0 milliseconds ago. The driver has not received any packets from the server.
	at sun.reflect.NativeConstructorAccessorImpl.newInstance0(Native Method)
	at sun.reflect.NativeConstructorAccessorImpl.newInstance(NativeConstructorAccessorImpl.java:62)
	at sun.reflect.DelegatingConstructorAccessorImpl.newInstance(DelegatingConstructorAccessorImpl.java:45)
	at java.lang.reflect.Constructor.newInstance(Constructor.java:423)
	at com.mysql.cj.exceptions.ExceptionFactory.createException(ExceptionFactory.java:61)
	at com.mysql.cj.exceptions.ExceptionFactory.createException(ExceptionFactory.java:105)
	at com.mysql.cj.exceptions.ExceptionFactory.createException(ExceptionFactory.java:151)
	at com.mysql.cj.exceptions.ExceptionFactory.createCommunicationsException(ExceptionFactory.java:167)
	at com.mysql.cj.protocol.a.NativeSocketConnection.connect(NativeSocketConnection.java:89)
	at com.mysql.cj.NativeSession.connect(NativeSession.java:144)
	at com.mysql.cj.jdbc.ConnectionImpl.connectWithRetries(ConnectionImpl.java:847)
	... 54 common frames omitted
Caused by: java.net.ConnectException: Connection refused: connect
	at java.net.DualStackPlainSocketImpl.waitForConnect(Native Method)
	at java.net.DualStackPlainSocketImpl.socketConnect(DualStackPlainSocketImpl.java:81)
	at java.net.AbstractPlainSocketImpl.doConnect(AbstractPlainSocketImpl.java:476)
	at java.net.AbstractPlainSocketImpl.connectToAddress(AbstractPlainSocketImpl.java:218)
	at java.net.AbstractPlainSocketImpl.connect(AbstractPlainSocketImpl.java:200)
	at java.net.PlainSocketImpl.connect(PlainSocketImpl.java:162)
	at java.net.SocksSocketImpl.connect(SocksSocketImpl.java:394)
	at java.net.Socket.connect(Socket.java:606)
	at com.mysql.cj.protocol.StandardSocketFactory.connect(StandardSocketFactory.java:155)
	at com.mysql.cj.protocol.a.NativeSocketConnection.connect(NativeSocketConnection.java:63)
	... 56 common frames omitted
25-02-07.17:07:36.181 [scheduling-1    ] ERROR NoPayNotifyOrderJob    - 检测未接收到或未正确处理的支付回调通知失败
org.mybatis.spring.MyBatisSystemException: nested exception is org.apache.ibatis.exceptions.PersistenceException: 
### Error querying database.  Cause: org.springframework.jdbc.CannotGetJdbcConnectionException: Failed to obtain JDBC Connection; nested exception is java.sql.SQLNonTransientConnectionException: Could not create connection to database server. Attempted reconnect 3 times. Giving up.
### The error may exist in file [D:\Workspace\s-pay-mall-qiusu\s-pay-mall-controller\target\classes\mybatis\mapper\pay_order_mapper.xml]
### The error may involve org.example.dao.IOrderDao.queryNoPayNotifyOrder
### The error occurred while executing a query
### Cause: org.springframework.jdbc.CannotGetJdbcConnectionException: Failed to obtain JDBC Connection; nested exception is java.sql.SQLNonTransientConnectionException: Could not create connection to database server. Attempted reconnect 3 times. Giving up.
	at org.mybatis.spring.MyBatisExceptionTranslator.translateExceptionIfPossible(MyBatisExceptionTranslator.java:96)
	at org.mybatis.spring.SqlSessionTemplate$SqlSessionInterceptor.invoke(SqlSessionTemplate.java:441)
	at com.sun.proxy.$Proxy69.selectList(Unknown Source)
	at org.mybatis.spring.SqlSessionTemplate.selectList(SqlSessionTemplate.java:224)
	at org.apache.ibatis.binding.MapperMethod.executeForMany(MapperMethod.java:147)
	at org.apache.ibatis.binding.MapperMethod.execute(MapperMethod.java:80)
	at org.apache.ibatis.binding.MapperProxy$PlainMethodInvoker.invoke(MapperProxy.java:152)
	at org.apache.ibatis.binding.MapperProxy.invoke(MapperProxy.java:85)
	at com.sun.proxy.$Proxy70.queryNoPayNotifyOrder(Unknown Source)
	at org.example.service.impl.OrderServiceImpl.queryNoPayNotifyOrder(OrderServiceImpl.java:107)
	at org.example.job.NoPayNotifyOrderJob.exec(NoPayNotifyOrderJob.java:29)
	at sun.reflect.NativeMethodAccessorImpl.invoke0(Native Method)
	at sun.reflect.NativeMethodAccessorImpl.invoke(NativeMethodAccessorImpl.java:62)
	at sun.reflect.DelegatingMethodAccessorImpl.invoke(DelegatingMethodAccessorImpl.java:43)
	at java.lang.reflect.Method.invoke(Method.java:498)
	at org.springframework.scheduling.support.ScheduledMethodRunnable.run(ScheduledMethodRunnable.java:84)
	at org.springframework.scheduling.support.DelegatingErrorHandlingRunnable.run(DelegatingErrorHandlingRunnable.java:54)
	at org.springframework.scheduling.concurrent.ReschedulingRunnable.run(ReschedulingRunnable.java:95)
	at java.util.concurrent.Executors$RunnableAdapter.call(Executors.java:511)
	at java.util.concurrent.FutureTask.run$$$capture(FutureTask.java:266)
	at java.util.concurrent.FutureTask.run(FutureTask.java)
	at java.util.concurrent.ScheduledThreadPoolExecutor$ScheduledFutureTask.access$201(ScheduledThreadPoolExecutor.java:180)
	at java.util.concurrent.ScheduledThreadPoolExecutor$ScheduledFutureTask.run(ScheduledThreadPoolExecutor.java:293)
	at java.util.concurrent.ThreadPoolExecutor.runWorker(ThreadPoolExecutor.java:1149)
	at java.util.concurrent.ThreadPoolExecutor$Worker.run(ThreadPoolExecutor.java:624)
	at java.lang.Thread.run(Thread.java:750)
Caused by: org.apache.ibatis.exceptions.PersistenceException: 
### Error querying database.  Cause: org.springframework.jdbc.CannotGetJdbcConnectionException: Failed to obtain JDBC Connection; nested exception is java.sql.SQLNonTransientConnectionException: Could not create connection to database server. Attempted reconnect 3 times. Giving up.
### The error may exist in file [D:\Workspace\s-pay-mall-qiusu\s-pay-mall-controller\target\classes\mybatis\mapper\pay_order_mapper.xml]
### The error may involve org.example.dao.IOrderDao.queryNoPayNotifyOrder
### The error occurred while executing a query
### Cause: org.springframework.jdbc.CannotGetJdbcConnectionException: Failed to obtain JDBC Connection; nested exception is java.sql.SQLNonTransientConnectionException: Could not create connection to database server. Attempted reconnect 3 times. Giving up.
	at org.apache.ibatis.exceptions.ExceptionFactory.wrapException(ExceptionFactory.java:30)
	at org.apache.ibatis.session.defaults.DefaultSqlSession.selectList(DefaultSqlSession.java:149)
	at org.apache.ibatis.session.defaults.DefaultSqlSession.selectList(DefaultSqlSession.java:140)
	at sun.reflect.NativeMethodAccessorImpl.invoke0(Native Method)
	at sun.reflect.NativeMethodAccessorImpl.invoke(NativeMethodAccessorImpl.java:62)
	at sun.reflect.DelegatingMethodAccessorImpl.invoke(DelegatingMethodAccessorImpl.java:43)
	at java.lang.reflect.Method.invoke(Method.java:498)
	at org.mybatis.spring.SqlSessionTemplate$SqlSessionInterceptor.invoke(SqlSessionTemplate.java:427)
	... 24 common frames omitted
Caused by: org.springframework.jdbc.CannotGetJdbcConnectionException: Failed to obtain JDBC Connection; nested exception is java.sql.SQLNonTransientConnectionException: Could not create connection to database server. Attempted reconnect 3 times. Giving up.
	at org.springframework.jdbc.datasource.DataSourceUtils.getConnection(DataSourceUtils.java:83)
	at org.mybatis.spring.transaction.SpringManagedTransaction.openConnection(SpringManagedTransaction.java:80)
	at org.mybatis.spring.transaction.SpringManagedTransaction.getConnection(SpringManagedTransaction.java:67)
	at org.apache.ibatis.executor.BaseExecutor.getConnection(BaseExecutor.java:337)
	at org.apache.ibatis.executor.SimpleExecutor.prepareStatement(SimpleExecutor.java:86)
	at org.apache.ibatis.executor.SimpleExecutor.doQuery(SimpleExecutor.java:62)
	at org.apache.ibatis.executor.BaseExecutor.queryFromDatabase(BaseExecutor.java:325)
	at org.apache.ibatis.executor.BaseExecutor.query(BaseExecutor.java:156)
	at org.apache.ibatis.executor.CachingExecutor.query(CachingExecutor.java:109)
	at org.apache.ibatis.executor.CachingExecutor.query(CachingExecutor.java:89)
	at org.apache.ibatis.session.defaults.DefaultSqlSession.selectList(DefaultSqlSession.java:147)
	... 30 common frames omitted
Caused by: java.sql.SQLNonTransientConnectionException: Could not create connection to database server. Attempted reconnect 3 times. Giving up.
	at com.mysql.cj.jdbc.exceptions.SQLError.createSQLException(SQLError.java:110)
	at com.mysql.cj.jdbc.exceptions.SQLError.createSQLException(SQLError.java:97)
	at com.mysql.cj.jdbc.exceptions.SQLError.createSQLException(SQLError.java:89)
	at com.mysql.cj.jdbc.exceptions.SQLError.createSQLException(SQLError.java:63)
	at com.mysql.cj.jdbc.exceptions.SQLError.createSQLException(SQLError.java:73)
	at com.mysql.cj.jdbc.ConnectionImpl.connectWithRetries(ConnectionImpl.java:903)
	at com.mysql.cj.jdbc.ConnectionImpl.createNewIO(ConnectionImpl.java:828)
	at com.mysql.cj.jdbc.ConnectionImpl.<init>(ConnectionImpl.java:453)
	at com.mysql.cj.jdbc.ConnectionImpl.getInstance(ConnectionImpl.java:246)
	at com.mysql.cj.jdbc.NonRegisteringDriver.connect(NonRegisteringDriver.java:198)
	at com.zaxxer.hikari.util.DriverDataSource.getConnection(DriverDataSource.java:138)
	at com.zaxxer.hikari.pool.PoolBase.newConnection(PoolBase.java:364)
	at com.zaxxer.hikari.pool.PoolBase.newPoolEntry(PoolBase.java:206)
	at com.zaxxer.hikari.pool.HikariPool.createPoolEntry(HikariPool.java:476)
	at com.zaxxer.hikari.pool.HikariPool.checkFailFast(HikariPool.java:561)
	at com.zaxxer.hikari.pool.HikariPool.<init>(HikariPool.java:115)
	at com.zaxxer.hikari.HikariDataSource.getConnection(HikariDataSource.java:112)
	at org.springframework.jdbc.datasource.DataSourceUtils.fetchConnection(DataSourceUtils.java:159)
	at org.springframework.jdbc.datasource.DataSourceUtils.doGetConnection(DataSourceUtils.java:117)
	at org.springframework.jdbc.datasource.DataSourceUtils.getConnection(DataSourceUtils.java:80)
	... 40 common frames omitted
Caused by: com.mysql.cj.exceptions.CJCommunicationsException: Communications link failure

The last packet sent successfully to the server was 0 milliseconds ago. The driver has not received any packets from the server.
	at sun.reflect.NativeConstructorAccessorImpl.newInstance0(Native Method)
	at sun.reflect.NativeConstructorAccessorImpl.newInstance(NativeConstructorAccessorImpl.java:62)
	at sun.reflect.DelegatingConstructorAccessorImpl.newInstance(DelegatingConstructorAccessorImpl.java:45)
	at java.lang.reflect.Constructor.newInstance(Constructor.java:423)
	at com.mysql.cj.exceptions.ExceptionFactory.createException(ExceptionFactory.java:61)
	at com.mysql.cj.exceptions.ExceptionFactory.createException(ExceptionFactory.java:105)
	at com.mysql.cj.exceptions.ExceptionFactory.createException(ExceptionFactory.java:151)
	at com.mysql.cj.exceptions.ExceptionFactory.createCommunicationsException(ExceptionFactory.java:167)
	at com.mysql.cj.protocol.a.NativeSocketConnection.connect(NativeSocketConnection.java:89)
	at com.mysql.cj.NativeSession.connect(NativeSession.java:144)
	at com.mysql.cj.jdbc.ConnectionImpl.connectWithRetries(ConnectionImpl.java:847)
	... 54 common frames omitted
Caused by: java.net.ConnectException: Connection refused: connect
	at java.net.DualStackPlainSocketImpl.waitForConnect(Native Method)
	at java.net.DualStackPlainSocketImpl.socketConnect(DualStackPlainSocketImpl.java:81)
	at java.net.AbstractPlainSocketImpl.doConnect(AbstractPlainSocketImpl.java:476)
	at java.net.AbstractPlainSocketImpl.connectToAddress(AbstractPlainSocketImpl.java:218)
	at java.net.AbstractPlainSocketImpl.connect(AbstractPlainSocketImpl.java:200)
	at java.net.PlainSocketImpl.connect(PlainSocketImpl.java:162)
	at java.net.SocksSocketImpl.connect(SocksSocketImpl.java:394)
	at java.net.Socket.connect(Socket.java:606)
	at com.mysql.cj.protocol.StandardSocketFactory.connect(StandardSocketFactory.java:155)
	at com.mysql.cj.protocol.a.NativeSocketConnection.connect(NativeSocketConnection.java:63)
	... 56 common frames omitted
25-02-07.17:07:40.002 [scheduling-1    ] INFO  NoPayNotifyOrderJob    - 任务；检测未接收到或未正确处理的支付回调通知
25-02-07.17:07:40.003 [scheduling-1    ] INFO  HikariDataSource       - HikariPool-1 - Starting...
25-02-07.17:07:51.138 [scheduling-1    ] ERROR HikariPool             - HikariPool-1 - Exception during pool initialization.
java.sql.SQLNonTransientConnectionException: Could not create connection to database server. Attempted reconnect 3 times. Giving up.
	at com.mysql.cj.jdbc.exceptions.SQLError.createSQLException(SQLError.java:110)
	at com.mysql.cj.jdbc.exceptions.SQLError.createSQLException(SQLError.java:97)
	at com.mysql.cj.jdbc.exceptions.SQLError.createSQLException(SQLError.java:89)
	at com.mysql.cj.jdbc.exceptions.SQLError.createSQLException(SQLError.java:63)
	at com.mysql.cj.jdbc.exceptions.SQLError.createSQLException(SQLError.java:73)
	at com.mysql.cj.jdbc.ConnectionImpl.connectWithRetries(ConnectionImpl.java:903)
	at com.mysql.cj.jdbc.ConnectionImpl.createNewIO(ConnectionImpl.java:828)
	at com.mysql.cj.jdbc.ConnectionImpl.<init>(ConnectionImpl.java:453)
	at com.mysql.cj.jdbc.ConnectionImpl.getInstance(ConnectionImpl.java:246)
	at com.mysql.cj.jdbc.NonRegisteringDriver.connect(NonRegisteringDriver.java:198)
	at com.zaxxer.hikari.util.DriverDataSource.getConnection(DriverDataSource.java:138)
	at com.zaxxer.hikari.pool.PoolBase.newConnection(PoolBase.java:364)
	at com.zaxxer.hikari.pool.PoolBase.newPoolEntry(PoolBase.java:206)
	at com.zaxxer.hikari.pool.HikariPool.createPoolEntry(HikariPool.java:476)
	at com.zaxxer.hikari.pool.HikariPool.checkFailFast(HikariPool.java:561)
	at com.zaxxer.hikari.pool.HikariPool.<init>(HikariPool.java:115)
	at com.zaxxer.hikari.HikariDataSource.getConnection(HikariDataSource.java:112)
	at org.springframework.jdbc.datasource.DataSourceUtils.fetchConnection(DataSourceUtils.java:159)
	at org.springframework.jdbc.datasource.DataSourceUtils.doGetConnection(DataSourceUtils.java:117)
	at org.springframework.jdbc.datasource.DataSourceUtils.getConnection(DataSourceUtils.java:80)
	at org.mybatis.spring.transaction.SpringManagedTransaction.openConnection(SpringManagedTransaction.java:80)
	at org.mybatis.spring.transaction.SpringManagedTransaction.getConnection(SpringManagedTransaction.java:67)
	at org.apache.ibatis.executor.BaseExecutor.getConnection(BaseExecutor.java:337)
	at org.apache.ibatis.executor.SimpleExecutor.prepareStatement(SimpleExecutor.java:86)
	at org.apache.ibatis.executor.SimpleExecutor.doQuery(SimpleExecutor.java:62)
	at org.apache.ibatis.executor.BaseExecutor.queryFromDatabase(BaseExecutor.java:325)
	at org.apache.ibatis.executor.BaseExecutor.query(BaseExecutor.java:156)
	at org.apache.ibatis.executor.CachingExecutor.query(CachingExecutor.java:109)
	at org.apache.ibatis.executor.CachingExecutor.query(CachingExecutor.java:89)
	at org.apache.ibatis.session.defaults.DefaultSqlSession.selectList(DefaultSqlSession.java:147)
	at org.apache.ibatis.session.defaults.DefaultSqlSession.selectList(DefaultSqlSession.java:140)
	at sun.reflect.NativeMethodAccessorImpl.invoke0(Native Method)
	at sun.reflect.NativeMethodAccessorImpl.invoke(NativeMethodAccessorImpl.java:62)
	at sun.reflect.DelegatingMethodAccessorImpl.invoke(DelegatingMethodAccessorImpl.java:43)
	at java.lang.reflect.Method.invoke(Method.java:498)
	at org.mybatis.spring.SqlSessionTemplate$SqlSessionInterceptor.invoke(SqlSessionTemplate.java:427)
	at com.sun.proxy.$Proxy69.selectList(Unknown Source)
	at org.mybatis.spring.SqlSessionTemplate.selectList(SqlSessionTemplate.java:224)
	at org.apache.ibatis.binding.MapperMethod.executeForMany(MapperMethod.java:147)
	at org.apache.ibatis.binding.MapperMethod.execute(MapperMethod.java:80)
	at org.apache.ibatis.binding.MapperProxy$PlainMethodInvoker.invoke(MapperProxy.java:152)
	at org.apache.ibatis.binding.MapperProxy.invoke(MapperProxy.java:85)
	at com.sun.proxy.$Proxy70.queryNoPayNotifyOrder(Unknown Source)
	at org.example.service.impl.OrderServiceImpl.queryNoPayNotifyOrder(OrderServiceImpl.java:107)
	at org.example.job.NoPayNotifyOrderJob.exec(NoPayNotifyOrderJob.java:29)
	at sun.reflect.NativeMethodAccessorImpl.invoke0(Native Method)
	at sun.reflect.NativeMethodAccessorImpl.invoke(NativeMethodAccessorImpl.java:62)
	at sun.reflect.DelegatingMethodAccessorImpl.invoke(DelegatingMethodAccessorImpl.java:43)
	at java.lang.reflect.Method.invoke(Method.java:498)
	at org.springframework.scheduling.support.ScheduledMethodRunnable.run(ScheduledMethodRunnable.java:84)
	at org.springframework.scheduling.support.DelegatingErrorHandlingRunnable.run(DelegatingErrorHandlingRunnable.java:54)
	at org.springframework.scheduling.concurrent.ReschedulingRunnable.run(ReschedulingRunnable.java:95)
	at java.util.concurrent.Executors$RunnableAdapter.call(Executors.java:511)
	at java.util.concurrent.FutureTask.run$$$capture(FutureTask.java:266)
	at java.util.concurrent.FutureTask.run(FutureTask.java)
	at java.util.concurrent.ScheduledThreadPoolExecutor$ScheduledFutureTask.access$201(ScheduledThreadPoolExecutor.java:180)
	at java.util.concurrent.ScheduledThreadPoolExecutor$ScheduledFutureTask.run(ScheduledThreadPoolExecutor.java:293)
	at java.util.concurrent.ThreadPoolExecutor.runWorker(ThreadPoolExecutor.java:1149)
	at java.util.concurrent.ThreadPoolExecutor$Worker.run(ThreadPoolExecutor.java:624)
	at java.lang.Thread.run(Thread.java:750)
Caused by: com.mysql.cj.exceptions.CJCommunicationsException: Communications link failure

The last packet sent successfully to the server was 0 milliseconds ago. The driver has not received any packets from the server.
	at sun.reflect.NativeConstructorAccessorImpl.newInstance0(Native Method)
	at sun.reflect.NativeConstructorAccessorImpl.newInstance(NativeConstructorAccessorImpl.java:62)
	at sun.reflect.DelegatingConstructorAccessorImpl.newInstance(DelegatingConstructorAccessorImpl.java:45)
	at java.lang.reflect.Constructor.newInstance(Constructor.java:423)
	at com.mysql.cj.exceptions.ExceptionFactory.createException(ExceptionFactory.java:61)
	at com.mysql.cj.exceptions.ExceptionFactory.createException(ExceptionFactory.java:105)
	at com.mysql.cj.exceptions.ExceptionFactory.createException(ExceptionFactory.java:151)
	at com.mysql.cj.exceptions.ExceptionFactory.createCommunicationsException(ExceptionFactory.java:167)
	at com.mysql.cj.protocol.a.NativeSocketConnection.connect(NativeSocketConnection.java:89)
	at com.mysql.cj.NativeSession.connect(NativeSession.java:144)
	at com.mysql.cj.jdbc.ConnectionImpl.connectWithRetries(ConnectionImpl.java:847)
	... 54 common frames omitted
Caused by: java.net.ConnectException: Connection refused: connect
	at java.net.DualStackPlainSocketImpl.waitForConnect(Native Method)
	at java.net.DualStackPlainSocketImpl.socketConnect(DualStackPlainSocketImpl.java:81)
	at java.net.AbstractPlainSocketImpl.doConnect(AbstractPlainSocketImpl.java:476)
	at java.net.AbstractPlainSocketImpl.connectToAddress(AbstractPlainSocketImpl.java:218)
	at java.net.AbstractPlainSocketImpl.connect(AbstractPlainSocketImpl.java:200)
	at java.net.PlainSocketImpl.connect(PlainSocketImpl.java:162)
	at java.net.SocksSocketImpl.connect(SocksSocketImpl.java:394)
	at java.net.Socket.connect(Socket.java:606)
	at com.mysql.cj.protocol.StandardSocketFactory.connect(StandardSocketFactory.java:155)
	at com.mysql.cj.protocol.a.NativeSocketConnection.connect(NativeSocketConnection.java:63)
	... 56 common frames omitted
25-02-07.17:07:51.142 [scheduling-1    ] ERROR NoPayNotifyOrderJob    - 检测未接收到或未正确处理的支付回调通知失败
org.mybatis.spring.MyBatisSystemException: nested exception is org.apache.ibatis.exceptions.PersistenceException: 
### Error querying database.  Cause: org.springframework.jdbc.CannotGetJdbcConnectionException: Failed to obtain JDBC Connection; nested exception is java.sql.SQLNonTransientConnectionException: Could not create connection to database server. Attempted reconnect 3 times. Giving up.
### The error may exist in file [D:\Workspace\s-pay-mall-qiusu\s-pay-mall-controller\target\classes\mybatis\mapper\pay_order_mapper.xml]
### The error may involve org.example.dao.IOrderDao.queryNoPayNotifyOrder
### The error occurred while executing a query
### Cause: org.springframework.jdbc.CannotGetJdbcConnectionException: Failed to obtain JDBC Connection; nested exception is java.sql.SQLNonTransientConnectionException: Could not create connection to database server. Attempted reconnect 3 times. Giving up.
	at org.mybatis.spring.MyBatisExceptionTranslator.translateExceptionIfPossible(MyBatisExceptionTranslator.java:96)
	at org.mybatis.spring.SqlSessionTemplate$SqlSessionInterceptor.invoke(SqlSessionTemplate.java:441)
	at com.sun.proxy.$Proxy69.selectList(Unknown Source)
	at org.mybatis.spring.SqlSessionTemplate.selectList(SqlSessionTemplate.java:224)
	at org.apache.ibatis.binding.MapperMethod.executeForMany(MapperMethod.java:147)
	at org.apache.ibatis.binding.MapperMethod.execute(MapperMethod.java:80)
	at org.apache.ibatis.binding.MapperProxy$PlainMethodInvoker.invoke(MapperProxy.java:152)
	at org.apache.ibatis.binding.MapperProxy.invoke(MapperProxy.java:85)
	at com.sun.proxy.$Proxy70.queryNoPayNotifyOrder(Unknown Source)
	at org.example.service.impl.OrderServiceImpl.queryNoPayNotifyOrder(OrderServiceImpl.java:107)
	at org.example.job.NoPayNotifyOrderJob.exec(NoPayNotifyOrderJob.java:29)
	at sun.reflect.NativeMethodAccessorImpl.invoke0(Native Method)
	at sun.reflect.NativeMethodAccessorImpl.invoke(NativeMethodAccessorImpl.java:62)
	at sun.reflect.DelegatingMethodAccessorImpl.invoke(DelegatingMethodAccessorImpl.java:43)
	at java.lang.reflect.Method.invoke(Method.java:498)
	at org.springframework.scheduling.support.ScheduledMethodRunnable.run(ScheduledMethodRunnable.java:84)
	at org.springframework.scheduling.support.DelegatingErrorHandlingRunnable.run(DelegatingErrorHandlingRunnable.java:54)
	at org.springframework.scheduling.concurrent.ReschedulingRunnable.run(ReschedulingRunnable.java:95)
	at java.util.concurrent.Executors$RunnableAdapter.call(Executors.java:511)
	at java.util.concurrent.FutureTask.run$$$capture(FutureTask.java:266)
	at java.util.concurrent.FutureTask.run(FutureTask.java)
	at java.util.concurrent.ScheduledThreadPoolExecutor$ScheduledFutureTask.access$201(ScheduledThreadPoolExecutor.java:180)
	at java.util.concurrent.ScheduledThreadPoolExecutor$ScheduledFutureTask.run(ScheduledThreadPoolExecutor.java:293)
	at java.util.concurrent.ThreadPoolExecutor.runWorker(ThreadPoolExecutor.java:1149)
	at java.util.concurrent.ThreadPoolExecutor$Worker.run(ThreadPoolExecutor.java:624)
	at java.lang.Thread.run(Thread.java:750)
Caused by: org.apache.ibatis.exceptions.PersistenceException: 
### Error querying database.  Cause: org.springframework.jdbc.CannotGetJdbcConnectionException: Failed to obtain JDBC Connection; nested exception is java.sql.SQLNonTransientConnectionException: Could not create connection to database server. Attempted reconnect 3 times. Giving up.
### The error may exist in file [D:\Workspace\s-pay-mall-qiusu\s-pay-mall-controller\target\classes\mybatis\mapper\pay_order_mapper.xml]
### The error may involve org.example.dao.IOrderDao.queryNoPayNotifyOrder
### The error occurred while executing a query
### Cause: org.springframework.jdbc.CannotGetJdbcConnectionException: Failed to obtain JDBC Connection; nested exception is java.sql.SQLNonTransientConnectionException: Could not create connection to database server. Attempted reconnect 3 times. Giving up.
	at org.apache.ibatis.exceptions.ExceptionFactory.wrapException(ExceptionFactory.java:30)
	at org.apache.ibatis.session.defaults.DefaultSqlSession.selectList(DefaultSqlSession.java:149)
	at org.apache.ibatis.session.defaults.DefaultSqlSession.selectList(DefaultSqlSession.java:140)
	at sun.reflect.NativeMethodAccessorImpl.invoke0(Native Method)
	at sun.reflect.NativeMethodAccessorImpl.invoke(NativeMethodAccessorImpl.java:62)
	at sun.reflect.DelegatingMethodAccessorImpl.invoke(DelegatingMethodAccessorImpl.java:43)
	at java.lang.reflect.Method.invoke(Method.java:498)
	at org.mybatis.spring.SqlSessionTemplate$SqlSessionInterceptor.invoke(SqlSessionTemplate.java:427)
	... 24 common frames omitted
Caused by: org.springframework.jdbc.CannotGetJdbcConnectionException: Failed to obtain JDBC Connection; nested exception is java.sql.SQLNonTransientConnectionException: Could not create connection to database server. Attempted reconnect 3 times. Giving up.
	at org.springframework.jdbc.datasource.DataSourceUtils.getConnection(DataSourceUtils.java:83)
	at org.mybatis.spring.transaction.SpringManagedTransaction.openConnection(SpringManagedTransaction.java:80)
	at org.mybatis.spring.transaction.SpringManagedTransaction.getConnection(SpringManagedTransaction.java:67)
	at org.apache.ibatis.executor.BaseExecutor.getConnection(BaseExecutor.java:337)
	at org.apache.ibatis.executor.SimpleExecutor.prepareStatement(SimpleExecutor.java:86)
	at org.apache.ibatis.executor.SimpleExecutor.doQuery(SimpleExecutor.java:62)
	at org.apache.ibatis.executor.BaseExecutor.queryFromDatabase(BaseExecutor.java:325)
	at org.apache.ibatis.executor.BaseExecutor.query(BaseExecutor.java:156)
	at org.apache.ibatis.executor.CachingExecutor.query(CachingExecutor.java:109)
	at org.apache.ibatis.executor.CachingExecutor.query(CachingExecutor.java:89)
	at org.apache.ibatis.session.defaults.DefaultSqlSession.selectList(DefaultSqlSession.java:147)
	... 30 common frames omitted
Caused by: java.sql.SQLNonTransientConnectionException: Could not create connection to database server. Attempted reconnect 3 times. Giving up.
	at com.mysql.cj.jdbc.exceptions.SQLError.createSQLException(SQLError.java:110)
	at com.mysql.cj.jdbc.exceptions.SQLError.createSQLException(SQLError.java:97)
	at com.mysql.cj.jdbc.exceptions.SQLError.createSQLException(SQLError.java:89)
	at com.mysql.cj.jdbc.exceptions.SQLError.createSQLException(SQLError.java:63)
	at com.mysql.cj.jdbc.exceptions.SQLError.createSQLException(SQLError.java:73)
	at com.mysql.cj.jdbc.ConnectionImpl.connectWithRetries(ConnectionImpl.java:903)
	at com.mysql.cj.jdbc.ConnectionImpl.createNewIO(ConnectionImpl.java:828)
	at com.mysql.cj.jdbc.ConnectionImpl.<init>(ConnectionImpl.java:453)
	at com.mysql.cj.jdbc.ConnectionImpl.getInstance(ConnectionImpl.java:246)
	at com.mysql.cj.jdbc.NonRegisteringDriver.connect(NonRegisteringDriver.java:198)
	at com.zaxxer.hikari.util.DriverDataSource.getConnection(DriverDataSource.java:138)
	at com.zaxxer.hikari.pool.PoolBase.newConnection(PoolBase.java:364)
	at com.zaxxer.hikari.pool.PoolBase.newPoolEntry(PoolBase.java:206)
	at com.zaxxer.hikari.pool.HikariPool.createPoolEntry(HikariPool.java:476)
	at com.zaxxer.hikari.pool.HikariPool.checkFailFast(HikariPool.java:561)
	at com.zaxxer.hikari.pool.HikariPool.<init>(HikariPool.java:115)
	at com.zaxxer.hikari.HikariDataSource.getConnection(HikariDataSource.java:112)
	at org.springframework.jdbc.datasource.DataSourceUtils.fetchConnection(DataSourceUtils.java:159)
	at org.springframework.jdbc.datasource.DataSourceUtils.doGetConnection(DataSourceUtils.java:117)
	at org.springframework.jdbc.datasource.DataSourceUtils.getConnection(DataSourceUtils.java:80)
	... 40 common frames omitted
Caused by: com.mysql.cj.exceptions.CJCommunicationsException: Communications link failure

The last packet sent successfully to the server was 0 milliseconds ago. The driver has not received any packets from the server.
	at sun.reflect.NativeConstructorAccessorImpl.newInstance0(Native Method)
	at sun.reflect.NativeConstructorAccessorImpl.newInstance(NativeConstructorAccessorImpl.java:62)
	at sun.reflect.DelegatingConstructorAccessorImpl.newInstance(DelegatingConstructorAccessorImpl.java:45)
	at java.lang.reflect.Constructor.newInstance(Constructor.java:423)
	at com.mysql.cj.exceptions.ExceptionFactory.createException(ExceptionFactory.java:61)
	at com.mysql.cj.exceptions.ExceptionFactory.createException(ExceptionFactory.java:105)
	at com.mysql.cj.exceptions.ExceptionFactory.createException(ExceptionFactory.java:151)
	at com.mysql.cj.exceptions.ExceptionFactory.createCommunicationsException(ExceptionFactory.java:167)
	at com.mysql.cj.protocol.a.NativeSocketConnection.connect(NativeSocketConnection.java:89)
	at com.mysql.cj.NativeSession.connect(NativeSession.java:144)
	at com.mysql.cj.jdbc.ConnectionImpl.connectWithRetries(ConnectionImpl.java:847)
	... 54 common frames omitted
Caused by: java.net.ConnectException: Connection refused: connect
	at java.net.DualStackPlainSocketImpl.waitForConnect(Native Method)
	at java.net.DualStackPlainSocketImpl.socketConnect(DualStackPlainSocketImpl.java:81)
	at java.net.AbstractPlainSocketImpl.doConnect(AbstractPlainSocketImpl.java:476)
	at java.net.AbstractPlainSocketImpl.connectToAddress(AbstractPlainSocketImpl.java:218)
	at java.net.AbstractPlainSocketImpl.connect(AbstractPlainSocketImpl.java:200)
	at java.net.PlainSocketImpl.connect(PlainSocketImpl.java:162)
	at java.net.SocksSocketImpl.connect(SocksSocketImpl.java:394)
	at java.net.Socket.connect(Socket.java:606)
	at com.mysql.cj.protocol.StandardSocketFactory.connect(StandardSocketFactory.java:155)
	at com.mysql.cj.protocol.a.NativeSocketConnection.connect(NativeSocketConnection.java:63)
	... 56 common frames omitted
25-02-07.17:07:55.016 [scheduling-1    ] INFO  NoPayNotifyOrderJob    - 任务；检测未接收到或未正确处理的支付回调通知
25-02-07.17:07:55.017 [scheduling-1    ] INFO  HikariDataSource       - HikariPool-1 - Starting...
25-02-07.17:08:06.135 [scheduling-1    ] ERROR HikariPool             - HikariPool-1 - Exception during pool initialization.
java.sql.SQLNonTransientConnectionException: Could not create connection to database server. Attempted reconnect 3 times. Giving up.
	at com.mysql.cj.jdbc.exceptions.SQLError.createSQLException(SQLError.java:110)
	at com.mysql.cj.jdbc.exceptions.SQLError.createSQLException(SQLError.java:97)
	at com.mysql.cj.jdbc.exceptions.SQLError.createSQLException(SQLError.java:89)
	at com.mysql.cj.jdbc.exceptions.SQLError.createSQLException(SQLError.java:63)
	at com.mysql.cj.jdbc.exceptions.SQLError.createSQLException(SQLError.java:73)
	at com.mysql.cj.jdbc.ConnectionImpl.connectWithRetries(ConnectionImpl.java:903)
	at com.mysql.cj.jdbc.ConnectionImpl.createNewIO(ConnectionImpl.java:828)
	at com.mysql.cj.jdbc.ConnectionImpl.<init>(ConnectionImpl.java:453)
	at com.mysql.cj.jdbc.ConnectionImpl.getInstance(ConnectionImpl.java:246)
	at com.mysql.cj.jdbc.NonRegisteringDriver.connect(NonRegisteringDriver.java:198)
	at com.zaxxer.hikari.util.DriverDataSource.getConnection(DriverDataSource.java:138)
	at com.zaxxer.hikari.pool.PoolBase.newConnection(PoolBase.java:364)
	at com.zaxxer.hikari.pool.PoolBase.newPoolEntry(PoolBase.java:206)
	at com.zaxxer.hikari.pool.HikariPool.createPoolEntry(HikariPool.java:476)
	at com.zaxxer.hikari.pool.HikariPool.checkFailFast(HikariPool.java:561)
	at com.zaxxer.hikari.pool.HikariPool.<init>(HikariPool.java:115)
	at com.zaxxer.hikari.HikariDataSource.getConnection(HikariDataSource.java:112)
	at org.springframework.jdbc.datasource.DataSourceUtils.fetchConnection(DataSourceUtils.java:159)
	at org.springframework.jdbc.datasource.DataSourceUtils.doGetConnection(DataSourceUtils.java:117)
	at org.springframework.jdbc.datasource.DataSourceUtils.getConnection(DataSourceUtils.java:80)
	at org.mybatis.spring.transaction.SpringManagedTransaction.openConnection(SpringManagedTransaction.java:80)
	at org.mybatis.spring.transaction.SpringManagedTransaction.getConnection(SpringManagedTransaction.java:67)
	at org.apache.ibatis.executor.BaseExecutor.getConnection(BaseExecutor.java:337)
	at org.apache.ibatis.executor.SimpleExecutor.prepareStatement(SimpleExecutor.java:86)
	at org.apache.ibatis.executor.SimpleExecutor.doQuery(SimpleExecutor.java:62)
	at org.apache.ibatis.executor.BaseExecutor.queryFromDatabase(BaseExecutor.java:325)
	at org.apache.ibatis.executor.BaseExecutor.query(BaseExecutor.java:156)
	at org.apache.ibatis.executor.CachingExecutor.query(CachingExecutor.java:109)
	at org.apache.ibatis.executor.CachingExecutor.query(CachingExecutor.java:89)
	at org.apache.ibatis.session.defaults.DefaultSqlSession.selectList(DefaultSqlSession.java:147)
	at org.apache.ibatis.session.defaults.DefaultSqlSession.selectList(DefaultSqlSession.java:140)
	at sun.reflect.NativeMethodAccessorImpl.invoke0(Native Method)
	at sun.reflect.NativeMethodAccessorImpl.invoke(NativeMethodAccessorImpl.java:62)
	at sun.reflect.DelegatingMethodAccessorImpl.invoke(DelegatingMethodAccessorImpl.java:43)
	at java.lang.reflect.Method.invoke(Method.java:498)
	at org.mybatis.spring.SqlSessionTemplate$SqlSessionInterceptor.invoke(SqlSessionTemplate.java:427)
	at com.sun.proxy.$Proxy69.selectList(Unknown Source)
	at org.mybatis.spring.SqlSessionTemplate.selectList(SqlSessionTemplate.java:224)
	at org.apache.ibatis.binding.MapperMethod.executeForMany(MapperMethod.java:147)
	at org.apache.ibatis.binding.MapperMethod.execute(MapperMethod.java:80)
	at org.apache.ibatis.binding.MapperProxy$PlainMethodInvoker.invoke(MapperProxy.java:152)
	at org.apache.ibatis.binding.MapperProxy.invoke(MapperProxy.java:85)
	at com.sun.proxy.$Proxy70.queryNoPayNotifyOrder(Unknown Source)
	at org.example.service.impl.OrderServiceImpl.queryNoPayNotifyOrder(OrderServiceImpl.java:107)
	at org.example.job.NoPayNotifyOrderJob.exec(NoPayNotifyOrderJob.java:29)
	at sun.reflect.NativeMethodAccessorImpl.invoke0(Native Method)
	at sun.reflect.NativeMethodAccessorImpl.invoke(NativeMethodAccessorImpl.java:62)
	at sun.reflect.DelegatingMethodAccessorImpl.invoke(DelegatingMethodAccessorImpl.java:43)
	at java.lang.reflect.Method.invoke(Method.java:498)
	at org.springframework.scheduling.support.ScheduledMethodRunnable.run(ScheduledMethodRunnable.java:84)
	at org.springframework.scheduling.support.DelegatingErrorHandlingRunnable.run(DelegatingErrorHandlingRunnable.java:54)
	at org.springframework.scheduling.concurrent.ReschedulingRunnable.run(ReschedulingRunnable.java:95)
	at java.util.concurrent.Executors$RunnableAdapter.call(Executors.java:511)
	at java.util.concurrent.FutureTask.run$$$capture(FutureTask.java:266)
	at java.util.concurrent.FutureTask.run(FutureTask.java)
	at java.util.concurrent.ScheduledThreadPoolExecutor$ScheduledFutureTask.access$201(ScheduledThreadPoolExecutor.java:180)
	at java.util.concurrent.ScheduledThreadPoolExecutor$ScheduledFutureTask.run(ScheduledThreadPoolExecutor.java:293)
	at java.util.concurrent.ThreadPoolExecutor.runWorker(ThreadPoolExecutor.java:1149)
	at java.util.concurrent.ThreadPoolExecutor$Worker.run(ThreadPoolExecutor.java:624)
	at java.lang.Thread.run(Thread.java:750)
Caused by: com.mysql.cj.exceptions.CJCommunicationsException: Communications link failure

The last packet sent successfully to the server was 0 milliseconds ago. The driver has not received any packets from the server.
	at sun.reflect.GeneratedConstructorAccessor38.newInstance(Unknown Source)
	at sun.reflect.DelegatingConstructorAccessorImpl.newInstance(DelegatingConstructorAccessorImpl.java:45)
	at java.lang.reflect.Constructor.newInstance(Constructor.java:423)
	at com.mysql.cj.exceptions.ExceptionFactory.createException(ExceptionFactory.java:61)
	at com.mysql.cj.exceptions.ExceptionFactory.createException(ExceptionFactory.java:105)
	at com.mysql.cj.exceptions.ExceptionFactory.createException(ExceptionFactory.java:151)
	at com.mysql.cj.exceptions.ExceptionFactory.createCommunicationsException(ExceptionFactory.java:167)
	at com.mysql.cj.protocol.a.NativeSocketConnection.connect(NativeSocketConnection.java:89)
	at com.mysql.cj.NativeSession.connect(NativeSession.java:144)
	at com.mysql.cj.jdbc.ConnectionImpl.connectWithRetries(ConnectionImpl.java:847)
	... 54 common frames omitted
Caused by: java.net.ConnectException: Connection refused: connect
	at java.net.DualStackPlainSocketImpl.waitForConnect(Native Method)
	at java.net.DualStackPlainSocketImpl.socketConnect(DualStackPlainSocketImpl.java:81)
	at java.net.AbstractPlainSocketImpl.doConnect(AbstractPlainSocketImpl.java:476)
	at java.net.AbstractPlainSocketImpl.connectToAddress(AbstractPlainSocketImpl.java:218)
	at java.net.AbstractPlainSocketImpl.connect(AbstractPlainSocketImpl.java:200)
	at java.net.PlainSocketImpl.connect(PlainSocketImpl.java:162)
	at java.net.SocksSocketImpl.connect(SocksSocketImpl.java:394)
	at java.net.Socket.connect(Socket.java:606)
	at com.mysql.cj.protocol.StandardSocketFactory.connect(StandardSocketFactory.java:155)
	at com.mysql.cj.protocol.a.NativeSocketConnection.connect(NativeSocketConnection.java:63)
	... 56 common frames omitted
25-02-07.17:08:06.139 [scheduling-1    ] ERROR NoPayNotifyOrderJob    - 检测未接收到或未正确处理的支付回调通知失败
org.mybatis.spring.MyBatisSystemException: nested exception is org.apache.ibatis.exceptions.PersistenceException: 
### Error querying database.  Cause: org.springframework.jdbc.CannotGetJdbcConnectionException: Failed to obtain JDBC Connection; nested exception is java.sql.SQLNonTransientConnectionException: Could not create connection to database server. Attempted reconnect 3 times. Giving up.
### The error may exist in file [D:\Workspace\s-pay-mall-qiusu\s-pay-mall-controller\target\classes\mybatis\mapper\pay_order_mapper.xml]
### The error may involve org.example.dao.IOrderDao.queryNoPayNotifyOrder
### The error occurred while executing a query
### Cause: org.springframework.jdbc.CannotGetJdbcConnectionException: Failed to obtain JDBC Connection; nested exception is java.sql.SQLNonTransientConnectionException: Could not create connection to database server. Attempted reconnect 3 times. Giving up.
	at org.mybatis.spring.MyBatisExceptionTranslator.translateExceptionIfPossible(MyBatisExceptionTranslator.java:96)
	at org.mybatis.spring.SqlSessionTemplate$SqlSessionInterceptor.invoke(SqlSessionTemplate.java:441)
	at com.sun.proxy.$Proxy69.selectList(Unknown Source)
	at org.mybatis.spring.SqlSessionTemplate.selectList(SqlSessionTemplate.java:224)
	at org.apache.ibatis.binding.MapperMethod.executeForMany(MapperMethod.java:147)
	at org.apache.ibatis.binding.MapperMethod.execute(MapperMethod.java:80)
	at org.apache.ibatis.binding.MapperProxy$PlainMethodInvoker.invoke(MapperProxy.java:152)
	at org.apache.ibatis.binding.MapperProxy.invoke(MapperProxy.java:85)
	at com.sun.proxy.$Proxy70.queryNoPayNotifyOrder(Unknown Source)
	at org.example.service.impl.OrderServiceImpl.queryNoPayNotifyOrder(OrderServiceImpl.java:107)
	at org.example.job.NoPayNotifyOrderJob.exec(NoPayNotifyOrderJob.java:29)
	at sun.reflect.NativeMethodAccessorImpl.invoke0(Native Method)
	at sun.reflect.NativeMethodAccessorImpl.invoke(NativeMethodAccessorImpl.java:62)
	at sun.reflect.DelegatingMethodAccessorImpl.invoke(DelegatingMethodAccessorImpl.java:43)
	at java.lang.reflect.Method.invoke(Method.java:498)
	at org.springframework.scheduling.support.ScheduledMethodRunnable.run(ScheduledMethodRunnable.java:84)
	at org.springframework.scheduling.support.DelegatingErrorHandlingRunnable.run(DelegatingErrorHandlingRunnable.java:54)
	at org.springframework.scheduling.concurrent.ReschedulingRunnable.run(ReschedulingRunnable.java:95)
	at java.util.concurrent.Executors$RunnableAdapter.call(Executors.java:511)
	at java.util.concurrent.FutureTask.run$$$capture(FutureTask.java:266)
	at java.util.concurrent.FutureTask.run(FutureTask.java)
	at java.util.concurrent.ScheduledThreadPoolExecutor$ScheduledFutureTask.access$201(ScheduledThreadPoolExecutor.java:180)
	at java.util.concurrent.ScheduledThreadPoolExecutor$ScheduledFutureTask.run(ScheduledThreadPoolExecutor.java:293)
	at java.util.concurrent.ThreadPoolExecutor.runWorker(ThreadPoolExecutor.java:1149)
	at java.util.concurrent.ThreadPoolExecutor$Worker.run(ThreadPoolExecutor.java:624)
	at java.lang.Thread.run(Thread.java:750)
Caused by: org.apache.ibatis.exceptions.PersistenceException: 
### Error querying database.  Cause: org.springframework.jdbc.CannotGetJdbcConnectionException: Failed to obtain JDBC Connection; nested exception is java.sql.SQLNonTransientConnectionException: Could not create connection to database server. Attempted reconnect 3 times. Giving up.
### The error may exist in file [D:\Workspace\s-pay-mall-qiusu\s-pay-mall-controller\target\classes\mybatis\mapper\pay_order_mapper.xml]
### The error may involve org.example.dao.IOrderDao.queryNoPayNotifyOrder
### The error occurred while executing a query
### Cause: org.springframework.jdbc.CannotGetJdbcConnectionException: Failed to obtain JDBC Connection; nested exception is java.sql.SQLNonTransientConnectionException: Could not create connection to database server. Attempted reconnect 3 times. Giving up.
	at org.apache.ibatis.exceptions.ExceptionFactory.wrapException(ExceptionFactory.java:30)
	at org.apache.ibatis.session.defaults.DefaultSqlSession.selectList(DefaultSqlSession.java:149)
	at org.apache.ibatis.session.defaults.DefaultSqlSession.selectList(DefaultSqlSession.java:140)
	at sun.reflect.NativeMethodAccessorImpl.invoke0(Native Method)
	at sun.reflect.NativeMethodAccessorImpl.invoke(NativeMethodAccessorImpl.java:62)
	at sun.reflect.DelegatingMethodAccessorImpl.invoke(DelegatingMethodAccessorImpl.java:43)
	at java.lang.reflect.Method.invoke(Method.java:498)
	at org.mybatis.spring.SqlSessionTemplate$SqlSessionInterceptor.invoke(SqlSessionTemplate.java:427)
	... 24 common frames omitted
Caused by: org.springframework.jdbc.CannotGetJdbcConnectionException: Failed to obtain JDBC Connection; nested exception is java.sql.SQLNonTransientConnectionException: Could not create connection to database server. Attempted reconnect 3 times. Giving up.
	at org.springframework.jdbc.datasource.DataSourceUtils.getConnection(DataSourceUtils.java:83)
	at org.mybatis.spring.transaction.SpringManagedTransaction.openConnection(SpringManagedTransaction.java:80)
	at org.mybatis.spring.transaction.SpringManagedTransaction.getConnection(SpringManagedTransaction.java:67)
	at org.apache.ibatis.executor.BaseExecutor.getConnection(BaseExecutor.java:337)
	at org.apache.ibatis.executor.SimpleExecutor.prepareStatement(SimpleExecutor.java:86)
	at org.apache.ibatis.executor.SimpleExecutor.doQuery(SimpleExecutor.java:62)
	at org.apache.ibatis.executor.BaseExecutor.queryFromDatabase(BaseExecutor.java:325)
	at org.apache.ibatis.executor.BaseExecutor.query(BaseExecutor.java:156)
	at org.apache.ibatis.executor.CachingExecutor.query(CachingExecutor.java:109)
	at org.apache.ibatis.executor.CachingExecutor.query(CachingExecutor.java:89)
	at org.apache.ibatis.session.defaults.DefaultSqlSession.selectList(DefaultSqlSession.java:147)
	... 30 common frames omitted
Caused by: java.sql.SQLNonTransientConnectionException: Could not create connection to database server. Attempted reconnect 3 times. Giving up.
	at com.mysql.cj.jdbc.exceptions.SQLError.createSQLException(SQLError.java:110)
	at com.mysql.cj.jdbc.exceptions.SQLError.createSQLException(SQLError.java:97)
	at com.mysql.cj.jdbc.exceptions.SQLError.createSQLException(SQLError.java:89)
	at com.mysql.cj.jdbc.exceptions.SQLError.createSQLException(SQLError.java:63)
	at com.mysql.cj.jdbc.exceptions.SQLError.createSQLException(SQLError.java:73)
	at com.mysql.cj.jdbc.ConnectionImpl.connectWithRetries(ConnectionImpl.java:903)
	at com.mysql.cj.jdbc.ConnectionImpl.createNewIO(ConnectionImpl.java:828)
	at com.mysql.cj.jdbc.ConnectionImpl.<init>(ConnectionImpl.java:453)
	at com.mysql.cj.jdbc.ConnectionImpl.getInstance(ConnectionImpl.java:246)
	at com.mysql.cj.jdbc.NonRegisteringDriver.connect(NonRegisteringDriver.java:198)
	at com.zaxxer.hikari.util.DriverDataSource.getConnection(DriverDataSource.java:138)
	at com.zaxxer.hikari.pool.PoolBase.newConnection(PoolBase.java:364)
	at com.zaxxer.hikari.pool.PoolBase.newPoolEntry(PoolBase.java:206)
	at com.zaxxer.hikari.pool.HikariPool.createPoolEntry(HikariPool.java:476)
	at com.zaxxer.hikari.pool.HikariPool.checkFailFast(HikariPool.java:561)
	at com.zaxxer.hikari.pool.HikariPool.<init>(HikariPool.java:115)
	at com.zaxxer.hikari.HikariDataSource.getConnection(HikariDataSource.java:112)
	at org.springframework.jdbc.datasource.DataSourceUtils.fetchConnection(DataSourceUtils.java:159)
	at org.springframework.jdbc.datasource.DataSourceUtils.doGetConnection(DataSourceUtils.java:117)
	at org.springframework.jdbc.datasource.DataSourceUtils.getConnection(DataSourceUtils.java:80)
	... 40 common frames omitted
Caused by: com.mysql.cj.exceptions.CJCommunicationsException: Communications link failure

The last packet sent successfully to the server was 0 milliseconds ago. The driver has not received any packets from the server.
	at sun.reflect.GeneratedConstructorAccessor38.newInstance(Unknown Source)
	at sun.reflect.DelegatingConstructorAccessorImpl.newInstance(DelegatingConstructorAccessorImpl.java:45)
	at java.lang.reflect.Constructor.newInstance(Constructor.java:423)
	at com.mysql.cj.exceptions.ExceptionFactory.createException(ExceptionFactory.java:61)
	at com.mysql.cj.exceptions.ExceptionFactory.createException(ExceptionFactory.java:105)
	at com.mysql.cj.exceptions.ExceptionFactory.createException(ExceptionFactory.java:151)
	at com.mysql.cj.exceptions.ExceptionFactory.createCommunicationsException(ExceptionFactory.java:167)
	at com.mysql.cj.protocol.a.NativeSocketConnection.connect(NativeSocketConnection.java:89)
	at com.mysql.cj.NativeSession.connect(NativeSession.java:144)
	at com.mysql.cj.jdbc.ConnectionImpl.connectWithRetries(ConnectionImpl.java:847)
	... 54 common frames omitted
Caused by: java.net.ConnectException: Connection refused: connect
	at java.net.DualStackPlainSocketImpl.waitForConnect(Native Method)
	at java.net.DualStackPlainSocketImpl.socketConnect(DualStackPlainSocketImpl.java:81)
	at java.net.AbstractPlainSocketImpl.doConnect(AbstractPlainSocketImpl.java:476)
	at java.net.AbstractPlainSocketImpl.connectToAddress(AbstractPlainSocketImpl.java:218)
	at java.net.AbstractPlainSocketImpl.connect(AbstractPlainSocketImpl.java:200)
	at java.net.PlainSocketImpl.connect(PlainSocketImpl.java:162)
	at java.net.SocksSocketImpl.connect(SocksSocketImpl.java:394)
	at java.net.Socket.connect(Socket.java:606)
	at com.mysql.cj.protocol.StandardSocketFactory.connect(StandardSocketFactory.java:155)
	at com.mysql.cj.protocol.a.NativeSocketConnection.connect(NativeSocketConnection.java:63)
	... 56 common frames omitted
25-02-07.17:08:10.013 [scheduling-1    ] INFO  NoPayNotifyOrderJob    - 任务；检测未接收到或未正确处理的支付回调通知
25-02-07.17:08:10.014 [scheduling-1    ] INFO  HikariDataSource       - HikariPool-1 - Starting...
25-02-07.17:08:21.191 [scheduling-1    ] ERROR HikariPool             - HikariPool-1 - Exception during pool initialization.
java.sql.SQLNonTransientConnectionException: Could not create connection to database server. Attempted reconnect 3 times. Giving up.
	at com.mysql.cj.jdbc.exceptions.SQLError.createSQLException(SQLError.java:110)
	at com.mysql.cj.jdbc.exceptions.SQLError.createSQLException(SQLError.java:97)
	at com.mysql.cj.jdbc.exceptions.SQLError.createSQLException(SQLError.java:89)
	at com.mysql.cj.jdbc.exceptions.SQLError.createSQLException(SQLError.java:63)
	at com.mysql.cj.jdbc.exceptions.SQLError.createSQLException(SQLError.java:73)
	at com.mysql.cj.jdbc.ConnectionImpl.connectWithRetries(ConnectionImpl.java:903)
	at com.mysql.cj.jdbc.ConnectionImpl.createNewIO(ConnectionImpl.java:828)
	at com.mysql.cj.jdbc.ConnectionImpl.<init>(ConnectionImpl.java:453)
	at com.mysql.cj.jdbc.ConnectionImpl.getInstance(ConnectionImpl.java:246)
	at com.mysql.cj.jdbc.NonRegisteringDriver.connect(NonRegisteringDriver.java:198)
	at com.zaxxer.hikari.util.DriverDataSource.getConnection(DriverDataSource.java:138)
	at com.zaxxer.hikari.pool.PoolBase.newConnection(PoolBase.java:364)
	at com.zaxxer.hikari.pool.PoolBase.newPoolEntry(PoolBase.java:206)
	at com.zaxxer.hikari.pool.HikariPool.createPoolEntry(HikariPool.java:476)
	at com.zaxxer.hikari.pool.HikariPool.checkFailFast(HikariPool.java:561)
	at com.zaxxer.hikari.pool.HikariPool.<init>(HikariPool.java:115)
	at com.zaxxer.hikari.HikariDataSource.getConnection(HikariDataSource.java:112)
	at org.springframework.jdbc.datasource.DataSourceUtils.fetchConnection(DataSourceUtils.java:159)
	at org.springframework.jdbc.datasource.DataSourceUtils.doGetConnection(DataSourceUtils.java:117)
	at org.springframework.jdbc.datasource.DataSourceUtils.getConnection(DataSourceUtils.java:80)
	at org.mybatis.spring.transaction.SpringManagedTransaction.openConnection(SpringManagedTransaction.java:80)
	at org.mybatis.spring.transaction.SpringManagedTransaction.getConnection(SpringManagedTransaction.java:67)
	at org.apache.ibatis.executor.BaseExecutor.getConnection(BaseExecutor.java:337)
	at org.apache.ibatis.executor.SimpleExecutor.prepareStatement(SimpleExecutor.java:86)
	at org.apache.ibatis.executor.SimpleExecutor.doQuery(SimpleExecutor.java:62)
	at org.apache.ibatis.executor.BaseExecutor.queryFromDatabase(BaseExecutor.java:325)
	at org.apache.ibatis.executor.BaseExecutor.query(BaseExecutor.java:156)
	at org.apache.ibatis.executor.CachingExecutor.query(CachingExecutor.java:109)
	at org.apache.ibatis.executor.CachingExecutor.query(CachingExecutor.java:89)
	at org.apache.ibatis.session.defaults.DefaultSqlSession.selectList(DefaultSqlSession.java:147)
	at org.apache.ibatis.session.defaults.DefaultSqlSession.selectList(DefaultSqlSession.java:140)
	at sun.reflect.NativeMethodAccessorImpl.invoke0(Native Method)
	at sun.reflect.NativeMethodAccessorImpl.invoke(NativeMethodAccessorImpl.java:62)
	at sun.reflect.DelegatingMethodAccessorImpl.invoke(DelegatingMethodAccessorImpl.java:43)
	at java.lang.reflect.Method.invoke(Method.java:498)
	at org.mybatis.spring.SqlSessionTemplate$SqlSessionInterceptor.invoke(SqlSessionTemplate.java:427)
	at com.sun.proxy.$Proxy69.selectList(Unknown Source)
	at org.mybatis.spring.SqlSessionTemplate.selectList(SqlSessionTemplate.java:224)
	at org.apache.ibatis.binding.MapperMethod.executeForMany(MapperMethod.java:147)
	at org.apache.ibatis.binding.MapperMethod.execute(MapperMethod.java:80)
	at org.apache.ibatis.binding.MapperProxy$PlainMethodInvoker.invoke(MapperProxy.java:152)
	at org.apache.ibatis.binding.MapperProxy.invoke(MapperProxy.java:85)
	at com.sun.proxy.$Proxy70.queryNoPayNotifyOrder(Unknown Source)
	at org.example.service.impl.OrderServiceImpl.queryNoPayNotifyOrder(OrderServiceImpl.java:107)
	at org.example.job.NoPayNotifyOrderJob.exec(NoPayNotifyOrderJob.java:29)
	at sun.reflect.NativeMethodAccessorImpl.invoke0(Native Method)
	at sun.reflect.NativeMethodAccessorImpl.invoke(NativeMethodAccessorImpl.java:62)
	at sun.reflect.DelegatingMethodAccessorImpl.invoke(DelegatingMethodAccessorImpl.java:43)
	at java.lang.reflect.Method.invoke(Method.java:498)
	at org.springframework.scheduling.support.ScheduledMethodRunnable.run(ScheduledMethodRunnable.java:84)
	at org.springframework.scheduling.support.DelegatingErrorHandlingRunnable.run(DelegatingErrorHandlingRunnable.java:54)
	at org.springframework.scheduling.concurrent.ReschedulingRunnable.run(ReschedulingRunnable.java:95)
	at java.util.concurrent.Executors$RunnableAdapter.call(Executors.java:511)
	at java.util.concurrent.FutureTask.run$$$capture(FutureTask.java:266)
	at java.util.concurrent.FutureTask.run(FutureTask.java)
	at java.util.concurrent.ScheduledThreadPoolExecutor$ScheduledFutureTask.access$201(ScheduledThreadPoolExecutor.java:180)
	at java.util.concurrent.ScheduledThreadPoolExecutor$ScheduledFutureTask.run(ScheduledThreadPoolExecutor.java:293)
	at java.util.concurrent.ThreadPoolExecutor.runWorker(ThreadPoolExecutor.java:1149)
	at java.util.concurrent.ThreadPoolExecutor$Worker.run(ThreadPoolExecutor.java:624)
	at java.lang.Thread.run(Thread.java:750)
Caused by: com.mysql.cj.exceptions.CJCommunicationsException: Communications link failure

The last packet sent successfully to the server was 0 milliseconds ago. The driver has not received any packets from the server.
	at sun.reflect.GeneratedConstructorAccessor38.newInstance(Unknown Source)
	at sun.reflect.DelegatingConstructorAccessorImpl.newInstance(DelegatingConstructorAccessorImpl.java:45)
	at java.lang.reflect.Constructor.newInstance(Constructor.java:423)
	at com.mysql.cj.exceptions.ExceptionFactory.createException(ExceptionFactory.java:61)
	at com.mysql.cj.exceptions.ExceptionFactory.createException(ExceptionFactory.java:105)
	at com.mysql.cj.exceptions.ExceptionFactory.createException(ExceptionFactory.java:151)
	at com.mysql.cj.exceptions.ExceptionFactory.createCommunicationsException(ExceptionFactory.java:167)
	at com.mysql.cj.protocol.a.NativeSocketConnection.connect(NativeSocketConnection.java:89)
	at com.mysql.cj.NativeSession.connect(NativeSession.java:144)
	at com.mysql.cj.jdbc.ConnectionImpl.connectWithRetries(ConnectionImpl.java:847)
	... 54 common frames omitted
Caused by: java.net.ConnectException: Connection refused: connect
	at java.net.DualStackPlainSocketImpl.waitForConnect(Native Method)
	at java.net.DualStackPlainSocketImpl.socketConnect(DualStackPlainSocketImpl.java:81)
	at java.net.AbstractPlainSocketImpl.doConnect(AbstractPlainSocketImpl.java:476)
	at java.net.AbstractPlainSocketImpl.connectToAddress(AbstractPlainSocketImpl.java:218)
	at java.net.AbstractPlainSocketImpl.connect(AbstractPlainSocketImpl.java:200)
	at java.net.PlainSocketImpl.connect(PlainSocketImpl.java:162)
	at java.net.SocksSocketImpl.connect(SocksSocketImpl.java:394)
	at java.net.Socket.connect(Socket.java:606)
	at com.mysql.cj.protocol.StandardSocketFactory.connect(StandardSocketFactory.java:155)
	at com.mysql.cj.protocol.a.NativeSocketConnection.connect(NativeSocketConnection.java:63)
	... 56 common frames omitted
25-02-07.17:08:21.195 [scheduling-1    ] ERROR NoPayNotifyOrderJob    - 检测未接收到或未正确处理的支付回调通知失败
org.mybatis.spring.MyBatisSystemException: nested exception is org.apache.ibatis.exceptions.PersistenceException: 
### Error querying database.  Cause: org.springframework.jdbc.CannotGetJdbcConnectionException: Failed to obtain JDBC Connection; nested exception is java.sql.SQLNonTransientConnectionException: Could not create connection to database server. Attempted reconnect 3 times. Giving up.
### The error may exist in file [D:\Workspace\s-pay-mall-qiusu\s-pay-mall-controller\target\classes\mybatis\mapper\pay_order_mapper.xml]
### The error may involve org.example.dao.IOrderDao.queryNoPayNotifyOrder
### The error occurred while executing a query
### Cause: org.springframework.jdbc.CannotGetJdbcConnectionException: Failed to obtain JDBC Connection; nested exception is java.sql.SQLNonTransientConnectionException: Could not create connection to database server. Attempted reconnect 3 times. Giving up.
	at org.mybatis.spring.MyBatisExceptionTranslator.translateExceptionIfPossible(MyBatisExceptionTranslator.java:96)
	at org.mybatis.spring.SqlSessionTemplate$SqlSessionInterceptor.invoke(SqlSessionTemplate.java:441)
	at com.sun.proxy.$Proxy69.selectList(Unknown Source)
	at org.mybatis.spring.SqlSessionTemplate.selectList(SqlSessionTemplate.java:224)
	at org.apache.ibatis.binding.MapperMethod.executeForMany(MapperMethod.java:147)
	at org.apache.ibatis.binding.MapperMethod.execute(MapperMethod.java:80)
	at org.apache.ibatis.binding.MapperProxy$PlainMethodInvoker.invoke(MapperProxy.java:152)
	at org.apache.ibatis.binding.MapperProxy.invoke(MapperProxy.java:85)
	at com.sun.proxy.$Proxy70.queryNoPayNotifyOrder(Unknown Source)
	at org.example.service.impl.OrderServiceImpl.queryNoPayNotifyOrder(OrderServiceImpl.java:107)
	at org.example.job.NoPayNotifyOrderJob.exec(NoPayNotifyOrderJob.java:29)
	at sun.reflect.NativeMethodAccessorImpl.invoke0(Native Method)
	at sun.reflect.NativeMethodAccessorImpl.invoke(NativeMethodAccessorImpl.java:62)
	at sun.reflect.DelegatingMethodAccessorImpl.invoke(DelegatingMethodAccessorImpl.java:43)
	at java.lang.reflect.Method.invoke(Method.java:498)
	at org.springframework.scheduling.support.ScheduledMethodRunnable.run(ScheduledMethodRunnable.java:84)
	at org.springframework.scheduling.support.DelegatingErrorHandlingRunnable.run(DelegatingErrorHandlingRunnable.java:54)
	at org.springframework.scheduling.concurrent.ReschedulingRunnable.run(ReschedulingRunnable.java:95)
	at java.util.concurrent.Executors$RunnableAdapter.call(Executors.java:511)
	at java.util.concurrent.FutureTask.run$$$capture(FutureTask.java:266)
	at java.util.concurrent.FutureTask.run(FutureTask.java)
	at java.util.concurrent.ScheduledThreadPoolExecutor$ScheduledFutureTask.access$201(ScheduledThreadPoolExecutor.java:180)
	at java.util.concurrent.ScheduledThreadPoolExecutor$ScheduledFutureTask.run(ScheduledThreadPoolExecutor.java:293)
	at java.util.concurrent.ThreadPoolExecutor.runWorker(ThreadPoolExecutor.java:1149)
	at java.util.concurrent.ThreadPoolExecutor$Worker.run(ThreadPoolExecutor.java:624)
	at java.lang.Thread.run(Thread.java:750)
Caused by: org.apache.ibatis.exceptions.PersistenceException: 
### Error querying database.  Cause: org.springframework.jdbc.CannotGetJdbcConnectionException: Failed to obtain JDBC Connection; nested exception is java.sql.SQLNonTransientConnectionException: Could not create connection to database server. Attempted reconnect 3 times. Giving up.
### The error may exist in file [D:\Workspace\s-pay-mall-qiusu\s-pay-mall-controller\target\classes\mybatis\mapper\pay_order_mapper.xml]
### The error may involve org.example.dao.IOrderDao.queryNoPayNotifyOrder
### The error occurred while executing a query
### Cause: org.springframework.jdbc.CannotGetJdbcConnectionException: Failed to obtain JDBC Connection; nested exception is java.sql.SQLNonTransientConnectionException: Could not create connection to database server. Attempted reconnect 3 times. Giving up.
	at org.apache.ibatis.exceptions.ExceptionFactory.wrapException(ExceptionFactory.java:30)
	at org.apache.ibatis.session.defaults.DefaultSqlSession.selectList(DefaultSqlSession.java:149)
	at org.apache.ibatis.session.defaults.DefaultSqlSession.selectList(DefaultSqlSession.java:140)
	at sun.reflect.NativeMethodAccessorImpl.invoke0(Native Method)
	at sun.reflect.NativeMethodAccessorImpl.invoke(NativeMethodAccessorImpl.java:62)
	at sun.reflect.DelegatingMethodAccessorImpl.invoke(DelegatingMethodAccessorImpl.java:43)
	at java.lang.reflect.Method.invoke(Method.java:498)
	at org.mybatis.spring.SqlSessionTemplate$SqlSessionInterceptor.invoke(SqlSessionTemplate.java:427)
	... 24 common frames omitted
Caused by: org.springframework.jdbc.CannotGetJdbcConnectionException: Failed to obtain JDBC Connection; nested exception is java.sql.SQLNonTransientConnectionException: Could not create connection to database server. Attempted reconnect 3 times. Giving up.
	at org.springframework.jdbc.datasource.DataSourceUtils.getConnection(DataSourceUtils.java:83)
	at org.mybatis.spring.transaction.SpringManagedTransaction.openConnection(SpringManagedTransaction.java:80)
	at org.mybatis.spring.transaction.SpringManagedTransaction.getConnection(SpringManagedTransaction.java:67)
	at org.apache.ibatis.executor.BaseExecutor.getConnection(BaseExecutor.java:337)
	at org.apache.ibatis.executor.SimpleExecutor.prepareStatement(SimpleExecutor.java:86)
	at org.apache.ibatis.executor.SimpleExecutor.doQuery(SimpleExecutor.java:62)
	at org.apache.ibatis.executor.BaseExecutor.queryFromDatabase(BaseExecutor.java:325)
	at org.apache.ibatis.executor.BaseExecutor.query(BaseExecutor.java:156)
	at org.apache.ibatis.executor.CachingExecutor.query(CachingExecutor.java:109)
	at org.apache.ibatis.executor.CachingExecutor.query(CachingExecutor.java:89)
	at org.apache.ibatis.session.defaults.DefaultSqlSession.selectList(DefaultSqlSession.java:147)
	... 30 common frames omitted
Caused by: java.sql.SQLNonTransientConnectionException: Could not create connection to database server. Attempted reconnect 3 times. Giving up.
	at com.mysql.cj.jdbc.exceptions.SQLError.createSQLException(SQLError.java:110)
	at com.mysql.cj.jdbc.exceptions.SQLError.createSQLException(SQLError.java:97)
	at com.mysql.cj.jdbc.exceptions.SQLError.createSQLException(SQLError.java:89)
	at com.mysql.cj.jdbc.exceptions.SQLError.createSQLException(SQLError.java:63)
	at com.mysql.cj.jdbc.exceptions.SQLError.createSQLException(SQLError.java:73)
	at com.mysql.cj.jdbc.ConnectionImpl.connectWithRetries(ConnectionImpl.java:903)
	at com.mysql.cj.jdbc.ConnectionImpl.createNewIO(ConnectionImpl.java:828)
	at com.mysql.cj.jdbc.ConnectionImpl.<init>(ConnectionImpl.java:453)
	at com.mysql.cj.jdbc.ConnectionImpl.getInstance(ConnectionImpl.java:246)
	at com.mysql.cj.jdbc.NonRegisteringDriver.connect(NonRegisteringDriver.java:198)
	at com.zaxxer.hikari.util.DriverDataSource.getConnection(DriverDataSource.java:138)
	at com.zaxxer.hikari.pool.PoolBase.newConnection(PoolBase.java:364)
	at com.zaxxer.hikari.pool.PoolBase.newPoolEntry(PoolBase.java:206)
	at com.zaxxer.hikari.pool.HikariPool.createPoolEntry(HikariPool.java:476)
	at com.zaxxer.hikari.pool.HikariPool.checkFailFast(HikariPool.java:561)
	at com.zaxxer.hikari.pool.HikariPool.<init>(HikariPool.java:115)
	at com.zaxxer.hikari.HikariDataSource.getConnection(HikariDataSource.java:112)
	at org.springframework.jdbc.datasource.DataSourceUtils.fetchConnection(DataSourceUtils.java:159)
	at org.springframework.jdbc.datasource.DataSourceUtils.doGetConnection(DataSourceUtils.java:117)
	at org.springframework.jdbc.datasource.DataSourceUtils.getConnection(DataSourceUtils.java:80)
	... 40 common frames omitted
Caused by: com.mysql.cj.exceptions.CJCommunicationsException: Communications link failure

The last packet sent successfully to the server was 0 milliseconds ago. The driver has not received any packets from the server.
	at sun.reflect.GeneratedConstructorAccessor38.newInstance(Unknown Source)
	at sun.reflect.DelegatingConstructorAccessorImpl.newInstance(DelegatingConstructorAccessorImpl.java:45)
	at java.lang.reflect.Constructor.newInstance(Constructor.java:423)
	at com.mysql.cj.exceptions.ExceptionFactory.createException(ExceptionFactory.java:61)
	at com.mysql.cj.exceptions.ExceptionFactory.createException(ExceptionFactory.java:105)
	at com.mysql.cj.exceptions.ExceptionFactory.createException(ExceptionFactory.java:151)
	at com.mysql.cj.exceptions.ExceptionFactory.createCommunicationsException(ExceptionFactory.java:167)
	at com.mysql.cj.protocol.a.NativeSocketConnection.connect(NativeSocketConnection.java:89)
	at com.mysql.cj.NativeSession.connect(NativeSession.java:144)
	at com.mysql.cj.jdbc.ConnectionImpl.connectWithRetries(ConnectionImpl.java:847)
	... 54 common frames omitted
Caused by: java.net.ConnectException: Connection refused: connect
	at java.net.DualStackPlainSocketImpl.waitForConnect(Native Method)
	at java.net.DualStackPlainSocketImpl.socketConnect(DualStackPlainSocketImpl.java:81)
	at java.net.AbstractPlainSocketImpl.doConnect(AbstractPlainSocketImpl.java:476)
	at java.net.AbstractPlainSocketImpl.connectToAddress(AbstractPlainSocketImpl.java:218)
	at java.net.AbstractPlainSocketImpl.connect(AbstractPlainSocketImpl.java:200)
	at java.net.PlainSocketImpl.connect(PlainSocketImpl.java:162)
	at java.net.SocksSocketImpl.connect(SocksSocketImpl.java:394)
	at java.net.Socket.connect(Socket.java:606)
	at com.mysql.cj.protocol.StandardSocketFactory.connect(StandardSocketFactory.java:155)
	at com.mysql.cj.protocol.a.NativeSocketConnection.connect(NativeSocketConnection.java:63)
	... 56 common frames omitted
25-02-07.17:08:25.012 [scheduling-1    ] INFO  NoPayNotifyOrderJob    - 任务；检测未接收到或未正确处理的支付回调通知
25-02-07.17:08:25.013 [scheduling-1    ] INFO  HikariDataSource       - HikariPool-1 - Starting...
25-02-07.17:08:36.163 [scheduling-1    ] ERROR HikariPool             - HikariPool-1 - Exception during pool initialization.
java.sql.SQLNonTransientConnectionException: Could not create connection to database server. Attempted reconnect 3 times. Giving up.
	at com.mysql.cj.jdbc.exceptions.SQLError.createSQLException(SQLError.java:110)
	at com.mysql.cj.jdbc.exceptions.SQLError.createSQLException(SQLError.java:97)
	at com.mysql.cj.jdbc.exceptions.SQLError.createSQLException(SQLError.java:89)
	at com.mysql.cj.jdbc.exceptions.SQLError.createSQLException(SQLError.java:63)
	at com.mysql.cj.jdbc.exceptions.SQLError.createSQLException(SQLError.java:73)
	at com.mysql.cj.jdbc.ConnectionImpl.connectWithRetries(ConnectionImpl.java:903)
	at com.mysql.cj.jdbc.ConnectionImpl.createNewIO(ConnectionImpl.java:828)
	at com.mysql.cj.jdbc.ConnectionImpl.<init>(ConnectionImpl.java:453)
	at com.mysql.cj.jdbc.ConnectionImpl.getInstance(ConnectionImpl.java:246)
	at com.mysql.cj.jdbc.NonRegisteringDriver.connect(NonRegisteringDriver.java:198)
	at com.zaxxer.hikari.util.DriverDataSource.getConnection(DriverDataSource.java:138)
	at com.zaxxer.hikari.pool.PoolBase.newConnection(PoolBase.java:364)
	at com.zaxxer.hikari.pool.PoolBase.newPoolEntry(PoolBase.java:206)
	at com.zaxxer.hikari.pool.HikariPool.createPoolEntry(HikariPool.java:476)
	at com.zaxxer.hikari.pool.HikariPool.checkFailFast(HikariPool.java:561)
	at com.zaxxer.hikari.pool.HikariPool.<init>(HikariPool.java:115)
	at com.zaxxer.hikari.HikariDataSource.getConnection(HikariDataSource.java:112)
	at org.springframework.jdbc.datasource.DataSourceUtils.fetchConnection(DataSourceUtils.java:159)
	at org.springframework.jdbc.datasource.DataSourceUtils.doGetConnection(DataSourceUtils.java:117)
	at org.springframework.jdbc.datasource.DataSourceUtils.getConnection(DataSourceUtils.java:80)
	at org.mybatis.spring.transaction.SpringManagedTransaction.openConnection(SpringManagedTransaction.java:80)
	at org.mybatis.spring.transaction.SpringManagedTransaction.getConnection(SpringManagedTransaction.java:67)
	at org.apache.ibatis.executor.BaseExecutor.getConnection(BaseExecutor.java:337)
	at org.apache.ibatis.executor.SimpleExecutor.prepareStatement(SimpleExecutor.java:86)
	at org.apache.ibatis.executor.SimpleExecutor.doQuery(SimpleExecutor.java:62)
	at org.apache.ibatis.executor.BaseExecutor.queryFromDatabase(BaseExecutor.java:325)
	at org.apache.ibatis.executor.BaseExecutor.query(BaseExecutor.java:156)
	at org.apache.ibatis.executor.CachingExecutor.query(CachingExecutor.java:109)
	at org.apache.ibatis.executor.CachingExecutor.query(CachingExecutor.java:89)
	at org.apache.ibatis.session.defaults.DefaultSqlSession.selectList(DefaultSqlSession.java:147)
	at org.apache.ibatis.session.defaults.DefaultSqlSession.selectList(DefaultSqlSession.java:140)
	at sun.reflect.NativeMethodAccessorImpl.invoke0(Native Method)
	at sun.reflect.NativeMethodAccessorImpl.invoke(NativeMethodAccessorImpl.java:62)
	at sun.reflect.DelegatingMethodAccessorImpl.invoke(DelegatingMethodAccessorImpl.java:43)
	at java.lang.reflect.Method.invoke(Method.java:498)
	at org.mybatis.spring.SqlSessionTemplate$SqlSessionInterceptor.invoke(SqlSessionTemplate.java:427)
	at com.sun.proxy.$Proxy69.selectList(Unknown Source)
	at org.mybatis.spring.SqlSessionTemplate.selectList(SqlSessionTemplate.java:224)
	at org.apache.ibatis.binding.MapperMethod.executeForMany(MapperMethod.java:147)
	at org.apache.ibatis.binding.MapperMethod.execute(MapperMethod.java:80)
	at org.apache.ibatis.binding.MapperProxy$PlainMethodInvoker.invoke(MapperProxy.java:152)
	at org.apache.ibatis.binding.MapperProxy.invoke(MapperProxy.java:85)
	at com.sun.proxy.$Proxy70.queryNoPayNotifyOrder(Unknown Source)
	at org.example.service.impl.OrderServiceImpl.queryNoPayNotifyOrder(OrderServiceImpl.java:107)
	at org.example.job.NoPayNotifyOrderJob.exec(NoPayNotifyOrderJob.java:29)
	at sun.reflect.NativeMethodAccessorImpl.invoke0(Native Method)
	at sun.reflect.NativeMethodAccessorImpl.invoke(NativeMethodAccessorImpl.java:62)
	at sun.reflect.DelegatingMethodAccessorImpl.invoke(DelegatingMethodAccessorImpl.java:43)
	at java.lang.reflect.Method.invoke(Method.java:498)
	at org.springframework.scheduling.support.ScheduledMethodRunnable.run(ScheduledMethodRunnable.java:84)
	at org.springframework.scheduling.support.DelegatingErrorHandlingRunnable.run(DelegatingErrorHandlingRunnable.java:54)
	at org.springframework.scheduling.concurrent.ReschedulingRunnable.run(ReschedulingRunnable.java:95)
	at java.util.concurrent.Executors$RunnableAdapter.call(Executors.java:511)
	at java.util.concurrent.FutureTask.run$$$capture(FutureTask.java:266)
	at java.util.concurrent.FutureTask.run(FutureTask.java)
	at java.util.concurrent.ScheduledThreadPoolExecutor$ScheduledFutureTask.access$201(ScheduledThreadPoolExecutor.java:180)
	at java.util.concurrent.ScheduledThreadPoolExecutor$ScheduledFutureTask.run(ScheduledThreadPoolExecutor.java:293)
	at java.util.concurrent.ThreadPoolExecutor.runWorker(ThreadPoolExecutor.java:1149)
	at java.util.concurrent.ThreadPoolExecutor$Worker.run(ThreadPoolExecutor.java:624)
	at java.lang.Thread.run(Thread.java:750)
Caused by: com.mysql.cj.exceptions.CJCommunicationsException: Communications link failure

The last packet sent successfully to the server was 0 milliseconds ago. The driver has not received any packets from the server.
	at sun.reflect.GeneratedConstructorAccessor38.newInstance(Unknown Source)
	at sun.reflect.DelegatingConstructorAccessorImpl.newInstance(DelegatingConstructorAccessorImpl.java:45)
	at java.lang.reflect.Constructor.newInstance(Constructor.java:423)
	at com.mysql.cj.exceptions.ExceptionFactory.createException(ExceptionFactory.java:61)
	at com.mysql.cj.exceptions.ExceptionFactory.createException(ExceptionFactory.java:105)
	at com.mysql.cj.exceptions.ExceptionFactory.createException(ExceptionFactory.java:151)
	at com.mysql.cj.exceptions.ExceptionFactory.createCommunicationsException(ExceptionFactory.java:167)
	at com.mysql.cj.protocol.a.NativeSocketConnection.connect(NativeSocketConnection.java:89)
	at com.mysql.cj.NativeSession.connect(NativeSession.java:144)
	at com.mysql.cj.jdbc.ConnectionImpl.connectWithRetries(ConnectionImpl.java:847)
	... 54 common frames omitted
Caused by: java.net.ConnectException: Connection refused: connect
	at java.net.DualStackPlainSocketImpl.waitForConnect(Native Method)
	at java.net.DualStackPlainSocketImpl.socketConnect(DualStackPlainSocketImpl.java:81)
	at java.net.AbstractPlainSocketImpl.doConnect(AbstractPlainSocketImpl.java:476)
	at java.net.AbstractPlainSocketImpl.connectToAddress(AbstractPlainSocketImpl.java:218)
	at java.net.AbstractPlainSocketImpl.connect(AbstractPlainSocketImpl.java:200)
	at java.net.PlainSocketImpl.connect(PlainSocketImpl.java:162)
	at java.net.SocksSocketImpl.connect(SocksSocketImpl.java:394)
	at java.net.Socket.connect(Socket.java:606)
	at com.mysql.cj.protocol.StandardSocketFactory.connect(StandardSocketFactory.java:155)
	at com.mysql.cj.protocol.a.NativeSocketConnection.connect(NativeSocketConnection.java:63)
	... 56 common frames omitted
25-02-07.17:08:36.167 [scheduling-1    ] ERROR NoPayNotifyOrderJob    - 检测未接收到或未正确处理的支付回调通知失败
org.mybatis.spring.MyBatisSystemException: nested exception is org.apache.ibatis.exceptions.PersistenceException: 
### Error querying database.  Cause: org.springframework.jdbc.CannotGetJdbcConnectionException: Failed to obtain JDBC Connection; nested exception is java.sql.SQLNonTransientConnectionException: Could not create connection to database server. Attempted reconnect 3 times. Giving up.
### The error may exist in file [D:\Workspace\s-pay-mall-qiusu\s-pay-mall-controller\target\classes\mybatis\mapper\pay_order_mapper.xml]
### The error may involve org.example.dao.IOrderDao.queryNoPayNotifyOrder
### The error occurred while executing a query
### Cause: org.springframework.jdbc.CannotGetJdbcConnectionException: Failed to obtain JDBC Connection; nested exception is java.sql.SQLNonTransientConnectionException: Could not create connection to database server. Attempted reconnect 3 times. Giving up.
	at org.mybatis.spring.MyBatisExceptionTranslator.translateExceptionIfPossible(MyBatisExceptionTranslator.java:96)
	at org.mybatis.spring.SqlSessionTemplate$SqlSessionInterceptor.invoke(SqlSessionTemplate.java:441)
	at com.sun.proxy.$Proxy69.selectList(Unknown Source)
	at org.mybatis.spring.SqlSessionTemplate.selectList(SqlSessionTemplate.java:224)
	at org.apache.ibatis.binding.MapperMethod.executeForMany(MapperMethod.java:147)
	at org.apache.ibatis.binding.MapperMethod.execute(MapperMethod.java:80)
	at org.apache.ibatis.binding.MapperProxy$PlainMethodInvoker.invoke(MapperProxy.java:152)
	at org.apache.ibatis.binding.MapperProxy.invoke(MapperProxy.java:85)
	at com.sun.proxy.$Proxy70.queryNoPayNotifyOrder(Unknown Source)
	at org.example.service.impl.OrderServiceImpl.queryNoPayNotifyOrder(OrderServiceImpl.java:107)
	at org.example.job.NoPayNotifyOrderJob.exec(NoPayNotifyOrderJob.java:29)
	at sun.reflect.NativeMethodAccessorImpl.invoke0(Native Method)
	at sun.reflect.NativeMethodAccessorImpl.invoke(NativeMethodAccessorImpl.java:62)
	at sun.reflect.DelegatingMethodAccessorImpl.invoke(DelegatingMethodAccessorImpl.java:43)
	at java.lang.reflect.Method.invoke(Method.java:498)
	at org.springframework.scheduling.support.ScheduledMethodRunnable.run(ScheduledMethodRunnable.java:84)
	at org.springframework.scheduling.support.DelegatingErrorHandlingRunnable.run(DelegatingErrorHandlingRunnable.java:54)
	at org.springframework.scheduling.concurrent.ReschedulingRunnable.run(ReschedulingRunnable.java:95)
	at java.util.concurrent.Executors$RunnableAdapter.call(Executors.java:511)
	at java.util.concurrent.FutureTask.run$$$capture(FutureTask.java:266)
	at java.util.concurrent.FutureTask.run(FutureTask.java)
	at java.util.concurrent.ScheduledThreadPoolExecutor$ScheduledFutureTask.access$201(ScheduledThreadPoolExecutor.java:180)
	at java.util.concurrent.ScheduledThreadPoolExecutor$ScheduledFutureTask.run(ScheduledThreadPoolExecutor.java:293)
	at java.util.concurrent.ThreadPoolExecutor.runWorker(ThreadPoolExecutor.java:1149)
	at java.util.concurrent.ThreadPoolExecutor$Worker.run(ThreadPoolExecutor.java:624)
	at java.lang.Thread.run(Thread.java:750)
Caused by: org.apache.ibatis.exceptions.PersistenceException: 
### Error querying database.  Cause: org.springframework.jdbc.CannotGetJdbcConnectionException: Failed to obtain JDBC Connection; nested exception is java.sql.SQLNonTransientConnectionException: Could not create connection to database server. Attempted reconnect 3 times. Giving up.
### The error may exist in file [D:\Workspace\s-pay-mall-qiusu\s-pay-mall-controller\target\classes\mybatis\mapper\pay_order_mapper.xml]
### The error may involve org.example.dao.IOrderDao.queryNoPayNotifyOrder
### The error occurred while executing a query
### Cause: org.springframework.jdbc.CannotGetJdbcConnectionException: Failed to obtain JDBC Connection; nested exception is java.sql.SQLNonTransientConnectionException: Could not create connection to database server. Attempted reconnect 3 times. Giving up.
	at org.apache.ibatis.exceptions.ExceptionFactory.wrapException(ExceptionFactory.java:30)
	at org.apache.ibatis.session.defaults.DefaultSqlSession.selectList(DefaultSqlSession.java:149)
	at org.apache.ibatis.session.defaults.DefaultSqlSession.selectList(DefaultSqlSession.java:140)
	at sun.reflect.NativeMethodAccessorImpl.invoke0(Native Method)
	at sun.reflect.NativeMethodAccessorImpl.invoke(NativeMethodAccessorImpl.java:62)
	at sun.reflect.DelegatingMethodAccessorImpl.invoke(DelegatingMethodAccessorImpl.java:43)
	at java.lang.reflect.Method.invoke(Method.java:498)
	at org.mybatis.spring.SqlSessionTemplate$SqlSessionInterceptor.invoke(SqlSessionTemplate.java:427)
	... 24 common frames omitted
Caused by: org.springframework.jdbc.CannotGetJdbcConnectionException: Failed to obtain JDBC Connection; nested exception is java.sql.SQLNonTransientConnectionException: Could not create connection to database server. Attempted reconnect 3 times. Giving up.
	at org.springframework.jdbc.datasource.DataSourceUtils.getConnection(DataSourceUtils.java:83)
	at org.mybatis.spring.transaction.SpringManagedTransaction.openConnection(SpringManagedTransaction.java:80)
	at org.mybatis.spring.transaction.SpringManagedTransaction.getConnection(SpringManagedTransaction.java:67)
	at org.apache.ibatis.executor.BaseExecutor.getConnection(BaseExecutor.java:337)
	at org.apache.ibatis.executor.SimpleExecutor.prepareStatement(SimpleExecutor.java:86)
	at org.apache.ibatis.executor.SimpleExecutor.doQuery(SimpleExecutor.java:62)
	at org.apache.ibatis.executor.BaseExecutor.queryFromDatabase(BaseExecutor.java:325)
	at org.apache.ibatis.executor.BaseExecutor.query(BaseExecutor.java:156)
	at org.apache.ibatis.executor.CachingExecutor.query(CachingExecutor.java:109)
	at org.apache.ibatis.executor.CachingExecutor.query(CachingExecutor.java:89)
	at org.apache.ibatis.session.defaults.DefaultSqlSession.selectList(DefaultSqlSession.java:147)
	... 30 common frames omitted
Caused by: java.sql.SQLNonTransientConnectionException: Could not create connection to database server. Attempted reconnect 3 times. Giving up.
	at com.mysql.cj.jdbc.exceptions.SQLError.createSQLException(SQLError.java:110)
	at com.mysql.cj.jdbc.exceptions.SQLError.createSQLException(SQLError.java:97)
	at com.mysql.cj.jdbc.exceptions.SQLError.createSQLException(SQLError.java:89)
	at com.mysql.cj.jdbc.exceptions.SQLError.createSQLException(SQLError.java:63)
	at com.mysql.cj.jdbc.exceptions.SQLError.createSQLException(SQLError.java:73)
	at com.mysql.cj.jdbc.ConnectionImpl.connectWithRetries(ConnectionImpl.java:903)
	at com.mysql.cj.jdbc.ConnectionImpl.createNewIO(ConnectionImpl.java:828)
	at com.mysql.cj.jdbc.ConnectionImpl.<init>(ConnectionImpl.java:453)
	at com.mysql.cj.jdbc.ConnectionImpl.getInstance(ConnectionImpl.java:246)
	at com.mysql.cj.jdbc.NonRegisteringDriver.connect(NonRegisteringDriver.java:198)
	at com.zaxxer.hikari.util.DriverDataSource.getConnection(DriverDataSource.java:138)
	at com.zaxxer.hikari.pool.PoolBase.newConnection(PoolBase.java:364)
	at com.zaxxer.hikari.pool.PoolBase.newPoolEntry(PoolBase.java:206)
	at com.zaxxer.hikari.pool.HikariPool.createPoolEntry(HikariPool.java:476)
	at com.zaxxer.hikari.pool.HikariPool.checkFailFast(HikariPool.java:561)
	at com.zaxxer.hikari.pool.HikariPool.<init>(HikariPool.java:115)
	at com.zaxxer.hikari.HikariDataSource.getConnection(HikariDataSource.java:112)
	at org.springframework.jdbc.datasource.DataSourceUtils.fetchConnection(DataSourceUtils.java:159)
	at org.springframework.jdbc.datasource.DataSourceUtils.doGetConnection(DataSourceUtils.java:117)
	at org.springframework.jdbc.datasource.DataSourceUtils.getConnection(DataSourceUtils.java:80)
	... 40 common frames omitted
Caused by: com.mysql.cj.exceptions.CJCommunicationsException: Communications link failure

The last packet sent successfully to the server was 0 milliseconds ago. The driver has not received any packets from the server.
	at sun.reflect.GeneratedConstructorAccessor38.newInstance(Unknown Source)
	at sun.reflect.DelegatingConstructorAccessorImpl.newInstance(DelegatingConstructorAccessorImpl.java:45)
	at java.lang.reflect.Constructor.newInstance(Constructor.java:423)
	at com.mysql.cj.exceptions.ExceptionFactory.createException(ExceptionFactory.java:61)
	at com.mysql.cj.exceptions.ExceptionFactory.createException(ExceptionFactory.java:105)
	at com.mysql.cj.exceptions.ExceptionFactory.createException(ExceptionFactory.java:151)
	at com.mysql.cj.exceptions.ExceptionFactory.createCommunicationsException(ExceptionFactory.java:167)
	at com.mysql.cj.protocol.a.NativeSocketConnection.connect(NativeSocketConnection.java:89)
	at com.mysql.cj.NativeSession.connect(NativeSession.java:144)
	at com.mysql.cj.jdbc.ConnectionImpl.connectWithRetries(ConnectionImpl.java:847)
	... 54 common frames omitted
Caused by: java.net.ConnectException: Connection refused: connect
	at java.net.DualStackPlainSocketImpl.waitForConnect(Native Method)
	at java.net.DualStackPlainSocketImpl.socketConnect(DualStackPlainSocketImpl.java:81)
	at java.net.AbstractPlainSocketImpl.doConnect(AbstractPlainSocketImpl.java:476)
	at java.net.AbstractPlainSocketImpl.connectToAddress(AbstractPlainSocketImpl.java:218)
	at java.net.AbstractPlainSocketImpl.connect(AbstractPlainSocketImpl.java:200)
	at java.net.PlainSocketImpl.connect(PlainSocketImpl.java:162)
	at java.net.SocksSocketImpl.connect(SocksSocketImpl.java:394)
	at java.net.Socket.connect(Socket.java:606)
	at com.mysql.cj.protocol.StandardSocketFactory.connect(StandardSocketFactory.java:155)
	at com.mysql.cj.protocol.a.NativeSocketConnection.connect(NativeSocketConnection.java:63)
	... 56 common frames omitted
25-02-07.17:08:40.007 [scheduling-1    ] INFO  NoPayNotifyOrderJob    - 任务；检测未接收到或未正确处理的支付回调通知
25-02-07.17:08:40.008 [scheduling-1    ] INFO  HikariDataSource       - HikariPool-1 - Starting...
25-02-07.17:08:51.116 [scheduling-1    ] ERROR HikariPool             - HikariPool-1 - Exception during pool initialization.
java.sql.SQLNonTransientConnectionException: Could not create connection to database server. Attempted reconnect 3 times. Giving up.
	at com.mysql.cj.jdbc.exceptions.SQLError.createSQLException(SQLError.java:110)
	at com.mysql.cj.jdbc.exceptions.SQLError.createSQLException(SQLError.java:97)
	at com.mysql.cj.jdbc.exceptions.SQLError.createSQLException(SQLError.java:89)
	at com.mysql.cj.jdbc.exceptions.SQLError.createSQLException(SQLError.java:63)
	at com.mysql.cj.jdbc.exceptions.SQLError.createSQLException(SQLError.java:73)
	at com.mysql.cj.jdbc.ConnectionImpl.connectWithRetries(ConnectionImpl.java:903)
	at com.mysql.cj.jdbc.ConnectionImpl.createNewIO(ConnectionImpl.java:828)
	at com.mysql.cj.jdbc.ConnectionImpl.<init>(ConnectionImpl.java:453)
	at com.mysql.cj.jdbc.ConnectionImpl.getInstance(ConnectionImpl.java:246)
	at com.mysql.cj.jdbc.NonRegisteringDriver.connect(NonRegisteringDriver.java:198)
	at com.zaxxer.hikari.util.DriverDataSource.getConnection(DriverDataSource.java:138)
	at com.zaxxer.hikari.pool.PoolBase.newConnection(PoolBase.java:364)
	at com.zaxxer.hikari.pool.PoolBase.newPoolEntry(PoolBase.java:206)
	at com.zaxxer.hikari.pool.HikariPool.createPoolEntry(HikariPool.java:476)
	at com.zaxxer.hikari.pool.HikariPool.checkFailFast(HikariPool.java:561)
	at com.zaxxer.hikari.pool.HikariPool.<init>(HikariPool.java:115)
	at com.zaxxer.hikari.HikariDataSource.getConnection(HikariDataSource.java:112)
	at org.springframework.jdbc.datasource.DataSourceUtils.fetchConnection(DataSourceUtils.java:159)
	at org.springframework.jdbc.datasource.DataSourceUtils.doGetConnection(DataSourceUtils.java:117)
	at org.springframework.jdbc.datasource.DataSourceUtils.getConnection(DataSourceUtils.java:80)
	at org.mybatis.spring.transaction.SpringManagedTransaction.openConnection(SpringManagedTransaction.java:80)
	at org.mybatis.spring.transaction.SpringManagedTransaction.getConnection(SpringManagedTransaction.java:67)
	at org.apache.ibatis.executor.BaseExecutor.getConnection(BaseExecutor.java:337)
	at org.apache.ibatis.executor.SimpleExecutor.prepareStatement(SimpleExecutor.java:86)
	at org.apache.ibatis.executor.SimpleExecutor.doQuery(SimpleExecutor.java:62)
	at org.apache.ibatis.executor.BaseExecutor.queryFromDatabase(BaseExecutor.java:325)
	at org.apache.ibatis.executor.BaseExecutor.query(BaseExecutor.java:156)
	at org.apache.ibatis.executor.CachingExecutor.query(CachingExecutor.java:109)
	at org.apache.ibatis.executor.CachingExecutor.query(CachingExecutor.java:89)
	at org.apache.ibatis.session.defaults.DefaultSqlSession.selectList(DefaultSqlSession.java:147)
	at org.apache.ibatis.session.defaults.DefaultSqlSession.selectList(DefaultSqlSession.java:140)
	at sun.reflect.NativeMethodAccessorImpl.invoke0(Native Method)
	at sun.reflect.NativeMethodAccessorImpl.invoke(NativeMethodAccessorImpl.java:62)
	at sun.reflect.DelegatingMethodAccessorImpl.invoke(DelegatingMethodAccessorImpl.java:43)
	at java.lang.reflect.Method.invoke(Method.java:498)
	at org.mybatis.spring.SqlSessionTemplate$SqlSessionInterceptor.invoke(SqlSessionTemplate.java:427)
	at com.sun.proxy.$Proxy69.selectList(Unknown Source)
	at org.mybatis.spring.SqlSessionTemplate.selectList(SqlSessionTemplate.java:224)
	at org.apache.ibatis.binding.MapperMethod.executeForMany(MapperMethod.java:147)
	at org.apache.ibatis.binding.MapperMethod.execute(MapperMethod.java:80)
	at org.apache.ibatis.binding.MapperProxy$PlainMethodInvoker.invoke(MapperProxy.java:152)
	at org.apache.ibatis.binding.MapperProxy.invoke(MapperProxy.java:85)
	at com.sun.proxy.$Proxy70.queryNoPayNotifyOrder(Unknown Source)
	at org.example.service.impl.OrderServiceImpl.queryNoPayNotifyOrder(OrderServiceImpl.java:107)
	at org.example.job.NoPayNotifyOrderJob.exec(NoPayNotifyOrderJob.java:29)
	at sun.reflect.NativeMethodAccessorImpl.invoke0(Native Method)
	at sun.reflect.NativeMethodAccessorImpl.invoke(NativeMethodAccessorImpl.java:62)
	at sun.reflect.DelegatingMethodAccessorImpl.invoke(DelegatingMethodAccessorImpl.java:43)
	at java.lang.reflect.Method.invoke(Method.java:498)
	at org.springframework.scheduling.support.ScheduledMethodRunnable.run(ScheduledMethodRunnable.java:84)
	at org.springframework.scheduling.support.DelegatingErrorHandlingRunnable.run(DelegatingErrorHandlingRunnable.java:54)
	at org.springframework.scheduling.concurrent.ReschedulingRunnable.run(ReschedulingRunnable.java:95)
	at java.util.concurrent.Executors$RunnableAdapter.call(Executors.java:511)
	at java.util.concurrent.FutureTask.run$$$capture(FutureTask.java:266)
	at java.util.concurrent.FutureTask.run(FutureTask.java)
	at java.util.concurrent.ScheduledThreadPoolExecutor$ScheduledFutureTask.access$201(ScheduledThreadPoolExecutor.java:180)
	at java.util.concurrent.ScheduledThreadPoolExecutor$ScheduledFutureTask.run(ScheduledThreadPoolExecutor.java:293)
	at java.util.concurrent.ThreadPoolExecutor.runWorker(ThreadPoolExecutor.java:1149)
	at java.util.concurrent.ThreadPoolExecutor$Worker.run(ThreadPoolExecutor.java:624)
	at java.lang.Thread.run(Thread.java:750)
Caused by: com.mysql.cj.exceptions.CJCommunicationsException: Communications link failure

The last packet sent successfully to the server was 0 milliseconds ago. The driver has not received any packets from the server.
	at sun.reflect.GeneratedConstructorAccessor38.newInstance(Unknown Source)
	at sun.reflect.DelegatingConstructorAccessorImpl.newInstance(DelegatingConstructorAccessorImpl.java:45)
	at java.lang.reflect.Constructor.newInstance(Constructor.java:423)
	at com.mysql.cj.exceptions.ExceptionFactory.createException(ExceptionFactory.java:61)
	at com.mysql.cj.exceptions.ExceptionFactory.createException(ExceptionFactory.java:105)
	at com.mysql.cj.exceptions.ExceptionFactory.createException(ExceptionFactory.java:151)
	at com.mysql.cj.exceptions.ExceptionFactory.createCommunicationsException(ExceptionFactory.java:167)
	at com.mysql.cj.protocol.a.NativeSocketConnection.connect(NativeSocketConnection.java:89)
	at com.mysql.cj.NativeSession.connect(NativeSession.java:144)
	at com.mysql.cj.jdbc.ConnectionImpl.connectWithRetries(ConnectionImpl.java:847)
	... 54 common frames omitted
Caused by: java.net.ConnectException: Connection refused: connect
	at java.net.DualStackPlainSocketImpl.waitForConnect(Native Method)
	at java.net.DualStackPlainSocketImpl.socketConnect(DualStackPlainSocketImpl.java:81)
	at java.net.AbstractPlainSocketImpl.doConnect(AbstractPlainSocketImpl.java:476)
	at java.net.AbstractPlainSocketImpl.connectToAddress(AbstractPlainSocketImpl.java:218)
	at java.net.AbstractPlainSocketImpl.connect(AbstractPlainSocketImpl.java:200)
	at java.net.PlainSocketImpl.connect(PlainSocketImpl.java:162)
	at java.net.SocksSocketImpl.connect(SocksSocketImpl.java:394)
	at java.net.Socket.connect(Socket.java:606)
	at com.mysql.cj.protocol.StandardSocketFactory.connect(StandardSocketFactory.java:155)
	at com.mysql.cj.protocol.a.NativeSocketConnection.connect(NativeSocketConnection.java:63)
	... 56 common frames omitted
25-02-07.17:08:51.120 [scheduling-1    ] ERROR NoPayNotifyOrderJob    - 检测未接收到或未正确处理的支付回调通知失败
org.mybatis.spring.MyBatisSystemException: nested exception is org.apache.ibatis.exceptions.PersistenceException: 
### Error querying database.  Cause: org.springframework.jdbc.CannotGetJdbcConnectionException: Failed to obtain JDBC Connection; nested exception is java.sql.SQLNonTransientConnectionException: Could not create connection to database server. Attempted reconnect 3 times. Giving up.
### The error may exist in file [D:\Workspace\s-pay-mall-qiusu\s-pay-mall-controller\target\classes\mybatis\mapper\pay_order_mapper.xml]
### The error may involve org.example.dao.IOrderDao.queryNoPayNotifyOrder
### The error occurred while executing a query
### Cause: org.springframework.jdbc.CannotGetJdbcConnectionException: Failed to obtain JDBC Connection; nested exception is java.sql.SQLNonTransientConnectionException: Could not create connection to database server. Attempted reconnect 3 times. Giving up.
	at org.mybatis.spring.MyBatisExceptionTranslator.translateExceptionIfPossible(MyBatisExceptionTranslator.java:96)
	at org.mybatis.spring.SqlSessionTemplate$SqlSessionInterceptor.invoke(SqlSessionTemplate.java:441)
	at com.sun.proxy.$Proxy69.selectList(Unknown Source)
	at org.mybatis.spring.SqlSessionTemplate.selectList(SqlSessionTemplate.java:224)
	at org.apache.ibatis.binding.MapperMethod.executeForMany(MapperMethod.java:147)
	at org.apache.ibatis.binding.MapperMethod.execute(MapperMethod.java:80)
	at org.apache.ibatis.binding.MapperProxy$PlainMethodInvoker.invoke(MapperProxy.java:152)
	at org.apache.ibatis.binding.MapperProxy.invoke(MapperProxy.java:85)
	at com.sun.proxy.$Proxy70.queryNoPayNotifyOrder(Unknown Source)
	at org.example.service.impl.OrderServiceImpl.queryNoPayNotifyOrder(OrderServiceImpl.java:107)
	at org.example.job.NoPayNotifyOrderJob.exec(NoPayNotifyOrderJob.java:29)
	at sun.reflect.NativeMethodAccessorImpl.invoke0(Native Method)
	at sun.reflect.NativeMethodAccessorImpl.invoke(NativeMethodAccessorImpl.java:62)
	at sun.reflect.DelegatingMethodAccessorImpl.invoke(DelegatingMethodAccessorImpl.java:43)
	at java.lang.reflect.Method.invoke(Method.java:498)
	at org.springframework.scheduling.support.ScheduledMethodRunnable.run(ScheduledMethodRunnable.java:84)
	at org.springframework.scheduling.support.DelegatingErrorHandlingRunnable.run(DelegatingErrorHandlingRunnable.java:54)
	at org.springframework.scheduling.concurrent.ReschedulingRunnable.run(ReschedulingRunnable.java:95)
	at java.util.concurrent.Executors$RunnableAdapter.call(Executors.java:511)
	at java.util.concurrent.FutureTask.run$$$capture(FutureTask.java:266)
	at java.util.concurrent.FutureTask.run(FutureTask.java)
	at java.util.concurrent.ScheduledThreadPoolExecutor$ScheduledFutureTask.access$201(ScheduledThreadPoolExecutor.java:180)
	at java.util.concurrent.ScheduledThreadPoolExecutor$ScheduledFutureTask.run(ScheduledThreadPoolExecutor.java:293)
	at java.util.concurrent.ThreadPoolExecutor.runWorker(ThreadPoolExecutor.java:1149)
	at java.util.concurrent.ThreadPoolExecutor$Worker.run(ThreadPoolExecutor.java:624)
	at java.lang.Thread.run(Thread.java:750)
Caused by: org.apache.ibatis.exceptions.PersistenceException: 
### Error querying database.  Cause: org.springframework.jdbc.CannotGetJdbcConnectionException: Failed to obtain JDBC Connection; nested exception is java.sql.SQLNonTransientConnectionException: Could not create connection to database server. Attempted reconnect 3 times. Giving up.
### The error may exist in file [D:\Workspace\s-pay-mall-qiusu\s-pay-mall-controller\target\classes\mybatis\mapper\pay_order_mapper.xml]
### The error may involve org.example.dao.IOrderDao.queryNoPayNotifyOrder
### The error occurred while executing a query
### Cause: org.springframework.jdbc.CannotGetJdbcConnectionException: Failed to obtain JDBC Connection; nested exception is java.sql.SQLNonTransientConnectionException: Could not create connection to database server. Attempted reconnect 3 times. Giving up.
	at org.apache.ibatis.exceptions.ExceptionFactory.wrapException(ExceptionFactory.java:30)
	at org.apache.ibatis.session.defaults.DefaultSqlSession.selectList(DefaultSqlSession.java:149)
	at org.apache.ibatis.session.defaults.DefaultSqlSession.selectList(DefaultSqlSession.java:140)
	at sun.reflect.NativeMethodAccessorImpl.invoke0(Native Method)
	at sun.reflect.NativeMethodAccessorImpl.invoke(NativeMethodAccessorImpl.java:62)
	at sun.reflect.DelegatingMethodAccessorImpl.invoke(DelegatingMethodAccessorImpl.java:43)
	at java.lang.reflect.Method.invoke(Method.java:498)
	at org.mybatis.spring.SqlSessionTemplate$SqlSessionInterceptor.invoke(SqlSessionTemplate.java:427)
	... 24 common frames omitted
Caused by: org.springframework.jdbc.CannotGetJdbcConnectionException: Failed to obtain JDBC Connection; nested exception is java.sql.SQLNonTransientConnectionException: Could not create connection to database server. Attempted reconnect 3 times. Giving up.
	at org.springframework.jdbc.datasource.DataSourceUtils.getConnection(DataSourceUtils.java:83)
	at org.mybatis.spring.transaction.SpringManagedTransaction.openConnection(SpringManagedTransaction.java:80)
	at org.mybatis.spring.transaction.SpringManagedTransaction.getConnection(SpringManagedTransaction.java:67)
	at org.apache.ibatis.executor.BaseExecutor.getConnection(BaseExecutor.java:337)
	at org.apache.ibatis.executor.SimpleExecutor.prepareStatement(SimpleExecutor.java:86)
	at org.apache.ibatis.executor.SimpleExecutor.doQuery(SimpleExecutor.java:62)
	at org.apache.ibatis.executor.BaseExecutor.queryFromDatabase(BaseExecutor.java:325)
	at org.apache.ibatis.executor.BaseExecutor.query(BaseExecutor.java:156)
	at org.apache.ibatis.executor.CachingExecutor.query(CachingExecutor.java:109)
	at org.apache.ibatis.executor.CachingExecutor.query(CachingExecutor.java:89)
	at org.apache.ibatis.session.defaults.DefaultSqlSession.selectList(DefaultSqlSession.java:147)
	... 30 common frames omitted
Caused by: java.sql.SQLNonTransientConnectionException: Could not create connection to database server. Attempted reconnect 3 times. Giving up.
	at com.mysql.cj.jdbc.exceptions.SQLError.createSQLException(SQLError.java:110)
	at com.mysql.cj.jdbc.exceptions.SQLError.createSQLException(SQLError.java:97)
	at com.mysql.cj.jdbc.exceptions.SQLError.createSQLException(SQLError.java:89)
	at com.mysql.cj.jdbc.exceptions.SQLError.createSQLException(SQLError.java:63)
	at com.mysql.cj.jdbc.exceptions.SQLError.createSQLException(SQLError.java:73)
	at com.mysql.cj.jdbc.ConnectionImpl.connectWithRetries(ConnectionImpl.java:903)
	at com.mysql.cj.jdbc.ConnectionImpl.createNewIO(ConnectionImpl.java:828)
	at com.mysql.cj.jdbc.ConnectionImpl.<init>(ConnectionImpl.java:453)
	at com.mysql.cj.jdbc.ConnectionImpl.getInstance(ConnectionImpl.java:246)
	at com.mysql.cj.jdbc.NonRegisteringDriver.connect(NonRegisteringDriver.java:198)
	at com.zaxxer.hikari.util.DriverDataSource.getConnection(DriverDataSource.java:138)
	at com.zaxxer.hikari.pool.PoolBase.newConnection(PoolBase.java:364)
	at com.zaxxer.hikari.pool.PoolBase.newPoolEntry(PoolBase.java:206)
	at com.zaxxer.hikari.pool.HikariPool.createPoolEntry(HikariPool.java:476)
	at com.zaxxer.hikari.pool.HikariPool.checkFailFast(HikariPool.java:561)
	at com.zaxxer.hikari.pool.HikariPool.<init>(HikariPool.java:115)
	at com.zaxxer.hikari.HikariDataSource.getConnection(HikariDataSource.java:112)
	at org.springframework.jdbc.datasource.DataSourceUtils.fetchConnection(DataSourceUtils.java:159)
	at org.springframework.jdbc.datasource.DataSourceUtils.doGetConnection(DataSourceUtils.java:117)
	at org.springframework.jdbc.datasource.DataSourceUtils.getConnection(DataSourceUtils.java:80)
	... 40 common frames omitted
Caused by: com.mysql.cj.exceptions.CJCommunicationsException: Communications link failure

The last packet sent successfully to the server was 0 milliseconds ago. The driver has not received any packets from the server.
	at sun.reflect.GeneratedConstructorAccessor38.newInstance(Unknown Source)
	at sun.reflect.DelegatingConstructorAccessorImpl.newInstance(DelegatingConstructorAccessorImpl.java:45)
	at java.lang.reflect.Constructor.newInstance(Constructor.java:423)
	at com.mysql.cj.exceptions.ExceptionFactory.createException(ExceptionFactory.java:61)
	at com.mysql.cj.exceptions.ExceptionFactory.createException(ExceptionFactory.java:105)
	at com.mysql.cj.exceptions.ExceptionFactory.createException(ExceptionFactory.java:151)
	at com.mysql.cj.exceptions.ExceptionFactory.createCommunicationsException(ExceptionFactory.java:167)
	at com.mysql.cj.protocol.a.NativeSocketConnection.connect(NativeSocketConnection.java:89)
	at com.mysql.cj.NativeSession.connect(NativeSession.java:144)
	at com.mysql.cj.jdbc.ConnectionImpl.connectWithRetries(ConnectionImpl.java:847)
	... 54 common frames omitted
Caused by: java.net.ConnectException: Connection refused: connect
	at java.net.DualStackPlainSocketImpl.waitForConnect(Native Method)
	at java.net.DualStackPlainSocketImpl.socketConnect(DualStackPlainSocketImpl.java:81)
	at java.net.AbstractPlainSocketImpl.doConnect(AbstractPlainSocketImpl.java:476)
	at java.net.AbstractPlainSocketImpl.connectToAddress(AbstractPlainSocketImpl.java:218)
	at java.net.AbstractPlainSocketImpl.connect(AbstractPlainSocketImpl.java:200)
	at java.net.PlainSocketImpl.connect(PlainSocketImpl.java:162)
	at java.net.SocksSocketImpl.connect(SocksSocketImpl.java:394)
	at java.net.Socket.connect(Socket.java:606)
	at com.mysql.cj.protocol.StandardSocketFactory.connect(StandardSocketFactory.java:155)
	at com.mysql.cj.protocol.a.NativeSocketConnection.connect(NativeSocketConnection.java:63)
	... 56 common frames omitted
25-02-07.17:08:55.010 [scheduling-1    ] INFO  NoPayNotifyOrderJob    - 任务；检测未接收到或未正确处理的支付回调通知
25-02-07.17:08:55.011 [scheduling-1    ] INFO  HikariDataSource       - HikariPool-1 - Starting...
25-02-07.17:09:06.110 [scheduling-1    ] ERROR HikariPool             - HikariPool-1 - Exception during pool initialization.
java.sql.SQLNonTransientConnectionException: Could not create connection to database server. Attempted reconnect 3 times. Giving up.
	at com.mysql.cj.jdbc.exceptions.SQLError.createSQLException(SQLError.java:110)
	at com.mysql.cj.jdbc.exceptions.SQLError.createSQLException(SQLError.java:97)
	at com.mysql.cj.jdbc.exceptions.SQLError.createSQLException(SQLError.java:89)
	at com.mysql.cj.jdbc.exceptions.SQLError.createSQLException(SQLError.java:63)
	at com.mysql.cj.jdbc.exceptions.SQLError.createSQLException(SQLError.java:73)
	at com.mysql.cj.jdbc.ConnectionImpl.connectWithRetries(ConnectionImpl.java:903)
	at com.mysql.cj.jdbc.ConnectionImpl.createNewIO(ConnectionImpl.java:828)
	at com.mysql.cj.jdbc.ConnectionImpl.<init>(ConnectionImpl.java:453)
	at com.mysql.cj.jdbc.ConnectionImpl.getInstance(ConnectionImpl.java:246)
	at com.mysql.cj.jdbc.NonRegisteringDriver.connect(NonRegisteringDriver.java:198)
	at com.zaxxer.hikari.util.DriverDataSource.getConnection(DriverDataSource.java:138)
	at com.zaxxer.hikari.pool.PoolBase.newConnection(PoolBase.java:364)
	at com.zaxxer.hikari.pool.PoolBase.newPoolEntry(PoolBase.java:206)
	at com.zaxxer.hikari.pool.HikariPool.createPoolEntry(HikariPool.java:476)
	at com.zaxxer.hikari.pool.HikariPool.checkFailFast(HikariPool.java:561)
	at com.zaxxer.hikari.pool.HikariPool.<init>(HikariPool.java:115)
	at com.zaxxer.hikari.HikariDataSource.getConnection(HikariDataSource.java:112)
	at org.springframework.jdbc.datasource.DataSourceUtils.fetchConnection(DataSourceUtils.java:159)
	at org.springframework.jdbc.datasource.DataSourceUtils.doGetConnection(DataSourceUtils.java:117)
	at org.springframework.jdbc.datasource.DataSourceUtils.getConnection(DataSourceUtils.java:80)
	at org.mybatis.spring.transaction.SpringManagedTransaction.openConnection(SpringManagedTransaction.java:80)
	at org.mybatis.spring.transaction.SpringManagedTransaction.getConnection(SpringManagedTransaction.java:67)
	at org.apache.ibatis.executor.BaseExecutor.getConnection(BaseExecutor.java:337)
	at org.apache.ibatis.executor.SimpleExecutor.prepareStatement(SimpleExecutor.java:86)
	at org.apache.ibatis.executor.SimpleExecutor.doQuery(SimpleExecutor.java:62)
	at org.apache.ibatis.executor.BaseExecutor.queryFromDatabase(BaseExecutor.java:325)
	at org.apache.ibatis.executor.BaseExecutor.query(BaseExecutor.java:156)
	at org.apache.ibatis.executor.CachingExecutor.query(CachingExecutor.java:109)
	at org.apache.ibatis.executor.CachingExecutor.query(CachingExecutor.java:89)
	at org.apache.ibatis.session.defaults.DefaultSqlSession.selectList(DefaultSqlSession.java:147)
	at org.apache.ibatis.session.defaults.DefaultSqlSession.selectList(DefaultSqlSession.java:140)
	at sun.reflect.NativeMethodAccessorImpl.invoke0(Native Method)
	at sun.reflect.NativeMethodAccessorImpl.invoke(NativeMethodAccessorImpl.java:62)
	at sun.reflect.DelegatingMethodAccessorImpl.invoke(DelegatingMethodAccessorImpl.java:43)
	at java.lang.reflect.Method.invoke(Method.java:498)
	at org.mybatis.spring.SqlSessionTemplate$SqlSessionInterceptor.invoke(SqlSessionTemplate.java:427)
	at com.sun.proxy.$Proxy69.selectList(Unknown Source)
	at org.mybatis.spring.SqlSessionTemplate.selectList(SqlSessionTemplate.java:224)
	at org.apache.ibatis.binding.MapperMethod.executeForMany(MapperMethod.java:147)
	at org.apache.ibatis.binding.MapperMethod.execute(MapperMethod.java:80)
	at org.apache.ibatis.binding.MapperProxy$PlainMethodInvoker.invoke(MapperProxy.java:152)
	at org.apache.ibatis.binding.MapperProxy.invoke(MapperProxy.java:85)
	at com.sun.proxy.$Proxy70.queryNoPayNotifyOrder(Unknown Source)
	at org.example.service.impl.OrderServiceImpl.queryNoPayNotifyOrder(OrderServiceImpl.java:107)
	at org.example.job.NoPayNotifyOrderJob.exec(NoPayNotifyOrderJob.java:29)
	at sun.reflect.NativeMethodAccessorImpl.invoke0(Native Method)
	at sun.reflect.NativeMethodAccessorImpl.invoke(NativeMethodAccessorImpl.java:62)
	at sun.reflect.DelegatingMethodAccessorImpl.invoke(DelegatingMethodAccessorImpl.java:43)
	at java.lang.reflect.Method.invoke(Method.java:498)
	at org.springframework.scheduling.support.ScheduledMethodRunnable.run(ScheduledMethodRunnable.java:84)
	at org.springframework.scheduling.support.DelegatingErrorHandlingRunnable.run(DelegatingErrorHandlingRunnable.java:54)
	at org.springframework.scheduling.concurrent.ReschedulingRunnable.run(ReschedulingRunnable.java:95)
	at java.util.concurrent.Executors$RunnableAdapter.call(Executors.java:511)
	at java.util.concurrent.FutureTask.run$$$capture(FutureTask.java:266)
	at java.util.concurrent.FutureTask.run(FutureTask.java)
	at java.util.concurrent.ScheduledThreadPoolExecutor$ScheduledFutureTask.access$201(ScheduledThreadPoolExecutor.java:180)
	at java.util.concurrent.ScheduledThreadPoolExecutor$ScheduledFutureTask.run(ScheduledThreadPoolExecutor.java:293)
	at java.util.concurrent.ThreadPoolExecutor.runWorker(ThreadPoolExecutor.java:1149)
	at java.util.concurrent.ThreadPoolExecutor$Worker.run(ThreadPoolExecutor.java:624)
	at java.lang.Thread.run(Thread.java:750)
Caused by: com.mysql.cj.exceptions.CJCommunicationsException: Communications link failure

The last packet sent successfully to the server was 0 milliseconds ago. The driver has not received any packets from the server.
	at sun.reflect.GeneratedConstructorAccessor38.newInstance(Unknown Source)
	at sun.reflect.DelegatingConstructorAccessorImpl.newInstance(DelegatingConstructorAccessorImpl.java:45)
	at java.lang.reflect.Constructor.newInstance(Constructor.java:423)
	at com.mysql.cj.exceptions.ExceptionFactory.createException(ExceptionFactory.java:61)
	at com.mysql.cj.exceptions.ExceptionFactory.createException(ExceptionFactory.java:105)
	at com.mysql.cj.exceptions.ExceptionFactory.createException(ExceptionFactory.java:151)
	at com.mysql.cj.exceptions.ExceptionFactory.createCommunicationsException(ExceptionFactory.java:167)
	at com.mysql.cj.protocol.a.NativeSocketConnection.connect(NativeSocketConnection.java:89)
	at com.mysql.cj.NativeSession.connect(NativeSession.java:144)
	at com.mysql.cj.jdbc.ConnectionImpl.connectWithRetries(ConnectionImpl.java:847)
	... 54 common frames omitted
Caused by: java.net.ConnectException: Connection refused: connect
	at java.net.DualStackPlainSocketImpl.waitForConnect(Native Method)
	at java.net.DualStackPlainSocketImpl.socketConnect(DualStackPlainSocketImpl.java:81)
	at java.net.AbstractPlainSocketImpl.doConnect(AbstractPlainSocketImpl.java:476)
	at java.net.AbstractPlainSocketImpl.connectToAddress(AbstractPlainSocketImpl.java:218)
	at java.net.AbstractPlainSocketImpl.connect(AbstractPlainSocketImpl.java:200)
	at java.net.PlainSocketImpl.connect(PlainSocketImpl.java:162)
	at java.net.SocksSocketImpl.connect(SocksSocketImpl.java:394)
	at java.net.Socket.connect(Socket.java:606)
	at com.mysql.cj.protocol.StandardSocketFactory.connect(StandardSocketFactory.java:155)
	at com.mysql.cj.protocol.a.NativeSocketConnection.connect(NativeSocketConnection.java:63)
	... 56 common frames omitted
25-02-07.17:09:06.113 [scheduling-1    ] ERROR NoPayNotifyOrderJob    - 检测未接收到或未正确处理的支付回调通知失败
org.mybatis.spring.MyBatisSystemException: nested exception is org.apache.ibatis.exceptions.PersistenceException: 
### Error querying database.  Cause: org.springframework.jdbc.CannotGetJdbcConnectionException: Failed to obtain JDBC Connection; nested exception is java.sql.SQLNonTransientConnectionException: Could not create connection to database server. Attempted reconnect 3 times. Giving up.
### The error may exist in file [D:\Workspace\s-pay-mall-qiusu\s-pay-mall-controller\target\classes\mybatis\mapper\pay_order_mapper.xml]
### The error may involve org.example.dao.IOrderDao.queryNoPayNotifyOrder
### The error occurred while executing a query
### Cause: org.springframework.jdbc.CannotGetJdbcConnectionException: Failed to obtain JDBC Connection; nested exception is java.sql.SQLNonTransientConnectionException: Could not create connection to database server. Attempted reconnect 3 times. Giving up.
	at org.mybatis.spring.MyBatisExceptionTranslator.translateExceptionIfPossible(MyBatisExceptionTranslator.java:96)
	at org.mybatis.spring.SqlSessionTemplate$SqlSessionInterceptor.invoke(SqlSessionTemplate.java:441)
	at com.sun.proxy.$Proxy69.selectList(Unknown Source)
	at org.mybatis.spring.SqlSessionTemplate.selectList(SqlSessionTemplate.java:224)
	at org.apache.ibatis.binding.MapperMethod.executeForMany(MapperMethod.java:147)
	at org.apache.ibatis.binding.MapperMethod.execute(MapperMethod.java:80)
	at org.apache.ibatis.binding.MapperProxy$PlainMethodInvoker.invoke(MapperProxy.java:152)
	at org.apache.ibatis.binding.MapperProxy.invoke(MapperProxy.java:85)
	at com.sun.proxy.$Proxy70.queryNoPayNotifyOrder(Unknown Source)
	at org.example.service.impl.OrderServiceImpl.queryNoPayNotifyOrder(OrderServiceImpl.java:107)
	at org.example.job.NoPayNotifyOrderJob.exec(NoPayNotifyOrderJob.java:29)
	at sun.reflect.NativeMethodAccessorImpl.invoke0(Native Method)
	at sun.reflect.NativeMethodAccessorImpl.invoke(NativeMethodAccessorImpl.java:62)
	at sun.reflect.DelegatingMethodAccessorImpl.invoke(DelegatingMethodAccessorImpl.java:43)
	at java.lang.reflect.Method.invoke(Method.java:498)
	at org.springframework.scheduling.support.ScheduledMethodRunnable.run(ScheduledMethodRunnable.java:84)
	at org.springframework.scheduling.support.DelegatingErrorHandlingRunnable.run(DelegatingErrorHandlingRunnable.java:54)
	at org.springframework.scheduling.concurrent.ReschedulingRunnable.run(ReschedulingRunnable.java:95)
	at java.util.concurrent.Executors$RunnableAdapter.call(Executors.java:511)
	at java.util.concurrent.FutureTask.run$$$capture(FutureTask.java:266)
	at java.util.concurrent.FutureTask.run(FutureTask.java)
	at java.util.concurrent.ScheduledThreadPoolExecutor$ScheduledFutureTask.access$201(ScheduledThreadPoolExecutor.java:180)
	at java.util.concurrent.ScheduledThreadPoolExecutor$ScheduledFutureTask.run(ScheduledThreadPoolExecutor.java:293)
	at java.util.concurrent.ThreadPoolExecutor.runWorker(ThreadPoolExecutor.java:1149)
	at java.util.concurrent.ThreadPoolExecutor$Worker.run(ThreadPoolExecutor.java:624)
	at java.lang.Thread.run(Thread.java:750)
Caused by: org.apache.ibatis.exceptions.PersistenceException: 
### Error querying database.  Cause: org.springframework.jdbc.CannotGetJdbcConnectionException: Failed to obtain JDBC Connection; nested exception is java.sql.SQLNonTransientConnectionException: Could not create connection to database server. Attempted reconnect 3 times. Giving up.
### The error may exist in file [D:\Workspace\s-pay-mall-qiusu\s-pay-mall-controller\target\classes\mybatis\mapper\pay_order_mapper.xml]
### The error may involve org.example.dao.IOrderDao.queryNoPayNotifyOrder
### The error occurred while executing a query
### Cause: org.springframework.jdbc.CannotGetJdbcConnectionException: Failed to obtain JDBC Connection; nested exception is java.sql.SQLNonTransientConnectionException: Could not create connection to database server. Attempted reconnect 3 times. Giving up.
	at org.apache.ibatis.exceptions.ExceptionFactory.wrapException(ExceptionFactory.java:30)
	at org.apache.ibatis.session.defaults.DefaultSqlSession.selectList(DefaultSqlSession.java:149)
	at org.apache.ibatis.session.defaults.DefaultSqlSession.selectList(DefaultSqlSession.java:140)
	at sun.reflect.NativeMethodAccessorImpl.invoke0(Native Method)
	at sun.reflect.NativeMethodAccessorImpl.invoke(NativeMethodAccessorImpl.java:62)
	at sun.reflect.DelegatingMethodAccessorImpl.invoke(DelegatingMethodAccessorImpl.java:43)
	at java.lang.reflect.Method.invoke(Method.java:498)
	at org.mybatis.spring.SqlSessionTemplate$SqlSessionInterceptor.invoke(SqlSessionTemplate.java:427)
	... 24 common frames omitted
Caused by: org.springframework.jdbc.CannotGetJdbcConnectionException: Failed to obtain JDBC Connection; nested exception is java.sql.SQLNonTransientConnectionException: Could not create connection to database server. Attempted reconnect 3 times. Giving up.
	at org.springframework.jdbc.datasource.DataSourceUtils.getConnection(DataSourceUtils.java:83)
	at org.mybatis.spring.transaction.SpringManagedTransaction.openConnection(SpringManagedTransaction.java:80)
	at org.mybatis.spring.transaction.SpringManagedTransaction.getConnection(SpringManagedTransaction.java:67)
	at org.apache.ibatis.executor.BaseExecutor.getConnection(BaseExecutor.java:337)
	at org.apache.ibatis.executor.SimpleExecutor.prepareStatement(SimpleExecutor.java:86)
	at org.apache.ibatis.executor.SimpleExecutor.doQuery(SimpleExecutor.java:62)
	at org.apache.ibatis.executor.BaseExecutor.queryFromDatabase(BaseExecutor.java:325)
	at org.apache.ibatis.executor.BaseExecutor.query(BaseExecutor.java:156)
	at org.apache.ibatis.executor.CachingExecutor.query(CachingExecutor.java:109)
	at org.apache.ibatis.executor.CachingExecutor.query(CachingExecutor.java:89)
	at org.apache.ibatis.session.defaults.DefaultSqlSession.selectList(DefaultSqlSession.java:147)
	... 30 common frames omitted
Caused by: java.sql.SQLNonTransientConnectionException: Could not create connection to database server. Attempted reconnect 3 times. Giving up.
	at com.mysql.cj.jdbc.exceptions.SQLError.createSQLException(SQLError.java:110)
	at com.mysql.cj.jdbc.exceptions.SQLError.createSQLException(SQLError.java:97)
	at com.mysql.cj.jdbc.exceptions.SQLError.createSQLException(SQLError.java:89)
	at com.mysql.cj.jdbc.exceptions.SQLError.createSQLException(SQLError.java:63)
	at com.mysql.cj.jdbc.exceptions.SQLError.createSQLException(SQLError.java:73)
	at com.mysql.cj.jdbc.ConnectionImpl.connectWithRetries(ConnectionImpl.java:903)
	at com.mysql.cj.jdbc.ConnectionImpl.createNewIO(ConnectionImpl.java:828)
	at com.mysql.cj.jdbc.ConnectionImpl.<init>(ConnectionImpl.java:453)
	at com.mysql.cj.jdbc.ConnectionImpl.getInstance(ConnectionImpl.java:246)
	at com.mysql.cj.jdbc.NonRegisteringDriver.connect(NonRegisteringDriver.java:198)
	at com.zaxxer.hikari.util.DriverDataSource.getConnection(DriverDataSource.java:138)
	at com.zaxxer.hikari.pool.PoolBase.newConnection(PoolBase.java:364)
	at com.zaxxer.hikari.pool.PoolBase.newPoolEntry(PoolBase.java:206)
	at com.zaxxer.hikari.pool.HikariPool.createPoolEntry(HikariPool.java:476)
	at com.zaxxer.hikari.pool.HikariPool.checkFailFast(HikariPool.java:561)
	at com.zaxxer.hikari.pool.HikariPool.<init>(HikariPool.java:115)
	at com.zaxxer.hikari.HikariDataSource.getConnection(HikariDataSource.java:112)
	at org.springframework.jdbc.datasource.DataSourceUtils.fetchConnection(DataSourceUtils.java:159)
	at org.springframework.jdbc.datasource.DataSourceUtils.doGetConnection(DataSourceUtils.java:117)
	at org.springframework.jdbc.datasource.DataSourceUtils.getConnection(DataSourceUtils.java:80)
	... 40 common frames omitted
Caused by: com.mysql.cj.exceptions.CJCommunicationsException: Communications link failure

The last packet sent successfully to the server was 0 milliseconds ago. The driver has not received any packets from the server.
	at sun.reflect.GeneratedConstructorAccessor38.newInstance(Unknown Source)
	at sun.reflect.DelegatingConstructorAccessorImpl.newInstance(DelegatingConstructorAccessorImpl.java:45)
	at java.lang.reflect.Constructor.newInstance(Constructor.java:423)
	at com.mysql.cj.exceptions.ExceptionFactory.createException(ExceptionFactory.java:61)
	at com.mysql.cj.exceptions.ExceptionFactory.createException(ExceptionFactory.java:105)
	at com.mysql.cj.exceptions.ExceptionFactory.createException(ExceptionFactory.java:151)
	at com.mysql.cj.exceptions.ExceptionFactory.createCommunicationsException(ExceptionFactory.java:167)
	at com.mysql.cj.protocol.a.NativeSocketConnection.connect(NativeSocketConnection.java:89)
	at com.mysql.cj.NativeSession.connect(NativeSession.java:144)
	at com.mysql.cj.jdbc.ConnectionImpl.connectWithRetries(ConnectionImpl.java:847)
	... 54 common frames omitted
Caused by: java.net.ConnectException: Connection refused: connect
	at java.net.DualStackPlainSocketImpl.waitForConnect(Native Method)
	at java.net.DualStackPlainSocketImpl.socketConnect(DualStackPlainSocketImpl.java:81)
	at java.net.AbstractPlainSocketImpl.doConnect(AbstractPlainSocketImpl.java:476)
	at java.net.AbstractPlainSocketImpl.connectToAddress(AbstractPlainSocketImpl.java:218)
	at java.net.AbstractPlainSocketImpl.connect(AbstractPlainSocketImpl.java:200)
	at java.net.PlainSocketImpl.connect(PlainSocketImpl.java:162)
	at java.net.SocksSocketImpl.connect(SocksSocketImpl.java:394)
	at java.net.Socket.connect(Socket.java:606)
	at com.mysql.cj.protocol.StandardSocketFactory.connect(StandardSocketFactory.java:155)
	at com.mysql.cj.protocol.a.NativeSocketConnection.connect(NativeSocketConnection.java:63)
	... 56 common frames omitted
25-02-07.17:09:10.016 [scheduling-1    ] INFO  NoPayNotifyOrderJob    - 任务；检测未接收到或未正确处理的支付回调通知
25-02-07.17:09:10.017 [scheduling-1    ] INFO  HikariDataSource       - HikariPool-1 - Starting...
25-02-07.17:09:18.809 [scheduling-1    ] ERROR HikariPool             - HikariPool-1 - Exception during pool initialization.
java.sql.SQLNonTransientConnectionException: Could not create connection to database server. Attempted reconnect 3 times. Giving up.
	at com.mysql.cj.jdbc.exceptions.SQLError.createSQLException(SQLError.java:110)
	at com.mysql.cj.jdbc.exceptions.SQLError.createSQLException(SQLError.java:97)
	at com.mysql.cj.jdbc.exceptions.SQLError.createSQLException(SQLError.java:89)
	at com.mysql.cj.jdbc.exceptions.SQLError.createSQLException(SQLError.java:63)
	at com.mysql.cj.jdbc.exceptions.SQLError.createSQLException(SQLError.java:73)
	at com.mysql.cj.jdbc.ConnectionImpl.connectWithRetries(ConnectionImpl.java:903)
	at com.mysql.cj.jdbc.ConnectionImpl.createNewIO(ConnectionImpl.java:828)
	at com.mysql.cj.jdbc.ConnectionImpl.<init>(ConnectionImpl.java:453)
	at com.mysql.cj.jdbc.ConnectionImpl.getInstance(ConnectionImpl.java:246)
	at com.mysql.cj.jdbc.NonRegisteringDriver.connect(NonRegisteringDriver.java:198)
	at com.zaxxer.hikari.util.DriverDataSource.getConnection(DriverDataSource.java:138)
	at com.zaxxer.hikari.pool.PoolBase.newConnection(PoolBase.java:364)
	at com.zaxxer.hikari.pool.PoolBase.newPoolEntry(PoolBase.java:206)
	at com.zaxxer.hikari.pool.HikariPool.createPoolEntry(HikariPool.java:476)
	at com.zaxxer.hikari.pool.HikariPool.checkFailFast(HikariPool.java:561)
	at com.zaxxer.hikari.pool.HikariPool.<init>(HikariPool.java:115)
	at com.zaxxer.hikari.HikariDataSource.getConnection(HikariDataSource.java:112)
	at org.springframework.jdbc.datasource.DataSourceUtils.fetchConnection(DataSourceUtils.java:159)
	at org.springframework.jdbc.datasource.DataSourceUtils.doGetConnection(DataSourceUtils.java:117)
	at org.springframework.jdbc.datasource.DataSourceUtils.getConnection(DataSourceUtils.java:80)
	at org.mybatis.spring.transaction.SpringManagedTransaction.openConnection(SpringManagedTransaction.java:80)
	at org.mybatis.spring.transaction.SpringManagedTransaction.getConnection(SpringManagedTransaction.java:67)
	at org.apache.ibatis.executor.BaseExecutor.getConnection(BaseExecutor.java:337)
	at org.apache.ibatis.executor.SimpleExecutor.prepareStatement(SimpleExecutor.java:86)
	at org.apache.ibatis.executor.SimpleExecutor.doQuery(SimpleExecutor.java:62)
	at org.apache.ibatis.executor.BaseExecutor.queryFromDatabase(BaseExecutor.java:325)
	at org.apache.ibatis.executor.BaseExecutor.query(BaseExecutor.java:156)
	at org.apache.ibatis.executor.CachingExecutor.query(CachingExecutor.java:109)
	at org.apache.ibatis.executor.CachingExecutor.query(CachingExecutor.java:89)
	at org.apache.ibatis.session.defaults.DefaultSqlSession.selectList(DefaultSqlSession.java:147)
	at org.apache.ibatis.session.defaults.DefaultSqlSession.selectList(DefaultSqlSession.java:140)
	at sun.reflect.NativeMethodAccessorImpl.invoke0(Native Method)
	at sun.reflect.NativeMethodAccessorImpl.invoke(NativeMethodAccessorImpl.java:62)
	at sun.reflect.DelegatingMethodAccessorImpl.invoke(DelegatingMethodAccessorImpl.java:43)
	at java.lang.reflect.Method.invoke(Method.java:498)
	at org.mybatis.spring.SqlSessionTemplate$SqlSessionInterceptor.invoke(SqlSessionTemplate.java:427)
	at com.sun.proxy.$Proxy69.selectList(Unknown Source)
	at org.mybatis.spring.SqlSessionTemplate.selectList(SqlSessionTemplate.java:224)
	at org.apache.ibatis.binding.MapperMethod.executeForMany(MapperMethod.java:147)
	at org.apache.ibatis.binding.MapperMethod.execute(MapperMethod.java:80)
	at org.apache.ibatis.binding.MapperProxy$PlainMethodInvoker.invoke(MapperProxy.java:152)
	at org.apache.ibatis.binding.MapperProxy.invoke(MapperProxy.java:85)
	at com.sun.proxy.$Proxy70.queryNoPayNotifyOrder(Unknown Source)
	at org.example.service.impl.OrderServiceImpl.queryNoPayNotifyOrder(OrderServiceImpl.java:107)
	at org.example.job.NoPayNotifyOrderJob.exec(NoPayNotifyOrderJob.java:29)
	at sun.reflect.NativeMethodAccessorImpl.invoke0(Native Method)
	at sun.reflect.NativeMethodAccessorImpl.invoke(NativeMethodAccessorImpl.java:62)
	at sun.reflect.DelegatingMethodAccessorImpl.invoke(DelegatingMethodAccessorImpl.java:43)
	at java.lang.reflect.Method.invoke(Method.java:498)
	at org.springframework.scheduling.support.ScheduledMethodRunnable.run(ScheduledMethodRunnable.java:84)
	at org.springframework.scheduling.support.DelegatingErrorHandlingRunnable.run(DelegatingErrorHandlingRunnable.java:54)
	at org.springframework.scheduling.concurrent.ReschedulingRunnable.run(ReschedulingRunnable.java:95)
	at java.util.concurrent.Executors$RunnableAdapter.call(Executors.java:511)
	at java.util.concurrent.FutureTask.run$$$capture(FutureTask.java:266)
	at java.util.concurrent.FutureTask.run(FutureTask.java)
	at java.util.concurrent.ScheduledThreadPoolExecutor$ScheduledFutureTask.access$201(ScheduledThreadPoolExecutor.java:180)
	at java.util.concurrent.ScheduledThreadPoolExecutor$ScheduledFutureTask.run(ScheduledThreadPoolExecutor.java:293)
	at java.util.concurrent.ThreadPoolExecutor.runWorker(ThreadPoolExecutor.java:1149)
	at java.util.concurrent.ThreadPoolExecutor$Worker.run(ThreadPoolExecutor.java:624)
	at java.lang.Thread.run(Thread.java:750)
Caused by: com.mysql.cj.exceptions.CJCommunicationsException: Communications link failure

The last packet sent successfully to the server was 0 milliseconds ago. The driver has not received any packets from the server.
	at sun.reflect.GeneratedConstructorAccessor38.newInstance(Unknown Source)
	at sun.reflect.DelegatingConstructorAccessorImpl.newInstance(DelegatingConstructorAccessorImpl.java:45)
	at java.lang.reflect.Constructor.newInstance(Constructor.java:423)
	at com.mysql.cj.exceptions.ExceptionFactory.createException(ExceptionFactory.java:61)
	at com.mysql.cj.exceptions.ExceptionFactory.createException(ExceptionFactory.java:105)
	at com.mysql.cj.exceptions.ExceptionFactory.createException(ExceptionFactory.java:151)
	at com.mysql.cj.exceptions.ExceptionFactory.createCommunicationsException(ExceptionFactory.java:167)
	at com.mysql.cj.protocol.a.NativeSocketConnection.connect(NativeSocketConnection.java:89)
	at com.mysql.cj.NativeSession.connect(NativeSession.java:144)
	at com.mysql.cj.jdbc.ConnectionImpl.connectWithRetries(ConnectionImpl.java:847)
	... 54 common frames omitted
Caused by: java.net.ConnectException: Connection refused: connect
	at java.net.DualStackPlainSocketImpl.waitForConnect(Native Method)
	at java.net.DualStackPlainSocketImpl.socketConnect(DualStackPlainSocketImpl.java:81)
	at java.net.AbstractPlainSocketImpl.doConnect(AbstractPlainSocketImpl.java:476)
	at java.net.AbstractPlainSocketImpl.connectToAddress(AbstractPlainSocketImpl.java:218)
	at java.net.AbstractPlainSocketImpl.connect(AbstractPlainSocketImpl.java:200)
	at java.net.PlainSocketImpl.connect(PlainSocketImpl.java:162)
	at java.net.SocksSocketImpl.connect(SocksSocketImpl.java:394)
	at java.net.Socket.connect(Socket.java:606)
	at com.mysql.cj.protocol.StandardSocketFactory.connect(StandardSocketFactory.java:155)
	at com.mysql.cj.protocol.a.NativeSocketConnection.connect(NativeSocketConnection.java:63)
	... 56 common frames omitted
25-02-07.17:09:18.810 [scheduling-1    ] ERROR NoPayNotifyOrderJob    - 检测未接收到或未正确处理的支付回调通知失败
org.mybatis.spring.MyBatisSystemException: nested exception is org.apache.ibatis.exceptions.PersistenceException: 
### Error querying database.  Cause: org.springframework.jdbc.CannotGetJdbcConnectionException: Failed to obtain JDBC Connection; nested exception is java.sql.SQLNonTransientConnectionException: Could not create connection to database server. Attempted reconnect 3 times. Giving up.
### The error may exist in file [D:\Workspace\s-pay-mall-qiusu\s-pay-mall-controller\target\classes\mybatis\mapper\pay_order_mapper.xml]
### The error may involve org.example.dao.IOrderDao.queryNoPayNotifyOrder
### The error occurred while executing a query
### Cause: org.springframework.jdbc.CannotGetJdbcConnectionException: Failed to obtain JDBC Connection; nested exception is java.sql.SQLNonTransientConnectionException: Could not create connection to database server. Attempted reconnect 3 times. Giving up.
	at org.mybatis.spring.MyBatisExceptionTranslator.translateExceptionIfPossible(MyBatisExceptionTranslator.java:96)
	at org.mybatis.spring.SqlSessionTemplate$SqlSessionInterceptor.invoke(SqlSessionTemplate.java:441)
	at com.sun.proxy.$Proxy69.selectList(Unknown Source)
	at org.mybatis.spring.SqlSessionTemplate.selectList(SqlSessionTemplate.java:224)
	at org.apache.ibatis.binding.MapperMethod.executeForMany(MapperMethod.java:147)
	at org.apache.ibatis.binding.MapperMethod.execute(MapperMethod.java:80)
	at org.apache.ibatis.binding.MapperProxy$PlainMethodInvoker.invoke(MapperProxy.java:152)
	at org.apache.ibatis.binding.MapperProxy.invoke(MapperProxy.java:85)
	at com.sun.proxy.$Proxy70.queryNoPayNotifyOrder(Unknown Source)
	at org.example.service.impl.OrderServiceImpl.queryNoPayNotifyOrder(OrderServiceImpl.java:107)
	at org.example.job.NoPayNotifyOrderJob.exec(NoPayNotifyOrderJob.java:29)
	at sun.reflect.NativeMethodAccessorImpl.invoke0(Native Method)
	at sun.reflect.NativeMethodAccessorImpl.invoke(NativeMethodAccessorImpl.java:62)
	at sun.reflect.DelegatingMethodAccessorImpl.invoke(DelegatingMethodAccessorImpl.java:43)
	at java.lang.reflect.Method.invoke(Method.java:498)
	at org.springframework.scheduling.support.ScheduledMethodRunnable.run(ScheduledMethodRunnable.java:84)
	at org.springframework.scheduling.support.DelegatingErrorHandlingRunnable.run(DelegatingErrorHandlingRunnable.java:54)
	at org.springframework.scheduling.concurrent.ReschedulingRunnable.run(ReschedulingRunnable.java:95)
	at java.util.concurrent.Executors$RunnableAdapter.call(Executors.java:511)
	at java.util.concurrent.FutureTask.run$$$capture(FutureTask.java:266)
	at java.util.concurrent.FutureTask.run(FutureTask.java)
	at java.util.concurrent.ScheduledThreadPoolExecutor$ScheduledFutureTask.access$201(ScheduledThreadPoolExecutor.java:180)
	at java.util.concurrent.ScheduledThreadPoolExecutor$ScheduledFutureTask.run(ScheduledThreadPoolExecutor.java:293)
	at java.util.concurrent.ThreadPoolExecutor.runWorker(ThreadPoolExecutor.java:1149)
	at java.util.concurrent.ThreadPoolExecutor$Worker.run(ThreadPoolExecutor.java:624)
	at java.lang.Thread.run(Thread.java:750)
Caused by: org.apache.ibatis.exceptions.PersistenceException: 
### Error querying database.  Cause: org.springframework.jdbc.CannotGetJdbcConnectionException: Failed to obtain JDBC Connection; nested exception is java.sql.SQLNonTransientConnectionException: Could not create connection to database server. Attempted reconnect 3 times. Giving up.
### The error may exist in file [D:\Workspace\s-pay-mall-qiusu\s-pay-mall-controller\target\classes\mybatis\mapper\pay_order_mapper.xml]
### The error may involve org.example.dao.IOrderDao.queryNoPayNotifyOrder
### The error occurred while executing a query
### Cause: org.springframework.jdbc.CannotGetJdbcConnectionException: Failed to obtain JDBC Connection; nested exception is java.sql.SQLNonTransientConnectionException: Could not create connection to database server. Attempted reconnect 3 times. Giving up.
	at org.apache.ibatis.exceptions.ExceptionFactory.wrapException(ExceptionFactory.java:30)
	at org.apache.ibatis.session.defaults.DefaultSqlSession.selectList(DefaultSqlSession.java:149)
	at org.apache.ibatis.session.defaults.DefaultSqlSession.selectList(DefaultSqlSession.java:140)
	at sun.reflect.NativeMethodAccessorImpl.invoke0(Native Method)
	at sun.reflect.NativeMethodAccessorImpl.invoke(NativeMethodAccessorImpl.java:62)
	at sun.reflect.DelegatingMethodAccessorImpl.invoke(DelegatingMethodAccessorImpl.java:43)
	at java.lang.reflect.Method.invoke(Method.java:498)
	at org.mybatis.spring.SqlSessionTemplate$SqlSessionInterceptor.invoke(SqlSessionTemplate.java:427)
	... 24 common frames omitted
Caused by: org.springframework.jdbc.CannotGetJdbcConnectionException: Failed to obtain JDBC Connection; nested exception is java.sql.SQLNonTransientConnectionException: Could not create connection to database server. Attempted reconnect 3 times. Giving up.
	at org.springframework.jdbc.datasource.DataSourceUtils.getConnection(DataSourceUtils.java:83)
	at org.mybatis.spring.transaction.SpringManagedTransaction.openConnection(SpringManagedTransaction.java:80)
	at org.mybatis.spring.transaction.SpringManagedTransaction.getConnection(SpringManagedTransaction.java:67)
	at org.apache.ibatis.executor.BaseExecutor.getConnection(BaseExecutor.java:337)
	at org.apache.ibatis.executor.SimpleExecutor.prepareStatement(SimpleExecutor.java:86)
	at org.apache.ibatis.executor.SimpleExecutor.doQuery(SimpleExecutor.java:62)
	at org.apache.ibatis.executor.BaseExecutor.queryFromDatabase(BaseExecutor.java:325)
	at org.apache.ibatis.executor.BaseExecutor.query(BaseExecutor.java:156)
	at org.apache.ibatis.executor.CachingExecutor.query(CachingExecutor.java:109)
	at org.apache.ibatis.executor.CachingExecutor.query(CachingExecutor.java:89)
	at org.apache.ibatis.session.defaults.DefaultSqlSession.selectList(DefaultSqlSession.java:147)
	... 30 common frames omitted
Caused by: java.sql.SQLNonTransientConnectionException: Could not create connection to database server. Attempted reconnect 3 times. Giving up.
	at com.mysql.cj.jdbc.exceptions.SQLError.createSQLException(SQLError.java:110)
	at com.mysql.cj.jdbc.exceptions.SQLError.createSQLException(SQLError.java:97)
	at com.mysql.cj.jdbc.exceptions.SQLError.createSQLException(SQLError.java:89)
	at com.mysql.cj.jdbc.exceptions.SQLError.createSQLException(SQLError.java:63)
	at com.mysql.cj.jdbc.exceptions.SQLError.createSQLException(SQLError.java:73)
	at com.mysql.cj.jdbc.ConnectionImpl.connectWithRetries(ConnectionImpl.java:903)
	at com.mysql.cj.jdbc.ConnectionImpl.createNewIO(ConnectionImpl.java:828)
	at com.mysql.cj.jdbc.ConnectionImpl.<init>(ConnectionImpl.java:453)
	at com.mysql.cj.jdbc.ConnectionImpl.getInstance(ConnectionImpl.java:246)
	at com.mysql.cj.jdbc.NonRegisteringDriver.connect(NonRegisteringDriver.java:198)
	at com.zaxxer.hikari.util.DriverDataSource.getConnection(DriverDataSource.java:138)
	at com.zaxxer.hikari.pool.PoolBase.newConnection(PoolBase.java:364)
	at com.zaxxer.hikari.pool.PoolBase.newPoolEntry(PoolBase.java:206)
	at com.zaxxer.hikari.pool.HikariPool.createPoolEntry(HikariPool.java:476)
	at com.zaxxer.hikari.pool.HikariPool.checkFailFast(HikariPool.java:561)
	at com.zaxxer.hikari.pool.HikariPool.<init>(HikariPool.java:115)
	at com.zaxxer.hikari.HikariDataSource.getConnection(HikariDataSource.java:112)
	at org.springframework.jdbc.datasource.DataSourceUtils.fetchConnection(DataSourceUtils.java:159)
	at org.springframework.jdbc.datasource.DataSourceUtils.doGetConnection(DataSourceUtils.java:117)
	at org.springframework.jdbc.datasource.DataSourceUtils.getConnection(DataSourceUtils.java:80)
	... 40 common frames omitted
Caused by: com.mysql.cj.exceptions.CJCommunicationsException: Communications link failure

The last packet sent successfully to the server was 0 milliseconds ago. The driver has not received any packets from the server.
	at sun.reflect.GeneratedConstructorAccessor38.newInstance(Unknown Source)
	at sun.reflect.DelegatingConstructorAccessorImpl.newInstance(DelegatingConstructorAccessorImpl.java:45)
	at java.lang.reflect.Constructor.newInstance(Constructor.java:423)
	at com.mysql.cj.exceptions.ExceptionFactory.createException(ExceptionFactory.java:61)
	at com.mysql.cj.exceptions.ExceptionFactory.createException(ExceptionFactory.java:105)
	at com.mysql.cj.exceptions.ExceptionFactory.createException(ExceptionFactory.java:151)
	at com.mysql.cj.exceptions.ExceptionFactory.createCommunicationsException(ExceptionFactory.java:167)
	at com.mysql.cj.protocol.a.NativeSocketConnection.connect(NativeSocketConnection.java:89)
	at com.mysql.cj.NativeSession.connect(NativeSession.java:144)
	at com.mysql.cj.jdbc.ConnectionImpl.connectWithRetries(ConnectionImpl.java:847)
	... 54 common frames omitted
Caused by: java.net.ConnectException: Connection refused: connect
	at java.net.DualStackPlainSocketImpl.waitForConnect(Native Method)
	at java.net.DualStackPlainSocketImpl.socketConnect(DualStackPlainSocketImpl.java:81)
	at java.net.AbstractPlainSocketImpl.doConnect(AbstractPlainSocketImpl.java:476)
	at java.net.AbstractPlainSocketImpl.connectToAddress(AbstractPlainSocketImpl.java:218)
	at java.net.AbstractPlainSocketImpl.connect(AbstractPlainSocketImpl.java:200)
	at java.net.PlainSocketImpl.connect(PlainSocketImpl.java:162)
	at java.net.SocksSocketImpl.connect(SocksSocketImpl.java:394)
	at java.net.Socket.connect(Socket.java:606)
	at com.mysql.cj.protocol.StandardSocketFactory.connect(StandardSocketFactory.java:155)
	at com.mysql.cj.protocol.a.NativeSocketConnection.connect(NativeSocketConnection.java:63)
	... 56 common frames omitted
25-02-07.17:09:22.036 [main            ] INFO  Application            - Starting Application using Java 1.8.0_431 on DESKTOP-CBM2HV2 with PID 17616 (D:\Workspace\s-pay-mall-qiusu\s-pay-mall-controller\target\classes started by zqiusu in D:\Workspace\s-pay-mall-qiusu)
25-02-07.17:09:22.039 [main            ] INFO  Application            - The following 1 profile is active: "dev"
25-02-07.17:09:28.155 [main            ] INFO  TomcatWebServer        - Tomcat initialized with port(s): 8080 (http)
25-02-07.17:09:28.190 [main            ] INFO  Http11NioProtocol      - Initializing ProtocolHandler ["http-nio-8080"]
25-02-07.17:09:28.195 [main            ] INFO  StandardService        - Starting service [Tomcat]
25-02-07.17:09:28.196 [main            ] INFO  StandardEngine         - Starting Servlet engine: [Apache Tomcat/9.0.75]
25-02-07.17:09:29.515 [main            ] INFO  [/]                    - Initializing Spring embedded WebApplicationContext
25-02-07.17:09:29.516 [main            ] INFO  ServletWebServerApplicationContext - Root WebApplicationContext: initialization completed in 7399 ms
25-02-07.17:09:39.780 [main            ] INFO  Http11NioProtocol      - Starting ProtocolHandler ["http-nio-8080"]
25-02-07.17:09:39.856 [main            ] INFO  TomcatWebServer        - Tomcat started on port(s): 8080 (http) with context path ''
25-02-07.17:09:39.971 [main            ] INFO  Application            - Started Application in 18.928 seconds (JVM running for 19.945)
25-02-07.17:09:40.011 [scheduling-1    ] INFO  NoPayNotifyOrderJob    - 任务；检测未接收到或未正确处理的支付回调通知
25-02-07.17:09:40.083 [scheduling-1    ] INFO  HikariDataSource       - HikariPool-1 - Starting...
25-02-07.17:09:41.421 [http-nio-8080-exec-3] INFO  [/]                    - Initializing Spring DispatcherServlet 'dispatcherServlet'
25-02-07.17:09:41.422 [http-nio-8080-exec-3] INFO  DispatcherServlet      - Initializing Servlet 'dispatcherServlet'
25-02-07.17:09:41.445 [http-nio-8080-exec-3] INFO  DispatcherServlet      - Completed initialization in 23 ms
25-02-07.17:09:52.148 [http-nio-8080-exec-3] INFO  LoginController        - 生成微信扫码登录 ticket:gQHW8DwAAAAAAAAAAS5odHRwOi8vd2VpeGluLnFxLmNvbS9xLzAyRG51ejlwbzBmQUcxVGtxZGhEMXkAAgTUzaVnAwQAjScA
25-02-07.17:09:57.205 [scheduling-1    ] ERROR HikariPool             - HikariPool-1 - Exception during pool initialization.
java.sql.SQLNonTransientConnectionException: Could not create connection to database server. Attempted reconnect 3 times. Giving up.
	at com.mysql.cj.jdbc.exceptions.SQLError.createSQLException(SQLError.java:110)
	at com.mysql.cj.jdbc.exceptions.SQLError.createSQLException(SQLError.java:97)
	at com.mysql.cj.jdbc.exceptions.SQLError.createSQLException(SQLError.java:89)
	at com.mysql.cj.jdbc.exceptions.SQLError.createSQLException(SQLError.java:63)
	at com.mysql.cj.jdbc.exceptions.SQLError.createSQLException(SQLError.java:73)
	at com.mysql.cj.jdbc.ConnectionImpl.connectWithRetries(ConnectionImpl.java:903)
	at com.mysql.cj.jdbc.ConnectionImpl.createNewIO(ConnectionImpl.java:828)
	at com.mysql.cj.jdbc.ConnectionImpl.<init>(ConnectionImpl.java:453)
	at com.mysql.cj.jdbc.ConnectionImpl.getInstance(ConnectionImpl.java:246)
	at com.mysql.cj.jdbc.NonRegisteringDriver.connect(NonRegisteringDriver.java:198)
	at com.zaxxer.hikari.util.DriverDataSource.getConnection(DriverDataSource.java:138)
	at com.zaxxer.hikari.pool.PoolBase.newConnection(PoolBase.java:364)
	at com.zaxxer.hikari.pool.PoolBase.newPoolEntry(PoolBase.java:206)
	at com.zaxxer.hikari.pool.HikariPool.createPoolEntry(HikariPool.java:476)
	at com.zaxxer.hikari.pool.HikariPool.checkFailFast(HikariPool.java:561)
	at com.zaxxer.hikari.pool.HikariPool.<init>(HikariPool.java:115)
	at com.zaxxer.hikari.HikariDataSource.getConnection(HikariDataSource.java:112)
	at org.springframework.jdbc.datasource.DataSourceUtils.fetchConnection(DataSourceUtils.java:159)
	at org.springframework.jdbc.datasource.DataSourceUtils.doGetConnection(DataSourceUtils.java:117)
	at org.springframework.jdbc.datasource.DataSourceUtils.getConnection(DataSourceUtils.java:80)
	at org.mybatis.spring.transaction.SpringManagedTransaction.openConnection(SpringManagedTransaction.java:80)
	at org.mybatis.spring.transaction.SpringManagedTransaction.getConnection(SpringManagedTransaction.java:67)
	at org.apache.ibatis.executor.BaseExecutor.getConnection(BaseExecutor.java:337)
	at org.apache.ibatis.executor.SimpleExecutor.prepareStatement(SimpleExecutor.java:86)
	at org.apache.ibatis.executor.SimpleExecutor.doQuery(SimpleExecutor.java:62)
	at org.apache.ibatis.executor.BaseExecutor.queryFromDatabase(BaseExecutor.java:325)
	at org.apache.ibatis.executor.BaseExecutor.query(BaseExecutor.java:156)
	at org.apache.ibatis.executor.CachingExecutor.query(CachingExecutor.java:109)
	at org.apache.ibatis.executor.CachingExecutor.query(CachingExecutor.java:89)
	at org.apache.ibatis.session.defaults.DefaultSqlSession.selectList(DefaultSqlSession.java:147)
	at org.apache.ibatis.session.defaults.DefaultSqlSession.selectList(DefaultSqlSession.java:140)
	at sun.reflect.NativeMethodAccessorImpl.invoke0(Native Method)
	at sun.reflect.NativeMethodAccessorImpl.invoke(NativeMethodAccessorImpl.java:62)
	at sun.reflect.DelegatingMethodAccessorImpl.invoke(DelegatingMethodAccessorImpl.java:43)
	at java.lang.reflect.Method.invoke(Method.java:498)
	at org.mybatis.spring.SqlSessionTemplate$SqlSessionInterceptor.invoke(SqlSessionTemplate.java:427)
	at com.sun.proxy.$Proxy69.selectList(Unknown Source)
	at org.mybatis.spring.SqlSessionTemplate.selectList(SqlSessionTemplate.java:224)
	at org.apache.ibatis.binding.MapperMethod.executeForMany(MapperMethod.java:147)
	at org.apache.ibatis.binding.MapperMethod.execute(MapperMethod.java:80)
	at org.apache.ibatis.binding.MapperProxy$PlainMethodInvoker.invoke(MapperProxy.java:152)
	at org.apache.ibatis.binding.MapperProxy.invoke(MapperProxy.java:85)
	at com.sun.proxy.$Proxy70.queryNoPayNotifyOrder(Unknown Source)
	at org.example.service.impl.OrderServiceImpl.queryNoPayNotifyOrder(OrderServiceImpl.java:107)
	at org.example.job.NoPayNotifyOrderJob.exec(NoPayNotifyOrderJob.java:29)
	at sun.reflect.NativeMethodAccessorImpl.invoke0(Native Method)
	at sun.reflect.NativeMethodAccessorImpl.invoke(NativeMethodAccessorImpl.java:62)
	at sun.reflect.DelegatingMethodAccessorImpl.invoke(DelegatingMethodAccessorImpl.java:43)
	at java.lang.reflect.Method.invoke(Method.java:498)
	at org.springframework.scheduling.support.ScheduledMethodRunnable.run(ScheduledMethodRunnable.java:84)
	at org.springframework.scheduling.support.DelegatingErrorHandlingRunnable.run(DelegatingErrorHandlingRunnable.java:54)
	at org.springframework.scheduling.concurrent.ReschedulingRunnable.run(ReschedulingRunnable.java:95)
	at java.util.concurrent.Executors$RunnableAdapter.call(Executors.java:511)
	at java.util.concurrent.FutureTask.run$$$capture(FutureTask.java:266)
	at java.util.concurrent.FutureTask.run(FutureTask.java)
	at java.util.concurrent.ScheduledThreadPoolExecutor$ScheduledFutureTask.access$201(ScheduledThreadPoolExecutor.java:180)
	at java.util.concurrent.ScheduledThreadPoolExecutor$ScheduledFutureTask.run(ScheduledThreadPoolExecutor.java:293)
	at java.util.concurrent.ThreadPoolExecutor.runWorker(ThreadPoolExecutor.java:1149)
	at java.util.concurrent.ThreadPoolExecutor$Worker.run(ThreadPoolExecutor.java:624)
	at java.lang.Thread.run(Thread.java:750)
Caused by: com.mysql.cj.exceptions.CJCommunicationsException: Communications link failure

The last packet sent successfully to the server was 0 milliseconds ago. The driver has not received any packets from the server.
	at sun.reflect.NativeConstructorAccessorImpl.newInstance0(Native Method)
	at sun.reflect.NativeConstructorAccessorImpl.newInstance(NativeConstructorAccessorImpl.java:62)
	at sun.reflect.DelegatingConstructorAccessorImpl.newInstance(DelegatingConstructorAccessorImpl.java:45)
	at java.lang.reflect.Constructor.newInstance(Constructor.java:423)
	at com.mysql.cj.exceptions.ExceptionFactory.createException(ExceptionFactory.java:61)
	at com.mysql.cj.exceptions.ExceptionFactory.createException(ExceptionFactory.java:105)
	at com.mysql.cj.exceptions.ExceptionFactory.createException(ExceptionFactory.java:151)
	at com.mysql.cj.exceptions.ExceptionFactory.createCommunicationsException(ExceptionFactory.java:167)
	at com.mysql.cj.protocol.a.NativeSocketConnection.connect(NativeSocketConnection.java:89)
	at com.mysql.cj.NativeSession.connect(NativeSession.java:144)
	at com.mysql.cj.jdbc.ConnectionImpl.connectWithRetries(ConnectionImpl.java:847)
	... 54 common frames omitted
Caused by: java.net.ConnectException: Connection refused: connect
	at java.net.DualStackPlainSocketImpl.waitForConnect(Native Method)
	at java.net.DualStackPlainSocketImpl.socketConnect(DualStackPlainSocketImpl.java:81)
	at java.net.AbstractPlainSocketImpl.doConnect(AbstractPlainSocketImpl.java:476)
	at java.net.AbstractPlainSocketImpl.connectToAddress(AbstractPlainSocketImpl.java:218)
	at java.net.AbstractPlainSocketImpl.connect(AbstractPlainSocketImpl.java:200)
	at java.net.PlainSocketImpl.connect(PlainSocketImpl.java:162)
	at java.net.SocksSocketImpl.connect(SocksSocketImpl.java:394)
	at java.net.Socket.connect(Socket.java:606)
	at com.mysql.cj.protocol.StandardSocketFactory.connect(StandardSocketFactory.java:155)
	at com.mysql.cj.protocol.a.NativeSocketConnection.connect(NativeSocketConnection.java:63)
	... 56 common frames omitted
25-02-07.17:09:57.215 [scheduling-1    ] ERROR NoPayNotifyOrderJob    - 检测未接收到或未正确处理的支付回调通知失败
org.mybatis.spring.MyBatisSystemException: nested exception is org.apache.ibatis.exceptions.PersistenceException: 
### Error querying database.  Cause: org.springframework.jdbc.CannotGetJdbcConnectionException: Failed to obtain JDBC Connection; nested exception is java.sql.SQLNonTransientConnectionException: Could not create connection to database server. Attempted reconnect 3 times. Giving up.
### The error may exist in file [D:\Workspace\s-pay-mall-qiusu\s-pay-mall-controller\target\classes\mybatis\mapper\pay_order_mapper.xml]
### The error may involve org.example.dao.IOrderDao.queryNoPayNotifyOrder
### The error occurred while executing a query
### Cause: org.springframework.jdbc.CannotGetJdbcConnectionException: Failed to obtain JDBC Connection; nested exception is java.sql.SQLNonTransientConnectionException: Could not create connection to database server. Attempted reconnect 3 times. Giving up.
	at org.mybatis.spring.MyBatisExceptionTranslator.translateExceptionIfPossible(MyBatisExceptionTranslator.java:96)
	at org.mybatis.spring.SqlSessionTemplate$SqlSessionInterceptor.invoke(SqlSessionTemplate.java:441)
	at com.sun.proxy.$Proxy69.selectList(Unknown Source)
	at org.mybatis.spring.SqlSessionTemplate.selectList(SqlSessionTemplate.java:224)
	at org.apache.ibatis.binding.MapperMethod.executeForMany(MapperMethod.java:147)
	at org.apache.ibatis.binding.MapperMethod.execute(MapperMethod.java:80)
	at org.apache.ibatis.binding.MapperProxy$PlainMethodInvoker.invoke(MapperProxy.java:152)
	at org.apache.ibatis.binding.MapperProxy.invoke(MapperProxy.java:85)
	at com.sun.proxy.$Proxy70.queryNoPayNotifyOrder(Unknown Source)
	at org.example.service.impl.OrderServiceImpl.queryNoPayNotifyOrder(OrderServiceImpl.java:107)
	at org.example.job.NoPayNotifyOrderJob.exec(NoPayNotifyOrderJob.java:29)
	at sun.reflect.NativeMethodAccessorImpl.invoke0(Native Method)
	at sun.reflect.NativeMethodAccessorImpl.invoke(NativeMethodAccessorImpl.java:62)
	at sun.reflect.DelegatingMethodAccessorImpl.invoke(DelegatingMethodAccessorImpl.java:43)
	at java.lang.reflect.Method.invoke(Method.java:498)
	at org.springframework.scheduling.support.ScheduledMethodRunnable.run(ScheduledMethodRunnable.java:84)
	at org.springframework.scheduling.support.DelegatingErrorHandlingRunnable.run(DelegatingErrorHandlingRunnable.java:54)
	at org.springframework.scheduling.concurrent.ReschedulingRunnable.run(ReschedulingRunnable.java:95)
	at java.util.concurrent.Executors$RunnableAdapter.call(Executors.java:511)
	at java.util.concurrent.FutureTask.run$$$capture(FutureTask.java:266)
	at java.util.concurrent.FutureTask.run(FutureTask.java)
	at java.util.concurrent.ScheduledThreadPoolExecutor$ScheduledFutureTask.access$201(ScheduledThreadPoolExecutor.java:180)
	at java.util.concurrent.ScheduledThreadPoolExecutor$ScheduledFutureTask.run(ScheduledThreadPoolExecutor.java:293)
	at java.util.concurrent.ThreadPoolExecutor.runWorker(ThreadPoolExecutor.java:1149)
	at java.util.concurrent.ThreadPoolExecutor$Worker.run(ThreadPoolExecutor.java:624)
	at java.lang.Thread.run(Thread.java:750)
Caused by: org.apache.ibatis.exceptions.PersistenceException: 
### Error querying database.  Cause: org.springframework.jdbc.CannotGetJdbcConnectionException: Failed to obtain JDBC Connection; nested exception is java.sql.SQLNonTransientConnectionException: Could not create connection to database server. Attempted reconnect 3 times. Giving up.
### The error may exist in file [D:\Workspace\s-pay-mall-qiusu\s-pay-mall-controller\target\classes\mybatis\mapper\pay_order_mapper.xml]
### The error may involve org.example.dao.IOrderDao.queryNoPayNotifyOrder
### The error occurred while executing a query
### Cause: org.springframework.jdbc.CannotGetJdbcConnectionException: Failed to obtain JDBC Connection; nested exception is java.sql.SQLNonTransientConnectionException: Could not create connection to database server. Attempted reconnect 3 times. Giving up.
	at org.apache.ibatis.exceptions.ExceptionFactory.wrapException(ExceptionFactory.java:30)
	at org.apache.ibatis.session.defaults.DefaultSqlSession.selectList(DefaultSqlSession.java:149)
	at org.apache.ibatis.session.defaults.DefaultSqlSession.selectList(DefaultSqlSession.java:140)
	at sun.reflect.NativeMethodAccessorImpl.invoke0(Native Method)
	at sun.reflect.NativeMethodAccessorImpl.invoke(NativeMethodAccessorImpl.java:62)
	at sun.reflect.DelegatingMethodAccessorImpl.invoke(DelegatingMethodAccessorImpl.java:43)
	at java.lang.reflect.Method.invoke(Method.java:498)
	at org.mybatis.spring.SqlSessionTemplate$SqlSessionInterceptor.invoke(SqlSessionTemplate.java:427)
	... 24 common frames omitted
Caused by: org.springframework.jdbc.CannotGetJdbcConnectionException: Failed to obtain JDBC Connection; nested exception is java.sql.SQLNonTransientConnectionException: Could not create connection to database server. Attempted reconnect 3 times. Giving up.
	at org.springframework.jdbc.datasource.DataSourceUtils.getConnection(DataSourceUtils.java:83)
	at org.mybatis.spring.transaction.SpringManagedTransaction.openConnection(SpringManagedTransaction.java:80)
	at org.mybatis.spring.transaction.SpringManagedTransaction.getConnection(SpringManagedTransaction.java:67)
	at org.apache.ibatis.executor.BaseExecutor.getConnection(BaseExecutor.java:337)
	at org.apache.ibatis.executor.SimpleExecutor.prepareStatement(SimpleExecutor.java:86)
	at org.apache.ibatis.executor.SimpleExecutor.doQuery(SimpleExecutor.java:62)
	at org.apache.ibatis.executor.BaseExecutor.queryFromDatabase(BaseExecutor.java:325)
	at org.apache.ibatis.executor.BaseExecutor.query(BaseExecutor.java:156)
	at org.apache.ibatis.executor.CachingExecutor.query(CachingExecutor.java:109)
	at org.apache.ibatis.executor.CachingExecutor.query(CachingExecutor.java:89)
	at org.apache.ibatis.session.defaults.DefaultSqlSession.selectList(DefaultSqlSession.java:147)
	... 30 common frames omitted
Caused by: java.sql.SQLNonTransientConnectionException: Could not create connection to database server. Attempted reconnect 3 times. Giving up.
	at com.mysql.cj.jdbc.exceptions.SQLError.createSQLException(SQLError.java:110)
	at com.mysql.cj.jdbc.exceptions.SQLError.createSQLException(SQLError.java:97)
	at com.mysql.cj.jdbc.exceptions.SQLError.createSQLException(SQLError.java:89)
	at com.mysql.cj.jdbc.exceptions.SQLError.createSQLException(SQLError.java:63)
	at com.mysql.cj.jdbc.exceptions.SQLError.createSQLException(SQLError.java:73)
	at com.mysql.cj.jdbc.ConnectionImpl.connectWithRetries(ConnectionImpl.java:903)
	at com.mysql.cj.jdbc.ConnectionImpl.createNewIO(ConnectionImpl.java:828)
	at com.mysql.cj.jdbc.ConnectionImpl.<init>(ConnectionImpl.java:453)
	at com.mysql.cj.jdbc.ConnectionImpl.getInstance(ConnectionImpl.java:246)
	at com.mysql.cj.jdbc.NonRegisteringDriver.connect(NonRegisteringDriver.java:198)
	at com.zaxxer.hikari.util.DriverDataSource.getConnection(DriverDataSource.java:138)
	at com.zaxxer.hikari.pool.PoolBase.newConnection(PoolBase.java:364)
	at com.zaxxer.hikari.pool.PoolBase.newPoolEntry(PoolBase.java:206)
	at com.zaxxer.hikari.pool.HikariPool.createPoolEntry(HikariPool.java:476)
	at com.zaxxer.hikari.pool.HikariPool.checkFailFast(HikariPool.java:561)
	at com.zaxxer.hikari.pool.HikariPool.<init>(HikariPool.java:115)
	at com.zaxxer.hikari.HikariDataSource.getConnection(HikariDataSource.java:112)
	at org.springframework.jdbc.datasource.DataSourceUtils.fetchConnection(DataSourceUtils.java:159)
	at org.springframework.jdbc.datasource.DataSourceUtils.doGetConnection(DataSourceUtils.java:117)
	at org.springframework.jdbc.datasource.DataSourceUtils.getConnection(DataSourceUtils.java:80)
	... 40 common frames omitted
Caused by: com.mysql.cj.exceptions.CJCommunicationsException: Communications link failure

The last packet sent successfully to the server was 0 milliseconds ago. The driver has not received any packets from the server.
	at sun.reflect.NativeConstructorAccessorImpl.newInstance0(Native Method)
	at sun.reflect.NativeConstructorAccessorImpl.newInstance(NativeConstructorAccessorImpl.java:62)
	at sun.reflect.DelegatingConstructorAccessorImpl.newInstance(DelegatingConstructorAccessorImpl.java:45)
	at java.lang.reflect.Constructor.newInstance(Constructor.java:423)
	at com.mysql.cj.exceptions.ExceptionFactory.createException(ExceptionFactory.java:61)
	at com.mysql.cj.exceptions.ExceptionFactory.createException(ExceptionFactory.java:105)
	at com.mysql.cj.exceptions.ExceptionFactory.createException(ExceptionFactory.java:151)
	at com.mysql.cj.exceptions.ExceptionFactory.createCommunicationsException(ExceptionFactory.java:167)
	at com.mysql.cj.protocol.a.NativeSocketConnection.connect(NativeSocketConnection.java:89)
	at com.mysql.cj.NativeSession.connect(NativeSession.java:144)
	at com.mysql.cj.jdbc.ConnectionImpl.connectWithRetries(ConnectionImpl.java:847)
	... 54 common frames omitted
Caused by: java.net.ConnectException: Connection refused: connect
	at java.net.DualStackPlainSocketImpl.waitForConnect(Native Method)
	at java.net.DualStackPlainSocketImpl.socketConnect(DualStackPlainSocketImpl.java:81)
	at java.net.AbstractPlainSocketImpl.doConnect(AbstractPlainSocketImpl.java:476)
	at java.net.AbstractPlainSocketImpl.connectToAddress(AbstractPlainSocketImpl.java:218)
	at java.net.AbstractPlainSocketImpl.connect(AbstractPlainSocketImpl.java:200)
	at java.net.PlainSocketImpl.connect(PlainSocketImpl.java:162)
	at java.net.SocksSocketImpl.connect(SocksSocketImpl.java:394)
	at java.net.Socket.connect(Socket.java:606)
	at com.mysql.cj.protocol.StandardSocketFactory.connect(StandardSocketFactory.java:155)
	at com.mysql.cj.protocol.a.NativeSocketConnection.connect(NativeSocketConnection.java:63)
	... 56 common frames omitted
25-02-07.17:10:00.006 [scheduling-1    ] INFO  TimeoutCloseOrderJob   - 任务；超时30分钟订单关闭
25-02-07.17:10:00.008 [scheduling-1    ] INFO  HikariDataSource       - HikariPool-1 - Starting...
25-02-07.17:10:31.967 [http-nio-8080-exec-2] INFO  LoginController        - 生成微信扫码登录 ticket:gQFY8TwAAAAAAAAAAS5odHRwOi8vd2VpeGluLnFxLmNvbS9xLzAyNm45YzlpbzBmQUcxVFpxZE5EMWEAAgT9zaVnAwQAjScA
25-02-07.17:10:51.333 [scheduling-1    ] ERROR HikariPool             - HikariPool-1 - Exception during pool initialization.
java.sql.SQLNonTransientConnectionException: Could not create connection to database server. Attempted reconnect 3 times. Giving up.
	at com.mysql.cj.jdbc.exceptions.SQLError.createSQLException(SQLError.java:110)
	at com.mysql.cj.jdbc.exceptions.SQLError.createSQLException(SQLError.java:97)
	at com.mysql.cj.jdbc.exceptions.SQLError.createSQLException(SQLError.java:89)
	at com.mysql.cj.jdbc.exceptions.SQLError.createSQLException(SQLError.java:63)
	at com.mysql.cj.jdbc.exceptions.SQLError.createSQLException(SQLError.java:73)
	at com.mysql.cj.jdbc.ConnectionImpl.connectWithRetries(ConnectionImpl.java:903)
	at com.mysql.cj.jdbc.ConnectionImpl.createNewIO(ConnectionImpl.java:828)
	at com.mysql.cj.jdbc.ConnectionImpl.<init>(ConnectionImpl.java:453)
	at com.mysql.cj.jdbc.ConnectionImpl.getInstance(ConnectionImpl.java:246)
	at com.mysql.cj.jdbc.NonRegisteringDriver.connect(NonRegisteringDriver.java:198)
	at com.zaxxer.hikari.util.DriverDataSource.getConnection(DriverDataSource.java:138)
	at com.zaxxer.hikari.pool.PoolBase.newConnection(PoolBase.java:364)
	at com.zaxxer.hikari.pool.PoolBase.newPoolEntry(PoolBase.java:206)
	at com.zaxxer.hikari.pool.HikariPool.createPoolEntry(HikariPool.java:476)
	at com.zaxxer.hikari.pool.HikariPool.checkFailFast(HikariPool.java:561)
	at com.zaxxer.hikari.pool.HikariPool.<init>(HikariPool.java:115)
	at com.zaxxer.hikari.HikariDataSource.getConnection(HikariDataSource.java:112)
	at org.springframework.jdbc.datasource.DataSourceUtils.fetchConnection(DataSourceUtils.java:159)
	at org.springframework.jdbc.datasource.DataSourceUtils.doGetConnection(DataSourceUtils.java:117)
	at org.springframework.jdbc.datasource.DataSourceUtils.getConnection(DataSourceUtils.java:80)
	at org.mybatis.spring.transaction.SpringManagedTransaction.openConnection(SpringManagedTransaction.java:80)
	at org.mybatis.spring.transaction.SpringManagedTransaction.getConnection(SpringManagedTransaction.java:67)
	at org.apache.ibatis.executor.BaseExecutor.getConnection(BaseExecutor.java:337)
	at org.apache.ibatis.executor.SimpleExecutor.prepareStatement(SimpleExecutor.java:86)
	at org.apache.ibatis.executor.SimpleExecutor.doQuery(SimpleExecutor.java:62)
	at org.apache.ibatis.executor.BaseExecutor.queryFromDatabase(BaseExecutor.java:325)
	at org.apache.ibatis.executor.BaseExecutor.query(BaseExecutor.java:156)
	at org.apache.ibatis.executor.CachingExecutor.query(CachingExecutor.java:109)
	at org.apache.ibatis.executor.CachingExecutor.query(CachingExecutor.java:89)
	at org.apache.ibatis.session.defaults.DefaultSqlSession.selectList(DefaultSqlSession.java:147)
	at org.apache.ibatis.session.defaults.DefaultSqlSession.selectList(DefaultSqlSession.java:140)
	at sun.reflect.NativeMethodAccessorImpl.invoke0(Native Method)
	at sun.reflect.NativeMethodAccessorImpl.invoke(NativeMethodAccessorImpl.java:62)
	at sun.reflect.DelegatingMethodAccessorImpl.invoke(DelegatingMethodAccessorImpl.java:43)
	at java.lang.reflect.Method.invoke(Method.java:498)
	at org.mybatis.spring.SqlSessionTemplate$SqlSessionInterceptor.invoke(SqlSessionTemplate.java:427)
	at com.sun.proxy.$Proxy69.selectList(Unknown Source)
	at org.mybatis.spring.SqlSessionTemplate.selectList(SqlSessionTemplate.java:224)
	at org.apache.ibatis.binding.MapperMethod.executeForMany(MapperMethod.java:147)
	at org.apache.ibatis.binding.MapperMethod.execute(MapperMethod.java:80)
	at org.apache.ibatis.binding.MapperProxy$PlainMethodInvoker.invoke(MapperProxy.java:152)
	at org.apache.ibatis.binding.MapperProxy.invoke(MapperProxy.java:85)
	at com.sun.proxy.$Proxy70.queryTimeoutCloseOrderList(Unknown Source)
	at org.example.service.impl.OrderServiceImpl.queryTimeoutCloseOrderList(OrderServiceImpl.java:112)
	at org.example.job.TimeoutCloseOrderJob.exec(TimeoutCloseOrderJob.java:26)
	at sun.reflect.NativeMethodAccessorImpl.invoke0(Native Method)
	at sun.reflect.NativeMethodAccessorImpl.invoke(NativeMethodAccessorImpl.java:62)
	at sun.reflect.DelegatingMethodAccessorImpl.invoke(DelegatingMethodAccessorImpl.java:43)
	at java.lang.reflect.Method.invoke(Method.java:498)
	at org.springframework.scheduling.support.ScheduledMethodRunnable.run(ScheduledMethodRunnable.java:84)
	at org.springframework.scheduling.support.DelegatingErrorHandlingRunnable.run(DelegatingErrorHandlingRunnable.java:54)
	at org.springframework.scheduling.concurrent.ReschedulingRunnable.run(ReschedulingRunnable.java:95)
	at java.util.concurrent.Executors$RunnableAdapter.call(Executors.java:511)
	at java.util.concurrent.FutureTask.run$$$capture(FutureTask.java:266)
	at java.util.concurrent.FutureTask.run(FutureTask.java)
	at java.util.concurrent.ScheduledThreadPoolExecutor$ScheduledFutureTask.access$201(ScheduledThreadPoolExecutor.java:180)
	at java.util.concurrent.ScheduledThreadPoolExecutor$ScheduledFutureTask.run(ScheduledThreadPoolExecutor.java:293)
	at java.util.concurrent.ThreadPoolExecutor.runWorker(ThreadPoolExecutor.java:1149)
	at java.util.concurrent.ThreadPoolExecutor$Worker.run(ThreadPoolExecutor.java:624)
	at java.lang.Thread.run(Thread.java:750)
Caused by: com.mysql.cj.exceptions.CJCommunicationsException: Communications link failure

The last packet sent successfully to the server was 0 milliseconds ago. The driver has not received any packets from the server.
	at sun.reflect.NativeConstructorAccessorImpl.newInstance0(Native Method)
	at sun.reflect.NativeConstructorAccessorImpl.newInstance(NativeConstructorAccessorImpl.java:62)
	at sun.reflect.DelegatingConstructorAccessorImpl.newInstance(DelegatingConstructorAccessorImpl.java:45)
	at java.lang.reflect.Constructor.newInstance(Constructor.java:423)
	at com.mysql.cj.exceptions.ExceptionFactory.createException(ExceptionFactory.java:61)
	at com.mysql.cj.exceptions.ExceptionFactory.createException(ExceptionFactory.java:105)
	at com.mysql.cj.exceptions.ExceptionFactory.createException(ExceptionFactory.java:151)
	at com.mysql.cj.exceptions.ExceptionFactory.createCommunicationsException(ExceptionFactory.java:167)
	at com.mysql.cj.protocol.a.NativeSocketConnection.connect(NativeSocketConnection.java:89)
	at com.mysql.cj.NativeSession.connect(NativeSession.java:144)
	at com.mysql.cj.jdbc.ConnectionImpl.connectWithRetries(ConnectionImpl.java:847)
	... 54 common frames omitted
Caused by: java.net.ConnectException: Connection refused: connect
	at java.net.DualStackPlainSocketImpl.waitForConnect(Native Method)
	at java.net.DualStackPlainSocketImpl.socketConnect(DualStackPlainSocketImpl.java:81)
	at java.net.AbstractPlainSocketImpl.doConnect(AbstractPlainSocketImpl.java:476)
	at java.net.AbstractPlainSocketImpl.connectToAddress(AbstractPlainSocketImpl.java:218)
	at java.net.AbstractPlainSocketImpl.connect(AbstractPlainSocketImpl.java:200)
	at java.net.PlainSocketImpl.connect(PlainSocketImpl.java:162)
	at java.net.SocksSocketImpl.connect(SocksSocketImpl.java:394)
	at java.net.Socket.connect(Socket.java:606)
	at com.mysql.cj.protocol.StandardSocketFactory.connect(StandardSocketFactory.java:155)
	at com.mysql.cj.protocol.a.NativeSocketConnection.connect(NativeSocketConnection.java:63)
	... 56 common frames omitted
25-02-07.17:10:51.339 [scheduling-1    ] ERROR TimeoutCloseOrderJob   - 定时任务，超时15分钟订单关闭失败
org.mybatis.spring.MyBatisSystemException: nested exception is org.apache.ibatis.exceptions.PersistenceException: 
### Error querying database.  Cause: org.springframework.jdbc.CannotGetJdbcConnectionException: Failed to obtain JDBC Connection; nested exception is java.sql.SQLNonTransientConnectionException: Could not create connection to database server. Attempted reconnect 3 times. Giving up.
### The error may exist in file [D:\Workspace\s-pay-mall-qiusu\s-pay-mall-controller\target\classes\mybatis\mapper\pay_order_mapper.xml]
### The error may involve org.example.dao.IOrderDao.queryTimeoutCloseOrderList
### The error occurred while executing a query
### Cause: org.springframework.jdbc.CannotGetJdbcConnectionException: Failed to obtain JDBC Connection; nested exception is java.sql.SQLNonTransientConnectionException: Could not create connection to database server. Attempted reconnect 3 times. Giving up.
	at org.mybatis.spring.MyBatisExceptionTranslator.translateExceptionIfPossible(MyBatisExceptionTranslator.java:96)
	at org.mybatis.spring.SqlSessionTemplate$SqlSessionInterceptor.invoke(SqlSessionTemplate.java:441)
	at com.sun.proxy.$Proxy69.selectList(Unknown Source)
	at org.mybatis.spring.SqlSessionTemplate.selectList(SqlSessionTemplate.java:224)
	at org.apache.ibatis.binding.MapperMethod.executeForMany(MapperMethod.java:147)
	at org.apache.ibatis.binding.MapperMethod.execute(MapperMethod.java:80)
	at org.apache.ibatis.binding.MapperProxy$PlainMethodInvoker.invoke(MapperProxy.java:152)
	at org.apache.ibatis.binding.MapperProxy.invoke(MapperProxy.java:85)
	at com.sun.proxy.$Proxy70.queryTimeoutCloseOrderList(Unknown Source)
	at org.example.service.impl.OrderServiceImpl.queryTimeoutCloseOrderList(OrderServiceImpl.java:112)
	at org.example.job.TimeoutCloseOrderJob.exec(TimeoutCloseOrderJob.java:26)
	at sun.reflect.NativeMethodAccessorImpl.invoke0(Native Method)
	at sun.reflect.NativeMethodAccessorImpl.invoke(NativeMethodAccessorImpl.java:62)
	at sun.reflect.DelegatingMethodAccessorImpl.invoke(DelegatingMethodAccessorImpl.java:43)
	at java.lang.reflect.Method.invoke(Method.java:498)
	at org.springframework.scheduling.support.ScheduledMethodRunnable.run(ScheduledMethodRunnable.java:84)
	at org.springframework.scheduling.support.DelegatingErrorHandlingRunnable.run(DelegatingErrorHandlingRunnable.java:54)
	at org.springframework.scheduling.concurrent.ReschedulingRunnable.run(ReschedulingRunnable.java:95)
	at java.util.concurrent.Executors$RunnableAdapter.call(Executors.java:511)
	at java.util.concurrent.FutureTask.run$$$capture(FutureTask.java:266)
	at java.util.concurrent.FutureTask.run(FutureTask.java)
	at java.util.concurrent.ScheduledThreadPoolExecutor$ScheduledFutureTask.access$201(ScheduledThreadPoolExecutor.java:180)
	at java.util.concurrent.ScheduledThreadPoolExecutor$ScheduledFutureTask.run(ScheduledThreadPoolExecutor.java:293)
	at java.util.concurrent.ThreadPoolExecutor.runWorker(ThreadPoolExecutor.java:1149)
	at java.util.concurrent.ThreadPoolExecutor$Worker.run(ThreadPoolExecutor.java:624)
	at java.lang.Thread.run(Thread.java:750)
Caused by: org.apache.ibatis.exceptions.PersistenceException: 
### Error querying database.  Cause: org.springframework.jdbc.CannotGetJdbcConnectionException: Failed to obtain JDBC Connection; nested exception is java.sql.SQLNonTransientConnectionException: Could not create connection to database server. Attempted reconnect 3 times. Giving up.
### The error may exist in file [D:\Workspace\s-pay-mall-qiusu\s-pay-mall-controller\target\classes\mybatis\mapper\pay_order_mapper.xml]
### The error may involve org.example.dao.IOrderDao.queryTimeoutCloseOrderList
### The error occurred while executing a query
### Cause: org.springframework.jdbc.CannotGetJdbcConnectionException: Failed to obtain JDBC Connection; nested exception is java.sql.SQLNonTransientConnectionException: Could not create connection to database server. Attempted reconnect 3 times. Giving up.
	at org.apache.ibatis.exceptions.ExceptionFactory.wrapException(ExceptionFactory.java:30)
	at org.apache.ibatis.session.defaults.DefaultSqlSession.selectList(DefaultSqlSession.java:149)
	at org.apache.ibatis.session.defaults.DefaultSqlSession.selectList(DefaultSqlSession.java:140)
	at sun.reflect.NativeMethodAccessorImpl.invoke0(Native Method)
	at sun.reflect.NativeMethodAccessorImpl.invoke(NativeMethodAccessorImpl.java:62)
	at sun.reflect.DelegatingMethodAccessorImpl.invoke(DelegatingMethodAccessorImpl.java:43)
	at java.lang.reflect.Method.invoke(Method.java:498)
	at org.mybatis.spring.SqlSessionTemplate$SqlSessionInterceptor.invoke(SqlSessionTemplate.java:427)
	... 24 common frames omitted
Caused by: org.springframework.jdbc.CannotGetJdbcConnectionException: Failed to obtain JDBC Connection; nested exception is java.sql.SQLNonTransientConnectionException: Could not create connection to database server. Attempted reconnect 3 times. Giving up.
	at org.springframework.jdbc.datasource.DataSourceUtils.getConnection(DataSourceUtils.java:83)
	at org.mybatis.spring.transaction.SpringManagedTransaction.openConnection(SpringManagedTransaction.java:80)
	at org.mybatis.spring.transaction.SpringManagedTransaction.getConnection(SpringManagedTransaction.java:67)
	at org.apache.ibatis.executor.BaseExecutor.getConnection(BaseExecutor.java:337)
	at org.apache.ibatis.executor.SimpleExecutor.prepareStatement(SimpleExecutor.java:86)
	at org.apache.ibatis.executor.SimpleExecutor.doQuery(SimpleExecutor.java:62)
	at org.apache.ibatis.executor.BaseExecutor.queryFromDatabase(BaseExecutor.java:325)
	at org.apache.ibatis.executor.BaseExecutor.query(BaseExecutor.java:156)
	at org.apache.ibatis.executor.CachingExecutor.query(CachingExecutor.java:109)
	at org.apache.ibatis.executor.CachingExecutor.query(CachingExecutor.java:89)
	at org.apache.ibatis.session.defaults.DefaultSqlSession.selectList(DefaultSqlSession.java:147)
	... 30 common frames omitted
Caused by: java.sql.SQLNonTransientConnectionException: Could not create connection to database server. Attempted reconnect 3 times. Giving up.
	at com.mysql.cj.jdbc.exceptions.SQLError.createSQLException(SQLError.java:110)
	at com.mysql.cj.jdbc.exceptions.SQLError.createSQLException(SQLError.java:97)
	at com.mysql.cj.jdbc.exceptions.SQLError.createSQLException(SQLError.java:89)
	at com.mysql.cj.jdbc.exceptions.SQLError.createSQLException(SQLError.java:63)
	at com.mysql.cj.jdbc.exceptions.SQLError.createSQLException(SQLError.java:73)
	at com.mysql.cj.jdbc.ConnectionImpl.connectWithRetries(ConnectionImpl.java:903)
	at com.mysql.cj.jdbc.ConnectionImpl.createNewIO(ConnectionImpl.java:828)
	at com.mysql.cj.jdbc.ConnectionImpl.<init>(ConnectionImpl.java:453)
	at com.mysql.cj.jdbc.ConnectionImpl.getInstance(ConnectionImpl.java:246)
	at com.mysql.cj.jdbc.NonRegisteringDriver.connect(NonRegisteringDriver.java:198)
	at com.zaxxer.hikari.util.DriverDataSource.getConnection(DriverDataSource.java:138)
	at com.zaxxer.hikari.pool.PoolBase.newConnection(PoolBase.java:364)
	at com.zaxxer.hikari.pool.PoolBase.newPoolEntry(PoolBase.java:206)
	at com.zaxxer.hikari.pool.HikariPool.createPoolEntry(HikariPool.java:476)
	at com.zaxxer.hikari.pool.HikariPool.checkFailFast(HikariPool.java:561)
	at com.zaxxer.hikari.pool.HikariPool.<init>(HikariPool.java:115)
	at com.zaxxer.hikari.HikariDataSource.getConnection(HikariDataSource.java:112)
	at org.springframework.jdbc.datasource.DataSourceUtils.fetchConnection(DataSourceUtils.java:159)
	at org.springframework.jdbc.datasource.DataSourceUtils.doGetConnection(DataSourceUtils.java:117)
	at org.springframework.jdbc.datasource.DataSourceUtils.getConnection(DataSourceUtils.java:80)
	... 40 common frames omitted
Caused by: com.mysql.cj.exceptions.CJCommunicationsException: Communications link failure

The last packet sent successfully to the server was 0 milliseconds ago. The driver has not received any packets from the server.
	at sun.reflect.NativeConstructorAccessorImpl.newInstance0(Native Method)
	at sun.reflect.NativeConstructorAccessorImpl.newInstance(NativeConstructorAccessorImpl.java:62)
	at sun.reflect.DelegatingConstructorAccessorImpl.newInstance(DelegatingConstructorAccessorImpl.java:45)
	at java.lang.reflect.Constructor.newInstance(Constructor.java:423)
	at com.mysql.cj.exceptions.ExceptionFactory.createException(ExceptionFactory.java:61)
	at com.mysql.cj.exceptions.ExceptionFactory.createException(ExceptionFactory.java:105)
	at com.mysql.cj.exceptions.ExceptionFactory.createException(ExceptionFactory.java:151)
	at com.mysql.cj.exceptions.ExceptionFactory.createCommunicationsException(ExceptionFactory.java:167)
	at com.mysql.cj.protocol.a.NativeSocketConnection.connect(NativeSocketConnection.java:89)
	at com.mysql.cj.NativeSession.connect(NativeSession.java:144)
	at com.mysql.cj.jdbc.ConnectionImpl.connectWithRetries(ConnectionImpl.java:847)
	... 54 common frames omitted
Caused by: java.net.ConnectException: Connection refused: connect
	at java.net.DualStackPlainSocketImpl.waitForConnect(Native Method)
	at java.net.DualStackPlainSocketImpl.socketConnect(DualStackPlainSocketImpl.java:81)
	at java.net.AbstractPlainSocketImpl.doConnect(AbstractPlainSocketImpl.java:476)
	at java.net.AbstractPlainSocketImpl.connectToAddress(AbstractPlainSocketImpl.java:218)
	at java.net.AbstractPlainSocketImpl.connect(AbstractPlainSocketImpl.java:200)
	at java.net.PlainSocketImpl.connect(PlainSocketImpl.java:162)
	at java.net.SocksSocketImpl.connect(SocksSocketImpl.java:394)
	at java.net.Socket.connect(Socket.java:606)
	at com.mysql.cj.protocol.StandardSocketFactory.connect(StandardSocketFactory.java:155)
	at com.mysql.cj.protocol.a.NativeSocketConnection.connect(NativeSocketConnection.java:63)
	... 56 common frames omitted
25-02-07.17:10:51.342 [scheduling-1    ] INFO  NoPayNotifyOrderJob    - 任务；检测未接收到或未正确处理的支付回调通知
25-02-07.17:10:51.343 [scheduling-1    ] INFO  HikariDataSource       - HikariPool-1 - Starting...
25-02-07.17:11:11.483 [http-nio-8080-exec-1] INFO  LoginController        - 生成微信扫码登录 ticket:gQHY8DwAAAAAAAAAAS5odHRwOi8vd2VpeGluLnFxLmNvbS9xLzAya3FISjhxbzBmQUcxUXByZHhEMVEAAgQZzqVnAwQAjScA
25-02-07.17:11:22.447 [scheduling-1    ] ERROR HikariPool             - HikariPool-1 - Exception during pool initialization.
java.sql.SQLNonTransientConnectionException: Could not create connection to database server. Attempted reconnect 3 times. Giving up.
	at com.mysql.cj.jdbc.exceptions.SQLError.createSQLException(SQLError.java:110)
	at com.mysql.cj.jdbc.exceptions.SQLError.createSQLException(SQLError.java:97)
	at com.mysql.cj.jdbc.exceptions.SQLError.createSQLException(SQLError.java:89)
	at com.mysql.cj.jdbc.exceptions.SQLError.createSQLException(SQLError.java:63)
	at com.mysql.cj.jdbc.exceptions.SQLError.createSQLException(SQLError.java:73)
	at com.mysql.cj.jdbc.ConnectionImpl.connectWithRetries(ConnectionImpl.java:903)
	at com.mysql.cj.jdbc.ConnectionImpl.createNewIO(ConnectionImpl.java:828)
	at com.mysql.cj.jdbc.ConnectionImpl.<init>(ConnectionImpl.java:453)
	at com.mysql.cj.jdbc.ConnectionImpl.getInstance(ConnectionImpl.java:246)
	at com.mysql.cj.jdbc.NonRegisteringDriver.connect(NonRegisteringDriver.java:198)
	at com.zaxxer.hikari.util.DriverDataSource.getConnection(DriverDataSource.java:138)
	at com.zaxxer.hikari.pool.PoolBase.newConnection(PoolBase.java:364)
	at com.zaxxer.hikari.pool.PoolBase.newPoolEntry(PoolBase.java:206)
	at com.zaxxer.hikari.pool.HikariPool.createPoolEntry(HikariPool.java:476)
	at com.zaxxer.hikari.pool.HikariPool.checkFailFast(HikariPool.java:561)
	at com.zaxxer.hikari.pool.HikariPool.<init>(HikariPool.java:115)
	at com.zaxxer.hikari.HikariDataSource.getConnection(HikariDataSource.java:112)
	at org.springframework.jdbc.datasource.DataSourceUtils.fetchConnection(DataSourceUtils.java:159)
	at org.springframework.jdbc.datasource.DataSourceUtils.doGetConnection(DataSourceUtils.java:117)
	at org.springframework.jdbc.datasource.DataSourceUtils.getConnection(DataSourceUtils.java:80)
	at org.mybatis.spring.transaction.SpringManagedTransaction.openConnection(SpringManagedTransaction.java:80)
	at org.mybatis.spring.transaction.SpringManagedTransaction.getConnection(SpringManagedTransaction.java:67)
	at org.apache.ibatis.executor.BaseExecutor.getConnection(BaseExecutor.java:337)
	at org.apache.ibatis.executor.SimpleExecutor.prepareStatement(SimpleExecutor.java:86)
	at org.apache.ibatis.executor.SimpleExecutor.doQuery(SimpleExecutor.java:62)
	at org.apache.ibatis.executor.BaseExecutor.queryFromDatabase(BaseExecutor.java:325)
	at org.apache.ibatis.executor.BaseExecutor.query(BaseExecutor.java:156)
	at org.apache.ibatis.executor.CachingExecutor.query(CachingExecutor.java:109)
	at org.apache.ibatis.executor.CachingExecutor.query(CachingExecutor.java:89)
	at org.apache.ibatis.session.defaults.DefaultSqlSession.selectList(DefaultSqlSession.java:147)
	at org.apache.ibatis.session.defaults.DefaultSqlSession.selectList(DefaultSqlSession.java:140)
	at sun.reflect.NativeMethodAccessorImpl.invoke0(Native Method)
	at sun.reflect.NativeMethodAccessorImpl.invoke(NativeMethodAccessorImpl.java:62)
	at sun.reflect.DelegatingMethodAccessorImpl.invoke(DelegatingMethodAccessorImpl.java:43)
	at java.lang.reflect.Method.invoke(Method.java:498)
	at org.mybatis.spring.SqlSessionTemplate$SqlSessionInterceptor.invoke(SqlSessionTemplate.java:427)
	at com.sun.proxy.$Proxy69.selectList(Unknown Source)
	at org.mybatis.spring.SqlSessionTemplate.selectList(SqlSessionTemplate.java:224)
	at org.apache.ibatis.binding.MapperMethod.executeForMany(MapperMethod.java:147)
	at org.apache.ibatis.binding.MapperMethod.execute(MapperMethod.java:80)
	at org.apache.ibatis.binding.MapperProxy$PlainMethodInvoker.invoke(MapperProxy.java:152)
	at org.apache.ibatis.binding.MapperProxy.invoke(MapperProxy.java:85)
	at com.sun.proxy.$Proxy70.queryNoPayNotifyOrder(Unknown Source)
	at org.example.service.impl.OrderServiceImpl.queryNoPayNotifyOrder(OrderServiceImpl.java:107)
	at org.example.job.NoPayNotifyOrderJob.exec(NoPayNotifyOrderJob.java:29)
	at sun.reflect.NativeMethodAccessorImpl.invoke0(Native Method)
	at sun.reflect.NativeMethodAccessorImpl.invoke(NativeMethodAccessorImpl.java:62)
	at sun.reflect.DelegatingMethodAccessorImpl.invoke(DelegatingMethodAccessorImpl.java:43)
	at java.lang.reflect.Method.invoke(Method.java:498)
	at org.springframework.scheduling.support.ScheduledMethodRunnable.run(ScheduledMethodRunnable.java:84)
	at org.springframework.scheduling.support.DelegatingErrorHandlingRunnable.run(DelegatingErrorHandlingRunnable.java:54)
	at org.springframework.scheduling.concurrent.ReschedulingRunnable.run(ReschedulingRunnable.java:95)
	at java.util.concurrent.Executors$RunnableAdapter.call(Executors.java:511)
	at java.util.concurrent.FutureTask.run$$$capture(FutureTask.java:266)
	at java.util.concurrent.FutureTask.run(FutureTask.java)
	at java.util.concurrent.ScheduledThreadPoolExecutor$ScheduledFutureTask.access$201(ScheduledThreadPoolExecutor.java:180)
	at java.util.concurrent.ScheduledThreadPoolExecutor$ScheduledFutureTask.run(ScheduledThreadPoolExecutor.java:293)
	at java.util.concurrent.ThreadPoolExecutor.runWorker(ThreadPoolExecutor.java:1149)
	at java.util.concurrent.ThreadPoolExecutor$Worker.run(ThreadPoolExecutor.java:624)
	at java.lang.Thread.run(Thread.java:750)
Caused by: com.mysql.cj.exceptions.CJCommunicationsException: Communications link failure

The last packet sent successfully to the server was 0 milliseconds ago. The driver has not received any packets from the server.
	at sun.reflect.NativeConstructorAccessorImpl.newInstance0(Native Method)
	at sun.reflect.NativeConstructorAccessorImpl.newInstance(NativeConstructorAccessorImpl.java:62)
	at sun.reflect.DelegatingConstructorAccessorImpl.newInstance(DelegatingConstructorAccessorImpl.java:45)
	at java.lang.reflect.Constructor.newInstance(Constructor.java:423)
	at com.mysql.cj.exceptions.ExceptionFactory.createException(ExceptionFactory.java:61)
	at com.mysql.cj.exceptions.ExceptionFactory.createException(ExceptionFactory.java:105)
	at com.mysql.cj.exceptions.ExceptionFactory.createException(ExceptionFactory.java:151)
	at com.mysql.cj.exceptions.ExceptionFactory.createCommunicationsException(ExceptionFactory.java:167)
	at com.mysql.cj.protocol.a.NativeSocketConnection.connect(NativeSocketConnection.java:89)
	at com.mysql.cj.NativeSession.connect(NativeSession.java:144)
	at com.mysql.cj.jdbc.ConnectionImpl.connectWithRetries(ConnectionImpl.java:847)
	... 54 common frames omitted
Caused by: java.net.ConnectException: Connection refused: connect
	at java.net.DualStackPlainSocketImpl.waitForConnect(Native Method)
	at java.net.DualStackPlainSocketImpl.socketConnect(DualStackPlainSocketImpl.java:81)
	at java.net.AbstractPlainSocketImpl.doConnect(AbstractPlainSocketImpl.java:476)
	at java.net.AbstractPlainSocketImpl.connectToAddress(AbstractPlainSocketImpl.java:218)
	at java.net.AbstractPlainSocketImpl.connect(AbstractPlainSocketImpl.java:200)
	at java.net.PlainSocketImpl.connect(PlainSocketImpl.java:162)
	at java.net.SocksSocketImpl.connect(SocksSocketImpl.java:394)
	at java.net.Socket.connect(Socket.java:606)
	at com.mysql.cj.protocol.StandardSocketFactory.connect(StandardSocketFactory.java:155)
	at com.mysql.cj.protocol.a.NativeSocketConnection.connect(NativeSocketConnection.java:63)
	... 56 common frames omitted
25-02-07.17:11:22.449 [scheduling-1    ] ERROR NoPayNotifyOrderJob    - 检测未接收到或未正确处理的支付回调通知失败
org.mybatis.spring.MyBatisSystemException: nested exception is org.apache.ibatis.exceptions.PersistenceException: 
### Error querying database.  Cause: org.springframework.jdbc.CannotGetJdbcConnectionException: Failed to obtain JDBC Connection; nested exception is java.sql.SQLNonTransientConnectionException: Could not create connection to database server. Attempted reconnect 3 times. Giving up.
### The error may exist in file [D:\Workspace\s-pay-mall-qiusu\s-pay-mall-controller\target\classes\mybatis\mapper\pay_order_mapper.xml]
### The error may involve org.example.dao.IOrderDao.queryNoPayNotifyOrder
### The error occurred while executing a query
### Cause: org.springframework.jdbc.CannotGetJdbcConnectionException: Failed to obtain JDBC Connection; nested exception is java.sql.SQLNonTransientConnectionException: Could not create connection to database server. Attempted reconnect 3 times. Giving up.
	at org.mybatis.spring.MyBatisExceptionTranslator.translateExceptionIfPossible(MyBatisExceptionTranslator.java:96)
	at org.mybatis.spring.SqlSessionTemplate$SqlSessionInterceptor.invoke(SqlSessionTemplate.java:441)
	at com.sun.proxy.$Proxy69.selectList(Unknown Source)
	at org.mybatis.spring.SqlSessionTemplate.selectList(SqlSessionTemplate.java:224)
	at org.apache.ibatis.binding.MapperMethod.executeForMany(MapperMethod.java:147)
	at org.apache.ibatis.binding.MapperMethod.execute(MapperMethod.java:80)
	at org.apache.ibatis.binding.MapperProxy$PlainMethodInvoker.invoke(MapperProxy.java:152)
	at org.apache.ibatis.binding.MapperProxy.invoke(MapperProxy.java:85)
	at com.sun.proxy.$Proxy70.queryNoPayNotifyOrder(Unknown Source)
	at org.example.service.impl.OrderServiceImpl.queryNoPayNotifyOrder(OrderServiceImpl.java:107)
	at org.example.job.NoPayNotifyOrderJob.exec(NoPayNotifyOrderJob.java:29)
	at sun.reflect.NativeMethodAccessorImpl.invoke0(Native Method)
	at sun.reflect.NativeMethodAccessorImpl.invoke(NativeMethodAccessorImpl.java:62)
	at sun.reflect.DelegatingMethodAccessorImpl.invoke(DelegatingMethodAccessorImpl.java:43)
	at java.lang.reflect.Method.invoke(Method.java:498)
	at org.springframework.scheduling.support.ScheduledMethodRunnable.run(ScheduledMethodRunnable.java:84)
	at org.springframework.scheduling.support.DelegatingErrorHandlingRunnable.run(DelegatingErrorHandlingRunnable.java:54)
	at org.springframework.scheduling.concurrent.ReschedulingRunnable.run(ReschedulingRunnable.java:95)
	at java.util.concurrent.Executors$RunnableAdapter.call(Executors.java:511)
	at java.util.concurrent.FutureTask.run$$$capture(FutureTask.java:266)
	at java.util.concurrent.FutureTask.run(FutureTask.java)
	at java.util.concurrent.ScheduledThreadPoolExecutor$ScheduledFutureTask.access$201(ScheduledThreadPoolExecutor.java:180)
	at java.util.concurrent.ScheduledThreadPoolExecutor$ScheduledFutureTask.run(ScheduledThreadPoolExecutor.java:293)
	at java.util.concurrent.ThreadPoolExecutor.runWorker(ThreadPoolExecutor.java:1149)
	at java.util.concurrent.ThreadPoolExecutor$Worker.run(ThreadPoolExecutor.java:624)
	at java.lang.Thread.run(Thread.java:750)
Caused by: org.apache.ibatis.exceptions.PersistenceException: 
### Error querying database.  Cause: org.springframework.jdbc.CannotGetJdbcConnectionException: Failed to obtain JDBC Connection; nested exception is java.sql.SQLNonTransientConnectionException: Could not create connection to database server. Attempted reconnect 3 times. Giving up.
### The error may exist in file [D:\Workspace\s-pay-mall-qiusu\s-pay-mall-controller\target\classes\mybatis\mapper\pay_order_mapper.xml]
### The error may involve org.example.dao.IOrderDao.queryNoPayNotifyOrder
### The error occurred while executing a query
### Cause: org.springframework.jdbc.CannotGetJdbcConnectionException: Failed to obtain JDBC Connection; nested exception is java.sql.SQLNonTransientConnectionException: Could not create connection to database server. Attempted reconnect 3 times. Giving up.
	at org.apache.ibatis.exceptions.ExceptionFactory.wrapException(ExceptionFactory.java:30)
	at org.apache.ibatis.session.defaults.DefaultSqlSession.selectList(DefaultSqlSession.java:149)
	at org.apache.ibatis.session.defaults.DefaultSqlSession.selectList(DefaultSqlSession.java:140)
	at sun.reflect.NativeMethodAccessorImpl.invoke0(Native Method)
	at sun.reflect.NativeMethodAccessorImpl.invoke(NativeMethodAccessorImpl.java:62)
	at sun.reflect.DelegatingMethodAccessorImpl.invoke(DelegatingMethodAccessorImpl.java:43)
	at java.lang.reflect.Method.invoke(Method.java:498)
	at org.mybatis.spring.SqlSessionTemplate$SqlSessionInterceptor.invoke(SqlSessionTemplate.java:427)
	... 24 common frames omitted
Caused by: org.springframework.jdbc.CannotGetJdbcConnectionException: Failed to obtain JDBC Connection; nested exception is java.sql.SQLNonTransientConnectionException: Could not create connection to database server. Attempted reconnect 3 times. Giving up.
	at org.springframework.jdbc.datasource.DataSourceUtils.getConnection(DataSourceUtils.java:83)
	at org.mybatis.spring.transaction.SpringManagedTransaction.openConnection(SpringManagedTransaction.java:80)
	at org.mybatis.spring.transaction.SpringManagedTransaction.getConnection(SpringManagedTransaction.java:67)
	at org.apache.ibatis.executor.BaseExecutor.getConnection(BaseExecutor.java:337)
	at org.apache.ibatis.executor.SimpleExecutor.prepareStatement(SimpleExecutor.java:86)
	at org.apache.ibatis.executor.SimpleExecutor.doQuery(SimpleExecutor.java:62)
	at org.apache.ibatis.executor.BaseExecutor.queryFromDatabase(BaseExecutor.java:325)
	at org.apache.ibatis.executor.BaseExecutor.query(BaseExecutor.java:156)
	at org.apache.ibatis.executor.CachingExecutor.query(CachingExecutor.java:109)
	at org.apache.ibatis.executor.CachingExecutor.query(CachingExecutor.java:89)
	at org.apache.ibatis.session.defaults.DefaultSqlSession.selectList(DefaultSqlSession.java:147)
	... 30 common frames omitted
Caused by: java.sql.SQLNonTransientConnectionException: Could not create connection to database server. Attempted reconnect 3 times. Giving up.
	at com.mysql.cj.jdbc.exceptions.SQLError.createSQLException(SQLError.java:110)
	at com.mysql.cj.jdbc.exceptions.SQLError.createSQLException(SQLError.java:97)
	at com.mysql.cj.jdbc.exceptions.SQLError.createSQLException(SQLError.java:89)
	at com.mysql.cj.jdbc.exceptions.SQLError.createSQLException(SQLError.java:63)
	at com.mysql.cj.jdbc.exceptions.SQLError.createSQLException(SQLError.java:73)
	at com.mysql.cj.jdbc.ConnectionImpl.connectWithRetries(ConnectionImpl.java:903)
	at com.mysql.cj.jdbc.ConnectionImpl.createNewIO(ConnectionImpl.java:828)
	at com.mysql.cj.jdbc.ConnectionImpl.<init>(ConnectionImpl.java:453)
	at com.mysql.cj.jdbc.ConnectionImpl.getInstance(ConnectionImpl.java:246)
	at com.mysql.cj.jdbc.NonRegisteringDriver.connect(NonRegisteringDriver.java:198)
	at com.zaxxer.hikari.util.DriverDataSource.getConnection(DriverDataSource.java:138)
	at com.zaxxer.hikari.pool.PoolBase.newConnection(PoolBase.java:364)
	at com.zaxxer.hikari.pool.PoolBase.newPoolEntry(PoolBase.java:206)
	at com.zaxxer.hikari.pool.HikariPool.createPoolEntry(HikariPool.java:476)
	at com.zaxxer.hikari.pool.HikariPool.checkFailFast(HikariPool.java:561)
	at com.zaxxer.hikari.pool.HikariPool.<init>(HikariPool.java:115)
	at com.zaxxer.hikari.HikariDataSource.getConnection(HikariDataSource.java:112)
	at org.springframework.jdbc.datasource.DataSourceUtils.fetchConnection(DataSourceUtils.java:159)
	at org.springframework.jdbc.datasource.DataSourceUtils.doGetConnection(DataSourceUtils.java:117)
	at org.springframework.jdbc.datasource.DataSourceUtils.getConnection(DataSourceUtils.java:80)
	... 40 common frames omitted
Caused by: com.mysql.cj.exceptions.CJCommunicationsException: Communications link failure

The last packet sent successfully to the server was 0 milliseconds ago. The driver has not received any packets from the server.
	at sun.reflect.NativeConstructorAccessorImpl.newInstance0(Native Method)
	at sun.reflect.NativeConstructorAccessorImpl.newInstance(NativeConstructorAccessorImpl.java:62)
	at sun.reflect.DelegatingConstructorAccessorImpl.newInstance(DelegatingConstructorAccessorImpl.java:45)
	at java.lang.reflect.Constructor.newInstance(Constructor.java:423)
	at com.mysql.cj.exceptions.ExceptionFactory.createException(ExceptionFactory.java:61)
	at com.mysql.cj.exceptions.ExceptionFactory.createException(ExceptionFactory.java:105)
	at com.mysql.cj.exceptions.ExceptionFactory.createException(ExceptionFactory.java:151)
	at com.mysql.cj.exceptions.ExceptionFactory.createCommunicationsException(ExceptionFactory.java:167)
	at com.mysql.cj.protocol.a.NativeSocketConnection.connect(NativeSocketConnection.java:89)
	at com.mysql.cj.NativeSession.connect(NativeSession.java:144)
	at com.mysql.cj.jdbc.ConnectionImpl.connectWithRetries(ConnectionImpl.java:847)
	... 54 common frames omitted
Caused by: java.net.ConnectException: Connection refused: connect
	at java.net.DualStackPlainSocketImpl.waitForConnect(Native Method)
	at java.net.DualStackPlainSocketImpl.socketConnect(DualStackPlainSocketImpl.java:81)
	at java.net.AbstractPlainSocketImpl.doConnect(AbstractPlainSocketImpl.java:476)
	at java.net.AbstractPlainSocketImpl.connectToAddress(AbstractPlainSocketImpl.java:218)
	at java.net.AbstractPlainSocketImpl.connect(AbstractPlainSocketImpl.java:200)
	at java.net.PlainSocketImpl.connect(PlainSocketImpl.java:162)
	at java.net.SocksSocketImpl.connect(SocksSocketImpl.java:394)
	at java.net.Socket.connect(Socket.java:606)
	at com.mysql.cj.protocol.StandardSocketFactory.connect(StandardSocketFactory.java:155)
	at com.mysql.cj.protocol.a.NativeSocketConnection.connect(NativeSocketConnection.java:63)
	... 56 common frames omitted
25-02-07.17:16:33.254 [main            ] INFO  Application            - Starting Application using Java 1.8.0_431 on DESKTOP-CBM2HV2 with PID 16676 (D:\Workspace\s-pay-mall-qiusu\s-pay-mall-controller\target\classes started by zqiusu in D:\Workspace\s-pay-mall-qiusu)
25-02-07.17:16:33.257 [main            ] INFO  Application            - The following 1 profile is active: "dev"
25-02-07.17:16:39.517 [main            ] INFO  TomcatWebServer        - Tomcat initialized with port(s): 8080 (http)
25-02-07.17:16:39.557 [main            ] INFO  Http11NioProtocol      - Initializing ProtocolHandler ["http-nio-8080"]
25-02-07.17:16:39.558 [main            ] INFO  StandardService        - Starting service [Tomcat]
25-02-07.17:16:39.558 [main            ] INFO  StandardEngine         - Starting Servlet engine: [Apache Tomcat/9.0.75]
25-02-07.17:16:40.850 [main            ] INFO  [/]                    - Initializing Spring embedded WebApplicationContext
25-02-07.17:16:40.850 [main            ] INFO  ServletWebServerApplicationContext - Root WebApplicationContext: initialization completed in 7517 ms
25-02-07.17:16:50.579 [main            ] INFO  Http11NioProtocol      - Starting ProtocolHandler ["http-nio-8080"]
25-02-07.17:16:50.637 [main            ] INFO  TomcatWebServer        - Tomcat started on port(s): 8080 (http) with context path ''
25-02-07.17:16:50.744 [main            ] INFO  Application            - Started Application in 18.37 seconds (JVM running for 19.137)
25-02-07.17:16:53.902 [http-nio-8080-exec-1] INFO  [/]                    - Initializing Spring DispatcherServlet 'dispatcherServlet'
25-02-07.17:16:53.903 [http-nio-8080-exec-1] INFO  DispatcherServlet      - Initializing Servlet 'dispatcherServlet'
25-02-07.17:16:53.921 [http-nio-8080-exec-1] INFO  DispatcherServlet      - Completed initialization in 18 ms
25-02-07.17:17:02.759 [scheduling-1    ] INFO  NoPayNotifyOrderJob    - 任务；检测未接收到或未正确处理的支付回调通知
25-02-07.17:17:02.830 [scheduling-1    ] INFO  HikariDataSource       - HikariPool-1 - Starting...
25-02-07.17:17:42.297 [http-nio-8080-exec-1] INFO  LoginController        - 生成微信扫码登录 ticket:gQHH8TwAAAAAAAAAAS5odHRwOi8vd2VpeGluLnFxLmNvbS9xLzAyTmFIRThDbzBmQUcxU0pzZHhEMVAAAgStz6VnAwQAjScA
25-02-07.17:17:51.085 [scheduling-1    ] ERROR HikariPool             - HikariPool-1 - Exception during pool initialization.
java.sql.SQLNonTransientConnectionException: Could not create connection to database server. Attempted reconnect 3 times. Giving up.
	at com.mysql.cj.jdbc.exceptions.SQLError.createSQLException(SQLError.java:110)
	at com.mysql.cj.jdbc.exceptions.SQLError.createSQLException(SQLError.java:97)
	at com.mysql.cj.jdbc.exceptions.SQLError.createSQLException(SQLError.java:89)
	at com.mysql.cj.jdbc.exceptions.SQLError.createSQLException(SQLError.java:63)
	at com.mysql.cj.jdbc.exceptions.SQLError.createSQLException(SQLError.java:73)
	at com.mysql.cj.jdbc.ConnectionImpl.connectWithRetries(ConnectionImpl.java:903)
	at com.mysql.cj.jdbc.ConnectionImpl.createNewIO(ConnectionImpl.java:828)
	at com.mysql.cj.jdbc.ConnectionImpl.<init>(ConnectionImpl.java:453)
	at com.mysql.cj.jdbc.ConnectionImpl.getInstance(ConnectionImpl.java:246)
	at com.mysql.cj.jdbc.NonRegisteringDriver.connect(NonRegisteringDriver.java:198)
	at com.zaxxer.hikari.util.DriverDataSource.getConnection(DriverDataSource.java:138)
	at com.zaxxer.hikari.pool.PoolBase.newConnection(PoolBase.java:364)
	at com.zaxxer.hikari.pool.PoolBase.newPoolEntry(PoolBase.java:206)
	at com.zaxxer.hikari.pool.HikariPool.createPoolEntry(HikariPool.java:476)
	at com.zaxxer.hikari.pool.HikariPool.checkFailFast(HikariPool.java:561)
	at com.zaxxer.hikari.pool.HikariPool.<init>(HikariPool.java:115)
	at com.zaxxer.hikari.HikariDataSource.getConnection(HikariDataSource.java:112)
	at org.springframework.jdbc.datasource.DataSourceUtils.fetchConnection(DataSourceUtils.java:159)
	at org.springframework.jdbc.datasource.DataSourceUtils.doGetConnection(DataSourceUtils.java:117)
	at org.springframework.jdbc.datasource.DataSourceUtils.getConnection(DataSourceUtils.java:80)
	at org.mybatis.spring.transaction.SpringManagedTransaction.openConnection(SpringManagedTransaction.java:80)
	at org.mybatis.spring.transaction.SpringManagedTransaction.getConnection(SpringManagedTransaction.java:67)
	at org.apache.ibatis.executor.BaseExecutor.getConnection(BaseExecutor.java:337)
	at org.apache.ibatis.executor.SimpleExecutor.prepareStatement(SimpleExecutor.java:86)
	at org.apache.ibatis.executor.SimpleExecutor.doQuery(SimpleExecutor.java:62)
	at org.apache.ibatis.executor.BaseExecutor.queryFromDatabase(BaseExecutor.java:325)
	at org.apache.ibatis.executor.BaseExecutor.query(BaseExecutor.java:156)
	at org.apache.ibatis.executor.CachingExecutor.query(CachingExecutor.java:109)
	at org.apache.ibatis.executor.CachingExecutor.query(CachingExecutor.java:89)
	at org.apache.ibatis.session.defaults.DefaultSqlSession.selectList(DefaultSqlSession.java:147)
	at org.apache.ibatis.session.defaults.DefaultSqlSession.selectList(DefaultSqlSession.java:140)
	at sun.reflect.NativeMethodAccessorImpl.invoke0(Native Method)
	at sun.reflect.NativeMethodAccessorImpl.invoke(NativeMethodAccessorImpl.java:62)
	at sun.reflect.DelegatingMethodAccessorImpl.invoke(DelegatingMethodAccessorImpl.java:43)
	at java.lang.reflect.Method.invoke(Method.java:498)
	at org.mybatis.spring.SqlSessionTemplate$SqlSessionInterceptor.invoke(SqlSessionTemplate.java:427)
	at com.sun.proxy.$Proxy69.selectList(Unknown Source)
	at org.mybatis.spring.SqlSessionTemplate.selectList(SqlSessionTemplate.java:224)
	at org.apache.ibatis.binding.MapperMethod.executeForMany(MapperMethod.java:147)
	at org.apache.ibatis.binding.MapperMethod.execute(MapperMethod.java:80)
	at org.apache.ibatis.binding.MapperProxy$PlainMethodInvoker.invoke(MapperProxy.java:152)
	at org.apache.ibatis.binding.MapperProxy.invoke(MapperProxy.java:85)
	at com.sun.proxy.$Proxy70.queryNoPayNotifyOrder(Unknown Source)
	at org.example.service.impl.OrderServiceImpl.queryNoPayNotifyOrder(OrderServiceImpl.java:107)
	at org.example.job.NoPayNotifyOrderJob.exec(NoPayNotifyOrderJob.java:29)
	at sun.reflect.NativeMethodAccessorImpl.invoke0(Native Method)
	at sun.reflect.NativeMethodAccessorImpl.invoke(NativeMethodAccessorImpl.java:62)
	at sun.reflect.DelegatingMethodAccessorImpl.invoke(DelegatingMethodAccessorImpl.java:43)
	at java.lang.reflect.Method.invoke(Method.java:498)
	at org.springframework.scheduling.support.ScheduledMethodRunnable.run(ScheduledMethodRunnable.java:84)
	at org.springframework.scheduling.support.DelegatingErrorHandlingRunnable.run(DelegatingErrorHandlingRunnable.java:54)
	at org.springframework.scheduling.concurrent.ReschedulingRunnable.run(ReschedulingRunnable.java:95)
	at java.util.concurrent.Executors$RunnableAdapter.call(Executors.java:511)
	at java.util.concurrent.FutureTask.run$$$capture(FutureTask.java:266)
	at java.util.concurrent.FutureTask.run(FutureTask.java)
	at java.util.concurrent.ScheduledThreadPoolExecutor$ScheduledFutureTask.access$201(ScheduledThreadPoolExecutor.java:180)
	at java.util.concurrent.ScheduledThreadPoolExecutor$ScheduledFutureTask.run(ScheduledThreadPoolExecutor.java:293)
	at java.util.concurrent.ThreadPoolExecutor.runWorker(ThreadPoolExecutor.java:1149)
	at java.util.concurrent.ThreadPoolExecutor$Worker.run(ThreadPoolExecutor.java:624)
	at java.lang.Thread.run(Thread.java:750)
Caused by: com.mysql.cj.exceptions.CJCommunicationsException: Communications link failure

The last packet sent successfully to the server was 0 milliseconds ago. The driver has not received any packets from the server.
	at sun.reflect.NativeConstructorAccessorImpl.newInstance0(Native Method)
	at sun.reflect.NativeConstructorAccessorImpl.newInstance(NativeConstructorAccessorImpl.java:62)
	at sun.reflect.DelegatingConstructorAccessorImpl.newInstance(DelegatingConstructorAccessorImpl.java:45)
	at java.lang.reflect.Constructor.newInstance(Constructor.java:423)
	at com.mysql.cj.exceptions.ExceptionFactory.createException(ExceptionFactory.java:61)
	at com.mysql.cj.exceptions.ExceptionFactory.createException(ExceptionFactory.java:105)
	at com.mysql.cj.exceptions.ExceptionFactory.createException(ExceptionFactory.java:151)
	at com.mysql.cj.exceptions.ExceptionFactory.createCommunicationsException(ExceptionFactory.java:167)
	at com.mysql.cj.protocol.a.NativeSocketConnection.connect(NativeSocketConnection.java:89)
	at com.mysql.cj.NativeSession.connect(NativeSession.java:144)
	at com.mysql.cj.jdbc.ConnectionImpl.connectWithRetries(ConnectionImpl.java:847)
	... 54 common frames omitted
Caused by: java.net.ConnectException: Connection refused: connect
	at java.net.DualStackPlainSocketImpl.waitForConnect(Native Method)
	at java.net.DualStackPlainSocketImpl.socketConnect(DualStackPlainSocketImpl.java:81)
	at java.net.AbstractPlainSocketImpl.doConnect(AbstractPlainSocketImpl.java:476)
	at java.net.AbstractPlainSocketImpl.connectToAddress(AbstractPlainSocketImpl.java:218)
	at java.net.AbstractPlainSocketImpl.connect(AbstractPlainSocketImpl.java:200)
	at java.net.PlainSocketImpl.connect(PlainSocketImpl.java:162)
	at java.net.SocksSocketImpl.connect(SocksSocketImpl.java:394)
	at java.net.Socket.connect(Socket.java:606)
	at com.mysql.cj.protocol.StandardSocketFactory.connect(StandardSocketFactory.java:155)
	at com.mysql.cj.protocol.a.NativeSocketConnection.connect(NativeSocketConnection.java:63)
	... 56 common frames omitted
25-02-07.17:17:51.096 [scheduling-1    ] ERROR NoPayNotifyOrderJob    - 检测未接收到或未正确处理的支付回调通知失败
org.mybatis.spring.MyBatisSystemException: nested exception is org.apache.ibatis.exceptions.PersistenceException: 
### Error querying database.  Cause: org.springframework.jdbc.CannotGetJdbcConnectionException: Failed to obtain JDBC Connection; nested exception is java.sql.SQLNonTransientConnectionException: Could not create connection to database server. Attempted reconnect 3 times. Giving up.
### The error may exist in file [D:\Workspace\s-pay-mall-qiusu\s-pay-mall-controller\target\classes\mybatis\mapper\pay_order_mapper.xml]
### The error may involve org.example.dao.IOrderDao.queryNoPayNotifyOrder
### The error occurred while executing a query
### Cause: org.springframework.jdbc.CannotGetJdbcConnectionException: Failed to obtain JDBC Connection; nested exception is java.sql.SQLNonTransientConnectionException: Could not create connection to database server. Attempted reconnect 3 times. Giving up.
	at org.mybatis.spring.MyBatisExceptionTranslator.translateExceptionIfPossible(MyBatisExceptionTranslator.java:96)
	at org.mybatis.spring.SqlSessionTemplate$SqlSessionInterceptor.invoke(SqlSessionTemplate.java:441)
	at com.sun.proxy.$Proxy69.selectList(Unknown Source)
	at org.mybatis.spring.SqlSessionTemplate.selectList(SqlSessionTemplate.java:224)
	at org.apache.ibatis.binding.MapperMethod.executeForMany(MapperMethod.java:147)
	at org.apache.ibatis.binding.MapperMethod.execute(MapperMethod.java:80)
	at org.apache.ibatis.binding.MapperProxy$PlainMethodInvoker.invoke(MapperProxy.java:152)
	at org.apache.ibatis.binding.MapperProxy.invoke(MapperProxy.java:85)
	at com.sun.proxy.$Proxy70.queryNoPayNotifyOrder(Unknown Source)
	at org.example.service.impl.OrderServiceImpl.queryNoPayNotifyOrder(OrderServiceImpl.java:107)
	at org.example.job.NoPayNotifyOrderJob.exec(NoPayNotifyOrderJob.java:29)
	at sun.reflect.NativeMethodAccessorImpl.invoke0(Native Method)
	at sun.reflect.NativeMethodAccessorImpl.invoke(NativeMethodAccessorImpl.java:62)
	at sun.reflect.DelegatingMethodAccessorImpl.invoke(DelegatingMethodAccessorImpl.java:43)
	at java.lang.reflect.Method.invoke(Method.java:498)
	at org.springframework.scheduling.support.ScheduledMethodRunnable.run(ScheduledMethodRunnable.java:84)
	at org.springframework.scheduling.support.DelegatingErrorHandlingRunnable.run(DelegatingErrorHandlingRunnable.java:54)
	at org.springframework.scheduling.concurrent.ReschedulingRunnable.run(ReschedulingRunnable.java:95)
	at java.util.concurrent.Executors$RunnableAdapter.call(Executors.java:511)
	at java.util.concurrent.FutureTask.run$$$capture(FutureTask.java:266)
	at java.util.concurrent.FutureTask.run(FutureTask.java)
	at java.util.concurrent.ScheduledThreadPoolExecutor$ScheduledFutureTask.access$201(ScheduledThreadPoolExecutor.java:180)
	at java.util.concurrent.ScheduledThreadPoolExecutor$ScheduledFutureTask.run(ScheduledThreadPoolExecutor.java:293)
	at java.util.concurrent.ThreadPoolExecutor.runWorker(ThreadPoolExecutor.java:1149)
	at java.util.concurrent.ThreadPoolExecutor$Worker.run(ThreadPoolExecutor.java:624)
	at java.lang.Thread.run(Thread.java:750)
Caused by: org.apache.ibatis.exceptions.PersistenceException: 
### Error querying database.  Cause: org.springframework.jdbc.CannotGetJdbcConnectionException: Failed to obtain JDBC Connection; nested exception is java.sql.SQLNonTransientConnectionException: Could not create connection to database server. Attempted reconnect 3 times. Giving up.
### The error may exist in file [D:\Workspace\s-pay-mall-qiusu\s-pay-mall-controller\target\classes\mybatis\mapper\pay_order_mapper.xml]
### The error may involve org.example.dao.IOrderDao.queryNoPayNotifyOrder
### The error occurred while executing a query
### Cause: org.springframework.jdbc.CannotGetJdbcConnectionException: Failed to obtain JDBC Connection; nested exception is java.sql.SQLNonTransientConnectionException: Could not create connection to database server. Attempted reconnect 3 times. Giving up.
	at org.apache.ibatis.exceptions.ExceptionFactory.wrapException(ExceptionFactory.java:30)
	at org.apache.ibatis.session.defaults.DefaultSqlSession.selectList(DefaultSqlSession.java:149)
	at org.apache.ibatis.session.defaults.DefaultSqlSession.selectList(DefaultSqlSession.java:140)
	at sun.reflect.NativeMethodAccessorImpl.invoke0(Native Method)
	at sun.reflect.NativeMethodAccessorImpl.invoke(NativeMethodAccessorImpl.java:62)
	at sun.reflect.DelegatingMethodAccessorImpl.invoke(DelegatingMethodAccessorImpl.java:43)
	at java.lang.reflect.Method.invoke(Method.java:498)
	at org.mybatis.spring.SqlSessionTemplate$SqlSessionInterceptor.invoke(SqlSessionTemplate.java:427)
	... 24 common frames omitted
Caused by: org.springframework.jdbc.CannotGetJdbcConnectionException: Failed to obtain JDBC Connection; nested exception is java.sql.SQLNonTransientConnectionException: Could not create connection to database server. Attempted reconnect 3 times. Giving up.
	at org.springframework.jdbc.datasource.DataSourceUtils.getConnection(DataSourceUtils.java:83)
	at org.mybatis.spring.transaction.SpringManagedTransaction.openConnection(SpringManagedTransaction.java:80)
	at org.mybatis.spring.transaction.SpringManagedTransaction.getConnection(SpringManagedTransaction.java:67)
	at org.apache.ibatis.executor.BaseExecutor.getConnection(BaseExecutor.java:337)
	at org.apache.ibatis.executor.SimpleExecutor.prepareStatement(SimpleExecutor.java:86)
	at org.apache.ibatis.executor.SimpleExecutor.doQuery(SimpleExecutor.java:62)
	at org.apache.ibatis.executor.BaseExecutor.queryFromDatabase(BaseExecutor.java:325)
	at org.apache.ibatis.executor.BaseExecutor.query(BaseExecutor.java:156)
	at org.apache.ibatis.executor.CachingExecutor.query(CachingExecutor.java:109)
	at org.apache.ibatis.executor.CachingExecutor.query(CachingExecutor.java:89)
	at org.apache.ibatis.session.defaults.DefaultSqlSession.selectList(DefaultSqlSession.java:147)
	... 30 common frames omitted
Caused by: java.sql.SQLNonTransientConnectionException: Could not create connection to database server. Attempted reconnect 3 times. Giving up.
	at com.mysql.cj.jdbc.exceptions.SQLError.createSQLException(SQLError.java:110)
	at com.mysql.cj.jdbc.exceptions.SQLError.createSQLException(SQLError.java:97)
	at com.mysql.cj.jdbc.exceptions.SQLError.createSQLException(SQLError.java:89)
	at com.mysql.cj.jdbc.exceptions.SQLError.createSQLException(SQLError.java:63)
	at com.mysql.cj.jdbc.exceptions.SQLError.createSQLException(SQLError.java:73)
	at com.mysql.cj.jdbc.ConnectionImpl.connectWithRetries(ConnectionImpl.java:903)
	at com.mysql.cj.jdbc.ConnectionImpl.createNewIO(ConnectionImpl.java:828)
	at com.mysql.cj.jdbc.ConnectionImpl.<init>(ConnectionImpl.java:453)
	at com.mysql.cj.jdbc.ConnectionImpl.getInstance(ConnectionImpl.java:246)
	at com.mysql.cj.jdbc.NonRegisteringDriver.connect(NonRegisteringDriver.java:198)
	at com.zaxxer.hikari.util.DriverDataSource.getConnection(DriverDataSource.java:138)
	at com.zaxxer.hikari.pool.PoolBase.newConnection(PoolBase.java:364)
	at com.zaxxer.hikari.pool.PoolBase.newPoolEntry(PoolBase.java:206)
	at com.zaxxer.hikari.pool.HikariPool.createPoolEntry(HikariPool.java:476)
	at com.zaxxer.hikari.pool.HikariPool.checkFailFast(HikariPool.java:561)
	at com.zaxxer.hikari.pool.HikariPool.<init>(HikariPool.java:115)
	at com.zaxxer.hikari.HikariDataSource.getConnection(HikariDataSource.java:112)
	at org.springframework.jdbc.datasource.DataSourceUtils.fetchConnection(DataSourceUtils.java:159)
	at org.springframework.jdbc.datasource.DataSourceUtils.doGetConnection(DataSourceUtils.java:117)
	at org.springframework.jdbc.datasource.DataSourceUtils.getConnection(DataSourceUtils.java:80)
	... 40 common frames omitted
Caused by: com.mysql.cj.exceptions.CJCommunicationsException: Communications link failure

The last packet sent successfully to the server was 0 milliseconds ago. The driver has not received any packets from the server.
	at sun.reflect.NativeConstructorAccessorImpl.newInstance0(Native Method)
	at sun.reflect.NativeConstructorAccessorImpl.newInstance(NativeConstructorAccessorImpl.java:62)
	at sun.reflect.DelegatingConstructorAccessorImpl.newInstance(DelegatingConstructorAccessorImpl.java:45)
	at java.lang.reflect.Constructor.newInstance(Constructor.java:423)
	at com.mysql.cj.exceptions.ExceptionFactory.createException(ExceptionFactory.java:61)
	at com.mysql.cj.exceptions.ExceptionFactory.createException(ExceptionFactory.java:105)
	at com.mysql.cj.exceptions.ExceptionFactory.createException(ExceptionFactory.java:151)
	at com.mysql.cj.exceptions.ExceptionFactory.createCommunicationsException(ExceptionFactory.java:167)
	at com.mysql.cj.protocol.a.NativeSocketConnection.connect(NativeSocketConnection.java:89)
	at com.mysql.cj.NativeSession.connect(NativeSession.java:144)
	at com.mysql.cj.jdbc.ConnectionImpl.connectWithRetries(ConnectionImpl.java:847)
	... 54 common frames omitted
Caused by: java.net.ConnectException: Connection refused: connect
	at java.net.DualStackPlainSocketImpl.waitForConnect(Native Method)
	at java.net.DualStackPlainSocketImpl.socketConnect(DualStackPlainSocketImpl.java:81)
	at java.net.AbstractPlainSocketImpl.doConnect(AbstractPlainSocketImpl.java:476)
	at java.net.AbstractPlainSocketImpl.connectToAddress(AbstractPlainSocketImpl.java:218)
	at java.net.AbstractPlainSocketImpl.connect(AbstractPlainSocketImpl.java:200)
	at java.net.PlainSocketImpl.connect(PlainSocketImpl.java:162)
	at java.net.SocksSocketImpl.connect(SocksSocketImpl.java:394)
	at java.net.Socket.connect(Socket.java:606)
	at com.mysql.cj.protocol.StandardSocketFactory.connect(StandardSocketFactory.java:155)
	at com.mysql.cj.protocol.a.NativeSocketConnection.connect(NativeSocketConnection.java:63)
	... 56 common frames omitted
25-02-07.17:18:00.650 [scheduling-1    ] INFO  NoPayNotifyOrderJob    - 任务；检测未接收到或未正确处理的支付回调通知
25-02-07.17:18:00.651 [scheduling-1    ] INFO  HikariDataSource       - HikariPool-1 - Starting...
25-02-07.17:18:00.997 [http-nio-8080-exec-3] INFO  LoginController        - 生成微信扫码登录 ticket:gQGW8TwAAAAAAAAAAS5odHRwOi8vd2VpeGluLnFxLmNvbS9xLzAyMWVLczhIbzBmQUcxVDBzZHhEMWoAAgTAz6VnAwQAjScA
25-02-07.17:18:11.813 [scheduling-1    ] ERROR HikariPool             - HikariPool-1 - Exception during pool initialization.
java.sql.SQLNonTransientConnectionException: Could not create connection to database server. Attempted reconnect 3 times. Giving up.
	at com.mysql.cj.jdbc.exceptions.SQLError.createSQLException(SQLError.java:110)
	at com.mysql.cj.jdbc.exceptions.SQLError.createSQLException(SQLError.java:97)
	at com.mysql.cj.jdbc.exceptions.SQLError.createSQLException(SQLError.java:89)
	at com.mysql.cj.jdbc.exceptions.SQLError.createSQLException(SQLError.java:63)
	at com.mysql.cj.jdbc.exceptions.SQLError.createSQLException(SQLError.java:73)
	at com.mysql.cj.jdbc.ConnectionImpl.connectWithRetries(ConnectionImpl.java:903)
	at com.mysql.cj.jdbc.ConnectionImpl.createNewIO(ConnectionImpl.java:828)
	at com.mysql.cj.jdbc.ConnectionImpl.<init>(ConnectionImpl.java:453)
	at com.mysql.cj.jdbc.ConnectionImpl.getInstance(ConnectionImpl.java:246)
	at com.mysql.cj.jdbc.NonRegisteringDriver.connect(NonRegisteringDriver.java:198)
	at com.zaxxer.hikari.util.DriverDataSource.getConnection(DriverDataSource.java:138)
	at com.zaxxer.hikari.pool.PoolBase.newConnection(PoolBase.java:364)
	at com.zaxxer.hikari.pool.PoolBase.newPoolEntry(PoolBase.java:206)
	at com.zaxxer.hikari.pool.HikariPool.createPoolEntry(HikariPool.java:476)
	at com.zaxxer.hikari.pool.HikariPool.checkFailFast(HikariPool.java:561)
	at com.zaxxer.hikari.pool.HikariPool.<init>(HikariPool.java:115)
	at com.zaxxer.hikari.HikariDataSource.getConnection(HikariDataSource.java:112)
	at org.springframework.jdbc.datasource.DataSourceUtils.fetchConnection(DataSourceUtils.java:159)
	at org.springframework.jdbc.datasource.DataSourceUtils.doGetConnection(DataSourceUtils.java:117)
	at org.springframework.jdbc.datasource.DataSourceUtils.getConnection(DataSourceUtils.java:80)
	at org.mybatis.spring.transaction.SpringManagedTransaction.openConnection(SpringManagedTransaction.java:80)
	at org.mybatis.spring.transaction.SpringManagedTransaction.getConnection(SpringManagedTransaction.java:67)
	at org.apache.ibatis.executor.BaseExecutor.getConnection(BaseExecutor.java:337)
	at org.apache.ibatis.executor.SimpleExecutor.prepareStatement(SimpleExecutor.java:86)
	at org.apache.ibatis.executor.SimpleExecutor.doQuery(SimpleExecutor.java:62)
	at org.apache.ibatis.executor.BaseExecutor.queryFromDatabase(BaseExecutor.java:325)
	at org.apache.ibatis.executor.BaseExecutor.query(BaseExecutor.java:156)
	at org.apache.ibatis.executor.CachingExecutor.query(CachingExecutor.java:109)
	at org.apache.ibatis.executor.CachingExecutor.query(CachingExecutor.java:89)
	at org.apache.ibatis.session.defaults.DefaultSqlSession.selectList(DefaultSqlSession.java:147)
	at org.apache.ibatis.session.defaults.DefaultSqlSession.selectList(DefaultSqlSession.java:140)
	at sun.reflect.NativeMethodAccessorImpl.invoke0(Native Method)
	at sun.reflect.NativeMethodAccessorImpl.invoke(NativeMethodAccessorImpl.java:62)
	at sun.reflect.DelegatingMethodAccessorImpl.invoke(DelegatingMethodAccessorImpl.java:43)
	at java.lang.reflect.Method.invoke(Method.java:498)
	at org.mybatis.spring.SqlSessionTemplate$SqlSessionInterceptor.invoke(SqlSessionTemplate.java:427)
	at com.sun.proxy.$Proxy69.selectList(Unknown Source)
	at org.mybatis.spring.SqlSessionTemplate.selectList(SqlSessionTemplate.java:224)
	at org.apache.ibatis.binding.MapperMethod.executeForMany(MapperMethod.java:147)
	at org.apache.ibatis.binding.MapperMethod.execute(MapperMethod.java:80)
	at org.apache.ibatis.binding.MapperProxy$PlainMethodInvoker.invoke(MapperProxy.java:152)
	at org.apache.ibatis.binding.MapperProxy.invoke(MapperProxy.java:85)
	at com.sun.proxy.$Proxy70.queryNoPayNotifyOrder(Unknown Source)
	at org.example.service.impl.OrderServiceImpl.queryNoPayNotifyOrder(OrderServiceImpl.java:107)
	at org.example.job.NoPayNotifyOrderJob.exec(NoPayNotifyOrderJob.java:29)
	at sun.reflect.NativeMethodAccessorImpl.invoke0(Native Method)
	at sun.reflect.NativeMethodAccessorImpl.invoke(NativeMethodAccessorImpl.java:62)
	at sun.reflect.DelegatingMethodAccessorImpl.invoke(DelegatingMethodAccessorImpl.java:43)
	at java.lang.reflect.Method.invoke(Method.java:498)
	at org.springframework.scheduling.support.ScheduledMethodRunnable.run(ScheduledMethodRunnable.java:84)
	at org.springframework.scheduling.support.DelegatingErrorHandlingRunnable.run(DelegatingErrorHandlingRunnable.java:54)
	at org.springframework.scheduling.concurrent.ReschedulingRunnable.run(ReschedulingRunnable.java:95)
	at java.util.concurrent.Executors$RunnableAdapter.call(Executors.java:511)
	at java.util.concurrent.FutureTask.run$$$capture(FutureTask.java:266)
	at java.util.concurrent.FutureTask.run(FutureTask.java)
	at java.util.concurrent.ScheduledThreadPoolExecutor$ScheduledFutureTask.access$201(ScheduledThreadPoolExecutor.java:180)
	at java.util.concurrent.ScheduledThreadPoolExecutor$ScheduledFutureTask.run(ScheduledThreadPoolExecutor.java:293)
	at java.util.concurrent.ThreadPoolExecutor.runWorker(ThreadPoolExecutor.java:1149)
	at java.util.concurrent.ThreadPoolExecutor$Worker.run(ThreadPoolExecutor.java:624)
	at java.lang.Thread.run(Thread.java:750)
Caused by: com.mysql.cj.exceptions.CJCommunicationsException: Communications link failure

The last packet sent successfully to the server was 0 milliseconds ago. The driver has not received any packets from the server.
	at sun.reflect.NativeConstructorAccessorImpl.newInstance0(Native Method)
	at sun.reflect.NativeConstructorAccessorImpl.newInstance(NativeConstructorAccessorImpl.java:62)
	at sun.reflect.DelegatingConstructorAccessorImpl.newInstance(DelegatingConstructorAccessorImpl.java:45)
	at java.lang.reflect.Constructor.newInstance(Constructor.java:423)
	at com.mysql.cj.exceptions.ExceptionFactory.createException(ExceptionFactory.java:61)
	at com.mysql.cj.exceptions.ExceptionFactory.createException(ExceptionFactory.java:105)
	at com.mysql.cj.exceptions.ExceptionFactory.createException(ExceptionFactory.java:151)
	at com.mysql.cj.exceptions.ExceptionFactory.createCommunicationsException(ExceptionFactory.java:167)
	at com.mysql.cj.protocol.a.NativeSocketConnection.connect(NativeSocketConnection.java:89)
	at com.mysql.cj.NativeSession.connect(NativeSession.java:144)
	at com.mysql.cj.jdbc.ConnectionImpl.connectWithRetries(ConnectionImpl.java:847)
	... 54 common frames omitted
Caused by: java.net.ConnectException: Connection refused: connect
	at java.net.DualStackPlainSocketImpl.waitForConnect(Native Method)
	at java.net.DualStackPlainSocketImpl.socketConnect(DualStackPlainSocketImpl.java:81)
	at java.net.AbstractPlainSocketImpl.doConnect(AbstractPlainSocketImpl.java:476)
	at java.net.AbstractPlainSocketImpl.connectToAddress(AbstractPlainSocketImpl.java:218)
	at java.net.AbstractPlainSocketImpl.connect(AbstractPlainSocketImpl.java:200)
	at java.net.PlainSocketImpl.connect(PlainSocketImpl.java:162)
	at java.net.SocksSocketImpl.connect(SocksSocketImpl.java:394)
	at java.net.Socket.connect(Socket.java:606)
	at com.mysql.cj.protocol.StandardSocketFactory.connect(StandardSocketFactory.java:155)
	at com.mysql.cj.protocol.a.NativeSocketConnection.connect(NativeSocketConnection.java:63)
	... 56 common frames omitted
25-02-07.17:18:11.815 [scheduling-1    ] ERROR NoPayNotifyOrderJob    - 检测未接收到或未正确处理的支付回调通知失败
org.mybatis.spring.MyBatisSystemException: nested exception is org.apache.ibatis.exceptions.PersistenceException: 
### Error querying database.  Cause: org.springframework.jdbc.CannotGetJdbcConnectionException: Failed to obtain JDBC Connection; nested exception is java.sql.SQLNonTransientConnectionException: Could not create connection to database server. Attempted reconnect 3 times. Giving up.
### The error may exist in file [D:\Workspace\s-pay-mall-qiusu\s-pay-mall-controller\target\classes\mybatis\mapper\pay_order_mapper.xml]
### The error may involve org.example.dao.IOrderDao.queryNoPayNotifyOrder
### The error occurred while executing a query
### Cause: org.springframework.jdbc.CannotGetJdbcConnectionException: Failed to obtain JDBC Connection; nested exception is java.sql.SQLNonTransientConnectionException: Could not create connection to database server. Attempted reconnect 3 times. Giving up.
	at org.mybatis.spring.MyBatisExceptionTranslator.translateExceptionIfPossible(MyBatisExceptionTranslator.java:96)
	at org.mybatis.spring.SqlSessionTemplate$SqlSessionInterceptor.invoke(SqlSessionTemplate.java:441)
	at com.sun.proxy.$Proxy69.selectList(Unknown Source)
	at org.mybatis.spring.SqlSessionTemplate.selectList(SqlSessionTemplate.java:224)
	at org.apache.ibatis.binding.MapperMethod.executeForMany(MapperMethod.java:147)
	at org.apache.ibatis.binding.MapperMethod.execute(MapperMethod.java:80)
	at org.apache.ibatis.binding.MapperProxy$PlainMethodInvoker.invoke(MapperProxy.java:152)
	at org.apache.ibatis.binding.MapperProxy.invoke(MapperProxy.java:85)
	at com.sun.proxy.$Proxy70.queryNoPayNotifyOrder(Unknown Source)
	at org.example.service.impl.OrderServiceImpl.queryNoPayNotifyOrder(OrderServiceImpl.java:107)
	at org.example.job.NoPayNotifyOrderJob.exec(NoPayNotifyOrderJob.java:29)
	at sun.reflect.NativeMethodAccessorImpl.invoke0(Native Method)
	at sun.reflect.NativeMethodAccessorImpl.invoke(NativeMethodAccessorImpl.java:62)
	at sun.reflect.DelegatingMethodAccessorImpl.invoke(DelegatingMethodAccessorImpl.java:43)
	at java.lang.reflect.Method.invoke(Method.java:498)
	at org.springframework.scheduling.support.ScheduledMethodRunnable.run(ScheduledMethodRunnable.java:84)
	at org.springframework.scheduling.support.DelegatingErrorHandlingRunnable.run(DelegatingErrorHandlingRunnable.java:54)
	at org.springframework.scheduling.concurrent.ReschedulingRunnable.run(ReschedulingRunnable.java:95)
	at java.util.concurrent.Executors$RunnableAdapter.call(Executors.java:511)
	at java.util.concurrent.FutureTask.run$$$capture(FutureTask.java:266)
	at java.util.concurrent.FutureTask.run(FutureTask.java)
	at java.util.concurrent.ScheduledThreadPoolExecutor$ScheduledFutureTask.access$201(ScheduledThreadPoolExecutor.java:180)
	at java.util.concurrent.ScheduledThreadPoolExecutor$ScheduledFutureTask.run(ScheduledThreadPoolExecutor.java:293)
	at java.util.concurrent.ThreadPoolExecutor.runWorker(ThreadPoolExecutor.java:1149)
	at java.util.concurrent.ThreadPoolExecutor$Worker.run(ThreadPoolExecutor.java:624)
	at java.lang.Thread.run(Thread.java:750)
Caused by: org.apache.ibatis.exceptions.PersistenceException: 
### Error querying database.  Cause: org.springframework.jdbc.CannotGetJdbcConnectionException: Failed to obtain JDBC Connection; nested exception is java.sql.SQLNonTransientConnectionException: Could not create connection to database server. Attempted reconnect 3 times. Giving up.
### The error may exist in file [D:\Workspace\s-pay-mall-qiusu\s-pay-mall-controller\target\classes\mybatis\mapper\pay_order_mapper.xml]
### The error may involve org.example.dao.IOrderDao.queryNoPayNotifyOrder
### The error occurred while executing a query
### Cause: org.springframework.jdbc.CannotGetJdbcConnectionException: Failed to obtain JDBC Connection; nested exception is java.sql.SQLNonTransientConnectionException: Could not create connection to database server. Attempted reconnect 3 times. Giving up.
	at org.apache.ibatis.exceptions.ExceptionFactory.wrapException(ExceptionFactory.java:30)
	at org.apache.ibatis.session.defaults.DefaultSqlSession.selectList(DefaultSqlSession.java:149)
	at org.apache.ibatis.session.defaults.DefaultSqlSession.selectList(DefaultSqlSession.java:140)
	at sun.reflect.NativeMethodAccessorImpl.invoke0(Native Method)
	at sun.reflect.NativeMethodAccessorImpl.invoke(NativeMethodAccessorImpl.java:62)
	at sun.reflect.DelegatingMethodAccessorImpl.invoke(DelegatingMethodAccessorImpl.java:43)
	at java.lang.reflect.Method.invoke(Method.java:498)
	at org.mybatis.spring.SqlSessionTemplate$SqlSessionInterceptor.invoke(SqlSessionTemplate.java:427)
	... 24 common frames omitted
Caused by: org.springframework.jdbc.CannotGetJdbcConnectionException: Failed to obtain JDBC Connection; nested exception is java.sql.SQLNonTransientConnectionException: Could not create connection to database server. Attempted reconnect 3 times. Giving up.
	at org.springframework.jdbc.datasource.DataSourceUtils.getConnection(DataSourceUtils.java:83)
	at org.mybatis.spring.transaction.SpringManagedTransaction.openConnection(SpringManagedTransaction.java:80)
	at org.mybatis.spring.transaction.SpringManagedTransaction.getConnection(SpringManagedTransaction.java:67)
	at org.apache.ibatis.executor.BaseExecutor.getConnection(BaseExecutor.java:337)
	at org.apache.ibatis.executor.SimpleExecutor.prepareStatement(SimpleExecutor.java:86)
	at org.apache.ibatis.executor.SimpleExecutor.doQuery(SimpleExecutor.java:62)
	at org.apache.ibatis.executor.BaseExecutor.queryFromDatabase(BaseExecutor.java:325)
	at org.apache.ibatis.executor.BaseExecutor.query(BaseExecutor.java:156)
	at org.apache.ibatis.executor.CachingExecutor.query(CachingExecutor.java:109)
	at org.apache.ibatis.executor.CachingExecutor.query(CachingExecutor.java:89)
	at org.apache.ibatis.session.defaults.DefaultSqlSession.selectList(DefaultSqlSession.java:147)
	... 30 common frames omitted
Caused by: java.sql.SQLNonTransientConnectionException: Could not create connection to database server. Attempted reconnect 3 times. Giving up.
	at com.mysql.cj.jdbc.exceptions.SQLError.createSQLException(SQLError.java:110)
	at com.mysql.cj.jdbc.exceptions.SQLError.createSQLException(SQLError.java:97)
	at com.mysql.cj.jdbc.exceptions.SQLError.createSQLException(SQLError.java:89)
	at com.mysql.cj.jdbc.exceptions.SQLError.createSQLException(SQLError.java:63)
	at com.mysql.cj.jdbc.exceptions.SQLError.createSQLException(SQLError.java:73)
	at com.mysql.cj.jdbc.ConnectionImpl.connectWithRetries(ConnectionImpl.java:903)
	at com.mysql.cj.jdbc.ConnectionImpl.createNewIO(ConnectionImpl.java:828)
	at com.mysql.cj.jdbc.ConnectionImpl.<init>(ConnectionImpl.java:453)
	at com.mysql.cj.jdbc.ConnectionImpl.getInstance(ConnectionImpl.java:246)
	at com.mysql.cj.jdbc.NonRegisteringDriver.connect(NonRegisteringDriver.java:198)
	at com.zaxxer.hikari.util.DriverDataSource.getConnection(DriverDataSource.java:138)
	at com.zaxxer.hikari.pool.PoolBase.newConnection(PoolBase.java:364)
	at com.zaxxer.hikari.pool.PoolBase.newPoolEntry(PoolBase.java:206)
	at com.zaxxer.hikari.pool.HikariPool.createPoolEntry(HikariPool.java:476)
	at com.zaxxer.hikari.pool.HikariPool.checkFailFast(HikariPool.java:561)
	at com.zaxxer.hikari.pool.HikariPool.<init>(HikariPool.java:115)
	at com.zaxxer.hikari.HikariDataSource.getConnection(HikariDataSource.java:112)
	at org.springframework.jdbc.datasource.DataSourceUtils.fetchConnection(DataSourceUtils.java:159)
	at org.springframework.jdbc.datasource.DataSourceUtils.doGetConnection(DataSourceUtils.java:117)
	at org.springframework.jdbc.datasource.DataSourceUtils.getConnection(DataSourceUtils.java:80)
	... 40 common frames omitted
Caused by: com.mysql.cj.exceptions.CJCommunicationsException: Communications link failure

The last packet sent successfully to the server was 0 milliseconds ago. The driver has not received any packets from the server.
	at sun.reflect.NativeConstructorAccessorImpl.newInstance0(Native Method)
	at sun.reflect.NativeConstructorAccessorImpl.newInstance(NativeConstructorAccessorImpl.java:62)
	at sun.reflect.DelegatingConstructorAccessorImpl.newInstance(DelegatingConstructorAccessorImpl.java:45)
	at java.lang.reflect.Constructor.newInstance(Constructor.java:423)
	at com.mysql.cj.exceptions.ExceptionFactory.createException(ExceptionFactory.java:61)
	at com.mysql.cj.exceptions.ExceptionFactory.createException(ExceptionFactory.java:105)
	at com.mysql.cj.exceptions.ExceptionFactory.createException(ExceptionFactory.java:151)
	at com.mysql.cj.exceptions.ExceptionFactory.createCommunicationsException(ExceptionFactory.java:167)
	at com.mysql.cj.protocol.a.NativeSocketConnection.connect(NativeSocketConnection.java:89)
	at com.mysql.cj.NativeSession.connect(NativeSession.java:144)
	at com.mysql.cj.jdbc.ConnectionImpl.connectWithRetries(ConnectionImpl.java:847)
	... 54 common frames omitted
Caused by: java.net.ConnectException: Connection refused: connect
	at java.net.DualStackPlainSocketImpl.waitForConnect(Native Method)
	at java.net.DualStackPlainSocketImpl.socketConnect(DualStackPlainSocketImpl.java:81)
	at java.net.AbstractPlainSocketImpl.doConnect(AbstractPlainSocketImpl.java:476)
	at java.net.AbstractPlainSocketImpl.connectToAddress(AbstractPlainSocketImpl.java:218)
	at java.net.AbstractPlainSocketImpl.connect(AbstractPlainSocketImpl.java:200)
	at java.net.PlainSocketImpl.connect(PlainSocketImpl.java:162)
	at java.net.SocksSocketImpl.connect(SocksSocketImpl.java:394)
	at java.net.Socket.connect(Socket.java:606)
	at com.mysql.cj.protocol.StandardSocketFactory.connect(StandardSocketFactory.java:155)
	at com.mysql.cj.protocol.a.NativeSocketConnection.connect(NativeSocketConnection.java:63)
	... 56 common frames omitted
25-02-07.17:18:15.012 [scheduling-1    ] INFO  NoPayNotifyOrderJob    - 任务；检测未接收到或未正确处理的支付回调通知
25-02-07.17:18:15.013 [scheduling-1    ] INFO  HikariDataSource       - HikariPool-1 - Starting...
25-02-07.17:18:26.189 [scheduling-1    ] ERROR HikariPool             - HikariPool-1 - Exception during pool initialization.
java.sql.SQLNonTransientConnectionException: Could not create connection to database server. Attempted reconnect 3 times. Giving up.
	at com.mysql.cj.jdbc.exceptions.SQLError.createSQLException(SQLError.java:110)
	at com.mysql.cj.jdbc.exceptions.SQLError.createSQLException(SQLError.java:97)
	at com.mysql.cj.jdbc.exceptions.SQLError.createSQLException(SQLError.java:89)
	at com.mysql.cj.jdbc.exceptions.SQLError.createSQLException(SQLError.java:63)
	at com.mysql.cj.jdbc.exceptions.SQLError.createSQLException(SQLError.java:73)
	at com.mysql.cj.jdbc.ConnectionImpl.connectWithRetries(ConnectionImpl.java:903)
	at com.mysql.cj.jdbc.ConnectionImpl.createNewIO(ConnectionImpl.java:828)
	at com.mysql.cj.jdbc.ConnectionImpl.<init>(ConnectionImpl.java:453)
	at com.mysql.cj.jdbc.ConnectionImpl.getInstance(ConnectionImpl.java:246)
	at com.mysql.cj.jdbc.NonRegisteringDriver.connect(NonRegisteringDriver.java:198)
	at com.zaxxer.hikari.util.DriverDataSource.getConnection(DriverDataSource.java:138)
	at com.zaxxer.hikari.pool.PoolBase.newConnection(PoolBase.java:364)
	at com.zaxxer.hikari.pool.PoolBase.newPoolEntry(PoolBase.java:206)
	at com.zaxxer.hikari.pool.HikariPool.createPoolEntry(HikariPool.java:476)
	at com.zaxxer.hikari.pool.HikariPool.checkFailFast(HikariPool.java:561)
	at com.zaxxer.hikari.pool.HikariPool.<init>(HikariPool.java:115)
	at com.zaxxer.hikari.HikariDataSource.getConnection(HikariDataSource.java:112)
	at org.springframework.jdbc.datasource.DataSourceUtils.fetchConnection(DataSourceUtils.java:159)
	at org.springframework.jdbc.datasource.DataSourceUtils.doGetConnection(DataSourceUtils.java:117)
	at org.springframework.jdbc.datasource.DataSourceUtils.getConnection(DataSourceUtils.java:80)
	at org.mybatis.spring.transaction.SpringManagedTransaction.openConnection(SpringManagedTransaction.java:80)
	at org.mybatis.spring.transaction.SpringManagedTransaction.getConnection(SpringManagedTransaction.java:67)
	at org.apache.ibatis.executor.BaseExecutor.getConnection(BaseExecutor.java:337)
	at org.apache.ibatis.executor.SimpleExecutor.prepareStatement(SimpleExecutor.java:86)
	at org.apache.ibatis.executor.SimpleExecutor.doQuery(SimpleExecutor.java:62)
	at org.apache.ibatis.executor.BaseExecutor.queryFromDatabase(BaseExecutor.java:325)
	at org.apache.ibatis.executor.BaseExecutor.query(BaseExecutor.java:156)
	at org.apache.ibatis.executor.CachingExecutor.query(CachingExecutor.java:109)
	at org.apache.ibatis.executor.CachingExecutor.query(CachingExecutor.java:89)
	at org.apache.ibatis.session.defaults.DefaultSqlSession.selectList(DefaultSqlSession.java:147)
	at org.apache.ibatis.session.defaults.DefaultSqlSession.selectList(DefaultSqlSession.java:140)
	at sun.reflect.NativeMethodAccessorImpl.invoke0(Native Method)
	at sun.reflect.NativeMethodAccessorImpl.invoke(NativeMethodAccessorImpl.java:62)
	at sun.reflect.DelegatingMethodAccessorImpl.invoke(DelegatingMethodAccessorImpl.java:43)
	at java.lang.reflect.Method.invoke(Method.java:498)
	at org.mybatis.spring.SqlSessionTemplate$SqlSessionInterceptor.invoke(SqlSessionTemplate.java:427)
	at com.sun.proxy.$Proxy69.selectList(Unknown Source)
	at org.mybatis.spring.SqlSessionTemplate.selectList(SqlSessionTemplate.java:224)
	at org.apache.ibatis.binding.MapperMethod.executeForMany(MapperMethod.java:147)
	at org.apache.ibatis.binding.MapperMethod.execute(MapperMethod.java:80)
	at org.apache.ibatis.binding.MapperProxy$PlainMethodInvoker.invoke(MapperProxy.java:152)
	at org.apache.ibatis.binding.MapperProxy.invoke(MapperProxy.java:85)
	at com.sun.proxy.$Proxy70.queryNoPayNotifyOrder(Unknown Source)
	at org.example.service.impl.OrderServiceImpl.queryNoPayNotifyOrder(OrderServiceImpl.java:107)
	at org.example.job.NoPayNotifyOrderJob.exec(NoPayNotifyOrderJob.java:29)
	at sun.reflect.NativeMethodAccessorImpl.invoke0(Native Method)
	at sun.reflect.NativeMethodAccessorImpl.invoke(NativeMethodAccessorImpl.java:62)
	at sun.reflect.DelegatingMethodAccessorImpl.invoke(DelegatingMethodAccessorImpl.java:43)
	at java.lang.reflect.Method.invoke(Method.java:498)
	at org.springframework.scheduling.support.ScheduledMethodRunnable.run(ScheduledMethodRunnable.java:84)
	at org.springframework.scheduling.support.DelegatingErrorHandlingRunnable.run(DelegatingErrorHandlingRunnable.java:54)
	at org.springframework.scheduling.concurrent.ReschedulingRunnable.run(ReschedulingRunnable.java:95)
	at java.util.concurrent.Executors$RunnableAdapter.call(Executors.java:511)
	at java.util.concurrent.FutureTask.run$$$capture(FutureTask.java:266)
	at java.util.concurrent.FutureTask.run(FutureTask.java)
	at java.util.concurrent.ScheduledThreadPoolExecutor$ScheduledFutureTask.access$201(ScheduledThreadPoolExecutor.java:180)
	at java.util.concurrent.ScheduledThreadPoolExecutor$ScheduledFutureTask.run(ScheduledThreadPoolExecutor.java:293)
	at java.util.concurrent.ThreadPoolExecutor.runWorker(ThreadPoolExecutor.java:1149)
	at java.util.concurrent.ThreadPoolExecutor$Worker.run(ThreadPoolExecutor.java:624)
	at java.lang.Thread.run(Thread.java:750)
Caused by: com.mysql.cj.exceptions.CJCommunicationsException: Communications link failure

The last packet sent successfully to the server was 0 milliseconds ago. The driver has not received any packets from the server.
	at sun.reflect.NativeConstructorAccessorImpl.newInstance0(Native Method)
	at sun.reflect.NativeConstructorAccessorImpl.newInstance(NativeConstructorAccessorImpl.java:62)
	at sun.reflect.DelegatingConstructorAccessorImpl.newInstance(DelegatingConstructorAccessorImpl.java:45)
	at java.lang.reflect.Constructor.newInstance(Constructor.java:423)
	at com.mysql.cj.exceptions.ExceptionFactory.createException(ExceptionFactory.java:61)
	at com.mysql.cj.exceptions.ExceptionFactory.createException(ExceptionFactory.java:105)
	at com.mysql.cj.exceptions.ExceptionFactory.createException(ExceptionFactory.java:151)
	at com.mysql.cj.exceptions.ExceptionFactory.createCommunicationsException(ExceptionFactory.java:167)
	at com.mysql.cj.protocol.a.NativeSocketConnection.connect(NativeSocketConnection.java:89)
	at com.mysql.cj.NativeSession.connect(NativeSession.java:144)
	at com.mysql.cj.jdbc.ConnectionImpl.connectWithRetries(ConnectionImpl.java:847)
	... 54 common frames omitted
Caused by: java.net.ConnectException: Connection refused: connect
	at java.net.DualStackPlainSocketImpl.waitForConnect(Native Method)
	at java.net.DualStackPlainSocketImpl.socketConnect(DualStackPlainSocketImpl.java:81)
	at java.net.AbstractPlainSocketImpl.doConnect(AbstractPlainSocketImpl.java:476)
	at java.net.AbstractPlainSocketImpl.connectToAddress(AbstractPlainSocketImpl.java:218)
	at java.net.AbstractPlainSocketImpl.connect(AbstractPlainSocketImpl.java:200)
	at java.net.PlainSocketImpl.connect(PlainSocketImpl.java:162)
	at java.net.SocksSocketImpl.connect(SocksSocketImpl.java:394)
	at java.net.Socket.connect(Socket.java:606)
	at com.mysql.cj.protocol.StandardSocketFactory.connect(StandardSocketFactory.java:155)
	at com.mysql.cj.protocol.a.NativeSocketConnection.connect(NativeSocketConnection.java:63)
	... 56 common frames omitted
25-02-07.17:18:26.193 [scheduling-1    ] ERROR NoPayNotifyOrderJob    - 检测未接收到或未正确处理的支付回调通知失败
org.mybatis.spring.MyBatisSystemException: nested exception is org.apache.ibatis.exceptions.PersistenceException: 
### Error querying database.  Cause: org.springframework.jdbc.CannotGetJdbcConnectionException: Failed to obtain JDBC Connection; nested exception is java.sql.SQLNonTransientConnectionException: Could not create connection to database server. Attempted reconnect 3 times. Giving up.
### The error may exist in file [D:\Workspace\s-pay-mall-qiusu\s-pay-mall-controller\target\classes\mybatis\mapper\pay_order_mapper.xml]
### The error may involve org.example.dao.IOrderDao.queryNoPayNotifyOrder
### The error occurred while executing a query
### Cause: org.springframework.jdbc.CannotGetJdbcConnectionException: Failed to obtain JDBC Connection; nested exception is java.sql.SQLNonTransientConnectionException: Could not create connection to database server. Attempted reconnect 3 times. Giving up.
	at org.mybatis.spring.MyBatisExceptionTranslator.translateExceptionIfPossible(MyBatisExceptionTranslator.java:96)
	at org.mybatis.spring.SqlSessionTemplate$SqlSessionInterceptor.invoke(SqlSessionTemplate.java:441)
	at com.sun.proxy.$Proxy69.selectList(Unknown Source)
	at org.mybatis.spring.SqlSessionTemplate.selectList(SqlSessionTemplate.java:224)
	at org.apache.ibatis.binding.MapperMethod.executeForMany(MapperMethod.java:147)
	at org.apache.ibatis.binding.MapperMethod.execute(MapperMethod.java:80)
	at org.apache.ibatis.binding.MapperProxy$PlainMethodInvoker.invoke(MapperProxy.java:152)
	at org.apache.ibatis.binding.MapperProxy.invoke(MapperProxy.java:85)
	at com.sun.proxy.$Proxy70.queryNoPayNotifyOrder(Unknown Source)
	at org.example.service.impl.OrderServiceImpl.queryNoPayNotifyOrder(OrderServiceImpl.java:107)
	at org.example.job.NoPayNotifyOrderJob.exec(NoPayNotifyOrderJob.java:29)
	at sun.reflect.NativeMethodAccessorImpl.invoke0(Native Method)
	at sun.reflect.NativeMethodAccessorImpl.invoke(NativeMethodAccessorImpl.java:62)
	at sun.reflect.DelegatingMethodAccessorImpl.invoke(DelegatingMethodAccessorImpl.java:43)
	at java.lang.reflect.Method.invoke(Method.java:498)
	at org.springframework.scheduling.support.ScheduledMethodRunnable.run(ScheduledMethodRunnable.java:84)
	at org.springframework.scheduling.support.DelegatingErrorHandlingRunnable.run(DelegatingErrorHandlingRunnable.java:54)
	at org.springframework.scheduling.concurrent.ReschedulingRunnable.run(ReschedulingRunnable.java:95)
	at java.util.concurrent.Executors$RunnableAdapter.call(Executors.java:511)
	at java.util.concurrent.FutureTask.run$$$capture(FutureTask.java:266)
	at java.util.concurrent.FutureTask.run(FutureTask.java)
	at java.util.concurrent.ScheduledThreadPoolExecutor$ScheduledFutureTask.access$201(ScheduledThreadPoolExecutor.java:180)
	at java.util.concurrent.ScheduledThreadPoolExecutor$ScheduledFutureTask.run(ScheduledThreadPoolExecutor.java:293)
	at java.util.concurrent.ThreadPoolExecutor.runWorker(ThreadPoolExecutor.java:1149)
	at java.util.concurrent.ThreadPoolExecutor$Worker.run(ThreadPoolExecutor.java:624)
	at java.lang.Thread.run(Thread.java:750)
Caused by: org.apache.ibatis.exceptions.PersistenceException: 
### Error querying database.  Cause: org.springframework.jdbc.CannotGetJdbcConnectionException: Failed to obtain JDBC Connection; nested exception is java.sql.SQLNonTransientConnectionException: Could not create connection to database server. Attempted reconnect 3 times. Giving up.
### The error may exist in file [D:\Workspace\s-pay-mall-qiusu\s-pay-mall-controller\target\classes\mybatis\mapper\pay_order_mapper.xml]
### The error may involve org.example.dao.IOrderDao.queryNoPayNotifyOrder
### The error occurred while executing a query
### Cause: org.springframework.jdbc.CannotGetJdbcConnectionException: Failed to obtain JDBC Connection; nested exception is java.sql.SQLNonTransientConnectionException: Could not create connection to database server. Attempted reconnect 3 times. Giving up.
	at org.apache.ibatis.exceptions.ExceptionFactory.wrapException(ExceptionFactory.java:30)
	at org.apache.ibatis.session.defaults.DefaultSqlSession.selectList(DefaultSqlSession.java:149)
	at org.apache.ibatis.session.defaults.DefaultSqlSession.selectList(DefaultSqlSession.java:140)
	at sun.reflect.NativeMethodAccessorImpl.invoke0(Native Method)
	at sun.reflect.NativeMethodAccessorImpl.invoke(NativeMethodAccessorImpl.java:62)
	at sun.reflect.DelegatingMethodAccessorImpl.invoke(DelegatingMethodAccessorImpl.java:43)
	at java.lang.reflect.Method.invoke(Method.java:498)
	at org.mybatis.spring.SqlSessionTemplate$SqlSessionInterceptor.invoke(SqlSessionTemplate.java:427)
	... 24 common frames omitted
Caused by: org.springframework.jdbc.CannotGetJdbcConnectionException: Failed to obtain JDBC Connection; nested exception is java.sql.SQLNonTransientConnectionException: Could not create connection to database server. Attempted reconnect 3 times. Giving up.
	at org.springframework.jdbc.datasource.DataSourceUtils.getConnection(DataSourceUtils.java:83)
	at org.mybatis.spring.transaction.SpringManagedTransaction.openConnection(SpringManagedTransaction.java:80)
	at org.mybatis.spring.transaction.SpringManagedTransaction.getConnection(SpringManagedTransaction.java:67)
	at org.apache.ibatis.executor.BaseExecutor.getConnection(BaseExecutor.java:337)
	at org.apache.ibatis.executor.SimpleExecutor.prepareStatement(SimpleExecutor.java:86)
	at org.apache.ibatis.executor.SimpleExecutor.doQuery(SimpleExecutor.java:62)
	at org.apache.ibatis.executor.BaseExecutor.queryFromDatabase(BaseExecutor.java:325)
	at org.apache.ibatis.executor.BaseExecutor.query(BaseExecutor.java:156)
	at org.apache.ibatis.executor.CachingExecutor.query(CachingExecutor.java:109)
	at org.apache.ibatis.executor.CachingExecutor.query(CachingExecutor.java:89)
	at org.apache.ibatis.session.defaults.DefaultSqlSession.selectList(DefaultSqlSession.java:147)
	... 30 common frames omitted
Caused by: java.sql.SQLNonTransientConnectionException: Could not create connection to database server. Attempted reconnect 3 times. Giving up.
	at com.mysql.cj.jdbc.exceptions.SQLError.createSQLException(SQLError.java:110)
	at com.mysql.cj.jdbc.exceptions.SQLError.createSQLException(SQLError.java:97)
	at com.mysql.cj.jdbc.exceptions.SQLError.createSQLException(SQLError.java:89)
	at com.mysql.cj.jdbc.exceptions.SQLError.createSQLException(SQLError.java:63)
	at com.mysql.cj.jdbc.exceptions.SQLError.createSQLException(SQLError.java:73)
	at com.mysql.cj.jdbc.ConnectionImpl.connectWithRetries(ConnectionImpl.java:903)
	at com.mysql.cj.jdbc.ConnectionImpl.createNewIO(ConnectionImpl.java:828)
	at com.mysql.cj.jdbc.ConnectionImpl.<init>(ConnectionImpl.java:453)
	at com.mysql.cj.jdbc.ConnectionImpl.getInstance(ConnectionImpl.java:246)
	at com.mysql.cj.jdbc.NonRegisteringDriver.connect(NonRegisteringDriver.java:198)
	at com.zaxxer.hikari.util.DriverDataSource.getConnection(DriverDataSource.java:138)
	at com.zaxxer.hikari.pool.PoolBase.newConnection(PoolBase.java:364)
	at com.zaxxer.hikari.pool.PoolBase.newPoolEntry(PoolBase.java:206)
	at com.zaxxer.hikari.pool.HikariPool.createPoolEntry(HikariPool.java:476)
	at com.zaxxer.hikari.pool.HikariPool.checkFailFast(HikariPool.java:561)
	at com.zaxxer.hikari.pool.HikariPool.<init>(HikariPool.java:115)
	at com.zaxxer.hikari.HikariDataSource.getConnection(HikariDataSource.java:112)
	at org.springframework.jdbc.datasource.DataSourceUtils.fetchConnection(DataSourceUtils.java:159)
	at org.springframework.jdbc.datasource.DataSourceUtils.doGetConnection(DataSourceUtils.java:117)
	at org.springframework.jdbc.datasource.DataSourceUtils.getConnection(DataSourceUtils.java:80)
	... 40 common frames omitted
Caused by: com.mysql.cj.exceptions.CJCommunicationsException: Communications link failure

The last packet sent successfully to the server was 0 milliseconds ago. The driver has not received any packets from the server.
	at sun.reflect.NativeConstructorAccessorImpl.newInstance0(Native Method)
	at sun.reflect.NativeConstructorAccessorImpl.newInstance(NativeConstructorAccessorImpl.java:62)
	at sun.reflect.DelegatingConstructorAccessorImpl.newInstance(DelegatingConstructorAccessorImpl.java:45)
	at java.lang.reflect.Constructor.newInstance(Constructor.java:423)
	at com.mysql.cj.exceptions.ExceptionFactory.createException(ExceptionFactory.java:61)
	at com.mysql.cj.exceptions.ExceptionFactory.createException(ExceptionFactory.java:105)
	at com.mysql.cj.exceptions.ExceptionFactory.createException(ExceptionFactory.java:151)
	at com.mysql.cj.exceptions.ExceptionFactory.createCommunicationsException(ExceptionFactory.java:167)
	at com.mysql.cj.protocol.a.NativeSocketConnection.connect(NativeSocketConnection.java:89)
	at com.mysql.cj.NativeSession.connect(NativeSession.java:144)
	at com.mysql.cj.jdbc.ConnectionImpl.connectWithRetries(ConnectionImpl.java:847)
	... 54 common frames omitted
Caused by: java.net.ConnectException: Connection refused: connect
	at java.net.DualStackPlainSocketImpl.waitForConnect(Native Method)
	at java.net.DualStackPlainSocketImpl.socketConnect(DualStackPlainSocketImpl.java:81)
	at java.net.AbstractPlainSocketImpl.doConnect(AbstractPlainSocketImpl.java:476)
	at java.net.AbstractPlainSocketImpl.connectToAddress(AbstractPlainSocketImpl.java:218)
	at java.net.AbstractPlainSocketImpl.connect(AbstractPlainSocketImpl.java:200)
	at java.net.PlainSocketImpl.connect(PlainSocketImpl.java:162)
	at java.net.SocksSocketImpl.connect(SocksSocketImpl.java:394)
	at java.net.Socket.connect(Socket.java:606)
	at com.mysql.cj.protocol.StandardSocketFactory.connect(StandardSocketFactory.java:155)
	at com.mysql.cj.protocol.a.NativeSocketConnection.connect(NativeSocketConnection.java:63)
	... 56 common frames omitted
25-02-07.17:18:30.006 [scheduling-1    ] INFO  NoPayNotifyOrderJob    - 任务；检测未接收到或未正确处理的支付回调通知
25-02-07.17:18:30.006 [scheduling-1    ] INFO  HikariDataSource       - HikariPool-1 - Starting...
25-02-07.17:18:37.561 [http-nio-8080-exec-2] INFO  LoginController        - 生成微信扫码登录 ticket:gQFe8TwAAAAAAAAAAS5odHRwOi8vd2VpeGluLnFxLmNvbS9xLzAyYVNVQzhabzBmQUcxVHlzZE5EMVcAAgTiz6VnAwQAjScA
25-02-07.17:18:45.428 [scheduling-1    ] ERROR HikariPool             - HikariPool-1 - Exception during pool initialization.
java.sql.SQLNonTransientConnectionException: Could not create connection to database server. Attempted reconnect 3 times. Giving up.
	at com.mysql.cj.jdbc.exceptions.SQLError.createSQLException(SQLError.java:110)
	at com.mysql.cj.jdbc.exceptions.SQLError.createSQLException(SQLError.java:97)
	at com.mysql.cj.jdbc.exceptions.SQLError.createSQLException(SQLError.java:89)
	at com.mysql.cj.jdbc.exceptions.SQLError.createSQLException(SQLError.java:63)
	at com.mysql.cj.jdbc.exceptions.SQLError.createSQLException(SQLError.java:73)
	at com.mysql.cj.jdbc.ConnectionImpl.connectWithRetries(ConnectionImpl.java:903)
	at com.mysql.cj.jdbc.ConnectionImpl.createNewIO(ConnectionImpl.java:828)
	at com.mysql.cj.jdbc.ConnectionImpl.<init>(ConnectionImpl.java:453)
	at com.mysql.cj.jdbc.ConnectionImpl.getInstance(ConnectionImpl.java:246)
	at com.mysql.cj.jdbc.NonRegisteringDriver.connect(NonRegisteringDriver.java:198)
	at com.zaxxer.hikari.util.DriverDataSource.getConnection(DriverDataSource.java:138)
	at com.zaxxer.hikari.pool.PoolBase.newConnection(PoolBase.java:364)
	at com.zaxxer.hikari.pool.PoolBase.newPoolEntry(PoolBase.java:206)
	at com.zaxxer.hikari.pool.HikariPool.createPoolEntry(HikariPool.java:476)
	at com.zaxxer.hikari.pool.HikariPool.checkFailFast(HikariPool.java:561)
	at com.zaxxer.hikari.pool.HikariPool.<init>(HikariPool.java:115)
	at com.zaxxer.hikari.HikariDataSource.getConnection(HikariDataSource.java:112)
	at org.springframework.jdbc.datasource.DataSourceUtils.fetchConnection(DataSourceUtils.java:159)
	at org.springframework.jdbc.datasource.DataSourceUtils.doGetConnection(DataSourceUtils.java:117)
	at org.springframework.jdbc.datasource.DataSourceUtils.getConnection(DataSourceUtils.java:80)
	at org.mybatis.spring.transaction.SpringManagedTransaction.openConnection(SpringManagedTransaction.java:80)
	at org.mybatis.spring.transaction.SpringManagedTransaction.getConnection(SpringManagedTransaction.java:67)
	at org.apache.ibatis.executor.BaseExecutor.getConnection(BaseExecutor.java:337)
	at org.apache.ibatis.executor.SimpleExecutor.prepareStatement(SimpleExecutor.java:86)
	at org.apache.ibatis.executor.SimpleExecutor.doQuery(SimpleExecutor.java:62)
	at org.apache.ibatis.executor.BaseExecutor.queryFromDatabase(BaseExecutor.java:325)
	at org.apache.ibatis.executor.BaseExecutor.query(BaseExecutor.java:156)
	at org.apache.ibatis.executor.CachingExecutor.query(CachingExecutor.java:109)
	at org.apache.ibatis.executor.CachingExecutor.query(CachingExecutor.java:89)
	at org.apache.ibatis.session.defaults.DefaultSqlSession.selectList(DefaultSqlSession.java:147)
	at org.apache.ibatis.session.defaults.DefaultSqlSession.selectList(DefaultSqlSession.java:140)
	at sun.reflect.NativeMethodAccessorImpl.invoke0(Native Method)
	at sun.reflect.NativeMethodAccessorImpl.invoke(NativeMethodAccessorImpl.java:62)
	at sun.reflect.DelegatingMethodAccessorImpl.invoke(DelegatingMethodAccessorImpl.java:43)
	at java.lang.reflect.Method.invoke(Method.java:498)
	at org.mybatis.spring.SqlSessionTemplate$SqlSessionInterceptor.invoke(SqlSessionTemplate.java:427)
	at com.sun.proxy.$Proxy69.selectList(Unknown Source)
	at org.mybatis.spring.SqlSessionTemplate.selectList(SqlSessionTemplate.java:224)
	at org.apache.ibatis.binding.MapperMethod.executeForMany(MapperMethod.java:147)
	at org.apache.ibatis.binding.MapperMethod.execute(MapperMethod.java:80)
	at org.apache.ibatis.binding.MapperProxy$PlainMethodInvoker.invoke(MapperProxy.java:152)
	at org.apache.ibatis.binding.MapperProxy.invoke(MapperProxy.java:85)
	at com.sun.proxy.$Proxy70.queryNoPayNotifyOrder(Unknown Source)
	at org.example.service.impl.OrderServiceImpl.queryNoPayNotifyOrder(OrderServiceImpl.java:107)
	at org.example.job.NoPayNotifyOrderJob.exec(NoPayNotifyOrderJob.java:29)
	at sun.reflect.NativeMethodAccessorImpl.invoke0(Native Method)
	at sun.reflect.NativeMethodAccessorImpl.invoke(NativeMethodAccessorImpl.java:62)
	at sun.reflect.DelegatingMethodAccessorImpl.invoke(DelegatingMethodAccessorImpl.java:43)
	at java.lang.reflect.Method.invoke(Method.java:498)
	at org.springframework.scheduling.support.ScheduledMethodRunnable.run(ScheduledMethodRunnable.java:84)
	at org.springframework.scheduling.support.DelegatingErrorHandlingRunnable.run(DelegatingErrorHandlingRunnable.java:54)
	at org.springframework.scheduling.concurrent.ReschedulingRunnable.run(ReschedulingRunnable.java:95)
	at java.util.concurrent.Executors$RunnableAdapter.call(Executors.java:511)
	at java.util.concurrent.FutureTask.run$$$capture(FutureTask.java:266)
	at java.util.concurrent.FutureTask.run(FutureTask.java)
	at java.util.concurrent.ScheduledThreadPoolExecutor$ScheduledFutureTask.access$201(ScheduledThreadPoolExecutor.java:180)
	at java.util.concurrent.ScheduledThreadPoolExecutor$ScheduledFutureTask.run(ScheduledThreadPoolExecutor.java:293)
	at java.util.concurrent.ThreadPoolExecutor.runWorker(ThreadPoolExecutor.java:1149)
	at java.util.concurrent.ThreadPoolExecutor$Worker.run(ThreadPoolExecutor.java:624)
	at java.lang.Thread.run(Thread.java:750)
Caused by: com.mysql.cj.exceptions.CJCommunicationsException: Communications link failure

The last packet sent successfully to the server was 0 milliseconds ago. The driver has not received any packets from the server.
	at sun.reflect.NativeConstructorAccessorImpl.newInstance0(Native Method)
	at sun.reflect.NativeConstructorAccessorImpl.newInstance(NativeConstructorAccessorImpl.java:62)
	at sun.reflect.DelegatingConstructorAccessorImpl.newInstance(DelegatingConstructorAccessorImpl.java:45)
	at java.lang.reflect.Constructor.newInstance(Constructor.java:423)
	at com.mysql.cj.exceptions.ExceptionFactory.createException(ExceptionFactory.java:61)
	at com.mysql.cj.exceptions.ExceptionFactory.createException(ExceptionFactory.java:105)
	at com.mysql.cj.exceptions.ExceptionFactory.createException(ExceptionFactory.java:151)
	at com.mysql.cj.exceptions.ExceptionFactory.createCommunicationsException(ExceptionFactory.java:167)
	at com.mysql.cj.protocol.a.NativeSocketConnection.connect(NativeSocketConnection.java:89)
	at com.mysql.cj.NativeSession.connect(NativeSession.java:144)
	at com.mysql.cj.jdbc.ConnectionImpl.connectWithRetries(ConnectionImpl.java:847)
	... 54 common frames omitted
Caused by: java.net.ConnectException: Connection refused: connect
	at java.net.DualStackPlainSocketImpl.waitForConnect(Native Method)
	at java.net.DualStackPlainSocketImpl.socketConnect(DualStackPlainSocketImpl.java:81)
	at java.net.AbstractPlainSocketImpl.doConnect(AbstractPlainSocketImpl.java:476)
	at java.net.AbstractPlainSocketImpl.connectToAddress(AbstractPlainSocketImpl.java:218)
	at java.net.AbstractPlainSocketImpl.connect(AbstractPlainSocketImpl.java:200)
	at java.net.PlainSocketImpl.connect(PlainSocketImpl.java:162)
	at java.net.SocksSocketImpl.connect(SocksSocketImpl.java:394)
	at java.net.Socket.connect(Socket.java:606)
	at com.mysql.cj.protocol.StandardSocketFactory.connect(StandardSocketFactory.java:155)
	at com.mysql.cj.protocol.a.NativeSocketConnection.connect(NativeSocketConnection.java:63)
	... 56 common frames omitted
25-02-07.17:18:45.432 [scheduling-1    ] ERROR NoPayNotifyOrderJob    - 检测未接收到或未正确处理的支付回调通知失败
org.mybatis.spring.MyBatisSystemException: nested exception is org.apache.ibatis.exceptions.PersistenceException: 
### Error querying database.  Cause: org.springframework.jdbc.CannotGetJdbcConnectionException: Failed to obtain JDBC Connection; nested exception is java.sql.SQLNonTransientConnectionException: Could not create connection to database server. Attempted reconnect 3 times. Giving up.
### The error may exist in file [D:\Workspace\s-pay-mall-qiusu\s-pay-mall-controller\target\classes\mybatis\mapper\pay_order_mapper.xml]
### The error may involve org.example.dao.IOrderDao.queryNoPayNotifyOrder
### The error occurred while executing a query
### Cause: org.springframework.jdbc.CannotGetJdbcConnectionException: Failed to obtain JDBC Connection; nested exception is java.sql.SQLNonTransientConnectionException: Could not create connection to database server. Attempted reconnect 3 times. Giving up.
	at org.mybatis.spring.MyBatisExceptionTranslator.translateExceptionIfPossible(MyBatisExceptionTranslator.java:96)
	at org.mybatis.spring.SqlSessionTemplate$SqlSessionInterceptor.invoke(SqlSessionTemplate.java:441)
	at com.sun.proxy.$Proxy69.selectList(Unknown Source)
	at org.mybatis.spring.SqlSessionTemplate.selectList(SqlSessionTemplate.java:224)
	at org.apache.ibatis.binding.MapperMethod.executeForMany(MapperMethod.java:147)
	at org.apache.ibatis.binding.MapperMethod.execute(MapperMethod.java:80)
	at org.apache.ibatis.binding.MapperProxy$PlainMethodInvoker.invoke(MapperProxy.java:152)
	at org.apache.ibatis.binding.MapperProxy.invoke(MapperProxy.java:85)
	at com.sun.proxy.$Proxy70.queryNoPayNotifyOrder(Unknown Source)
	at org.example.service.impl.OrderServiceImpl.queryNoPayNotifyOrder(OrderServiceImpl.java:107)
	at org.example.job.NoPayNotifyOrderJob.exec(NoPayNotifyOrderJob.java:29)
	at sun.reflect.NativeMethodAccessorImpl.invoke0(Native Method)
	at sun.reflect.NativeMethodAccessorImpl.invoke(NativeMethodAccessorImpl.java:62)
	at sun.reflect.DelegatingMethodAccessorImpl.invoke(DelegatingMethodAccessorImpl.java:43)
	at java.lang.reflect.Method.invoke(Method.java:498)
	at org.springframework.scheduling.support.ScheduledMethodRunnable.run(ScheduledMethodRunnable.java:84)
	at org.springframework.scheduling.support.DelegatingErrorHandlingRunnable.run(DelegatingErrorHandlingRunnable.java:54)
	at org.springframework.scheduling.concurrent.ReschedulingRunnable.run(ReschedulingRunnable.java:95)
	at java.util.concurrent.Executors$RunnableAdapter.call(Executors.java:511)
	at java.util.concurrent.FutureTask.run$$$capture(FutureTask.java:266)
	at java.util.concurrent.FutureTask.run(FutureTask.java)
	at java.util.concurrent.ScheduledThreadPoolExecutor$ScheduledFutureTask.access$201(ScheduledThreadPoolExecutor.java:180)
	at java.util.concurrent.ScheduledThreadPoolExecutor$ScheduledFutureTask.run(ScheduledThreadPoolExecutor.java:293)
	at java.util.concurrent.ThreadPoolExecutor.runWorker(ThreadPoolExecutor.java:1149)
	at java.util.concurrent.ThreadPoolExecutor$Worker.run(ThreadPoolExecutor.java:624)
	at java.lang.Thread.run(Thread.java:750)
Caused by: org.apache.ibatis.exceptions.PersistenceException: 
### Error querying database.  Cause: org.springframework.jdbc.CannotGetJdbcConnectionException: Failed to obtain JDBC Connection; nested exception is java.sql.SQLNonTransientConnectionException: Could not create connection to database server. Attempted reconnect 3 times. Giving up.
### The error may exist in file [D:\Workspace\s-pay-mall-qiusu\s-pay-mall-controller\target\classes\mybatis\mapper\pay_order_mapper.xml]
### The error may involve org.example.dao.IOrderDao.queryNoPayNotifyOrder
### The error occurred while executing a query
### Cause: org.springframework.jdbc.CannotGetJdbcConnectionException: Failed to obtain JDBC Connection; nested exception is java.sql.SQLNonTransientConnectionException: Could not create connection to database server. Attempted reconnect 3 times. Giving up.
	at org.apache.ibatis.exceptions.ExceptionFactory.wrapException(ExceptionFactory.java:30)
	at org.apache.ibatis.session.defaults.DefaultSqlSession.selectList(DefaultSqlSession.java:149)
	at org.apache.ibatis.session.defaults.DefaultSqlSession.selectList(DefaultSqlSession.java:140)
	at sun.reflect.NativeMethodAccessorImpl.invoke0(Native Method)
	at sun.reflect.NativeMethodAccessorImpl.invoke(NativeMethodAccessorImpl.java:62)
	at sun.reflect.DelegatingMethodAccessorImpl.invoke(DelegatingMethodAccessorImpl.java:43)
	at java.lang.reflect.Method.invoke(Method.java:498)
	at org.mybatis.spring.SqlSessionTemplate$SqlSessionInterceptor.invoke(SqlSessionTemplate.java:427)
	... 24 common frames omitted
Caused by: org.springframework.jdbc.CannotGetJdbcConnectionException: Failed to obtain JDBC Connection; nested exception is java.sql.SQLNonTransientConnectionException: Could not create connection to database server. Attempted reconnect 3 times. Giving up.
	at org.springframework.jdbc.datasource.DataSourceUtils.getConnection(DataSourceUtils.java:83)
	at org.mybatis.spring.transaction.SpringManagedTransaction.openConnection(SpringManagedTransaction.java:80)
	at org.mybatis.spring.transaction.SpringManagedTransaction.getConnection(SpringManagedTransaction.java:67)
	at org.apache.ibatis.executor.BaseExecutor.getConnection(BaseExecutor.java:337)
	at org.apache.ibatis.executor.SimpleExecutor.prepareStatement(SimpleExecutor.java:86)
	at org.apache.ibatis.executor.SimpleExecutor.doQuery(SimpleExecutor.java:62)
	at org.apache.ibatis.executor.BaseExecutor.queryFromDatabase(BaseExecutor.java:325)
	at org.apache.ibatis.executor.BaseExecutor.query(BaseExecutor.java:156)
	at org.apache.ibatis.executor.CachingExecutor.query(CachingExecutor.java:109)
	at org.apache.ibatis.executor.CachingExecutor.query(CachingExecutor.java:89)
	at org.apache.ibatis.session.defaults.DefaultSqlSession.selectList(DefaultSqlSession.java:147)
	... 30 common frames omitted
Caused by: java.sql.SQLNonTransientConnectionException: Could not create connection to database server. Attempted reconnect 3 times. Giving up.
	at com.mysql.cj.jdbc.exceptions.SQLError.createSQLException(SQLError.java:110)
	at com.mysql.cj.jdbc.exceptions.SQLError.createSQLException(SQLError.java:97)
	at com.mysql.cj.jdbc.exceptions.SQLError.createSQLException(SQLError.java:89)
	at com.mysql.cj.jdbc.exceptions.SQLError.createSQLException(SQLError.java:63)
	at com.mysql.cj.jdbc.exceptions.SQLError.createSQLException(SQLError.java:73)
	at com.mysql.cj.jdbc.ConnectionImpl.connectWithRetries(ConnectionImpl.java:903)
	at com.mysql.cj.jdbc.ConnectionImpl.createNewIO(ConnectionImpl.java:828)
	at com.mysql.cj.jdbc.ConnectionImpl.<init>(ConnectionImpl.java:453)
	at com.mysql.cj.jdbc.ConnectionImpl.getInstance(ConnectionImpl.java:246)
	at com.mysql.cj.jdbc.NonRegisteringDriver.connect(NonRegisteringDriver.java:198)
	at com.zaxxer.hikari.util.DriverDataSource.getConnection(DriverDataSource.java:138)
	at com.zaxxer.hikari.pool.PoolBase.newConnection(PoolBase.java:364)
	at com.zaxxer.hikari.pool.PoolBase.newPoolEntry(PoolBase.java:206)
	at com.zaxxer.hikari.pool.HikariPool.createPoolEntry(HikariPool.java:476)
	at com.zaxxer.hikari.pool.HikariPool.checkFailFast(HikariPool.java:561)
	at com.zaxxer.hikari.pool.HikariPool.<init>(HikariPool.java:115)
	at com.zaxxer.hikari.HikariDataSource.getConnection(HikariDataSource.java:112)
	at org.springframework.jdbc.datasource.DataSourceUtils.fetchConnection(DataSourceUtils.java:159)
	at org.springframework.jdbc.datasource.DataSourceUtils.doGetConnection(DataSourceUtils.java:117)
	at org.springframework.jdbc.datasource.DataSourceUtils.getConnection(DataSourceUtils.java:80)
	... 40 common frames omitted
Caused by: com.mysql.cj.exceptions.CJCommunicationsException: Communications link failure

The last packet sent successfully to the server was 0 milliseconds ago. The driver has not received any packets from the server.
	at sun.reflect.NativeConstructorAccessorImpl.newInstance0(Native Method)
	at sun.reflect.NativeConstructorAccessorImpl.newInstance(NativeConstructorAccessorImpl.java:62)
	at sun.reflect.DelegatingConstructorAccessorImpl.newInstance(DelegatingConstructorAccessorImpl.java:45)
	at java.lang.reflect.Constructor.newInstance(Constructor.java:423)
	at com.mysql.cj.exceptions.ExceptionFactory.createException(ExceptionFactory.java:61)
	at com.mysql.cj.exceptions.ExceptionFactory.createException(ExceptionFactory.java:105)
	at com.mysql.cj.exceptions.ExceptionFactory.createException(ExceptionFactory.java:151)
	at com.mysql.cj.exceptions.ExceptionFactory.createCommunicationsException(ExceptionFactory.java:167)
	at com.mysql.cj.protocol.a.NativeSocketConnection.connect(NativeSocketConnection.java:89)
	at com.mysql.cj.NativeSession.connect(NativeSession.java:144)
	at com.mysql.cj.jdbc.ConnectionImpl.connectWithRetries(ConnectionImpl.java:847)
	... 54 common frames omitted
Caused by: java.net.ConnectException: Connection refused: connect
	at java.net.DualStackPlainSocketImpl.waitForConnect(Native Method)
	at java.net.DualStackPlainSocketImpl.socketConnect(DualStackPlainSocketImpl.java:81)
	at java.net.AbstractPlainSocketImpl.doConnect(AbstractPlainSocketImpl.java:476)
	at java.net.AbstractPlainSocketImpl.connectToAddress(AbstractPlainSocketImpl.java:218)
	at java.net.AbstractPlainSocketImpl.connect(AbstractPlainSocketImpl.java:200)
	at java.net.PlainSocketImpl.connect(PlainSocketImpl.java:162)
	at java.net.SocksSocketImpl.connect(SocksSocketImpl.java:394)
	at java.net.Socket.connect(Socket.java:606)
	at com.mysql.cj.protocol.StandardSocketFactory.connect(StandardSocketFactory.java:155)
	at com.mysql.cj.protocol.a.NativeSocketConnection.connect(NativeSocketConnection.java:63)
	... 56 common frames omitted
25-02-07.17:18:48.471 [http-nio-8080-exec-6] INFO  LoginController        - 生成微信扫码登录 ticket:gQEi8TwAAAAAAAAAAS5odHRwOi8vd2VpeGluLnFxLmNvbS9xLzAycGtnVThSbzBmQUcxVExzZE5EMXAAAgTvz6VnAwQAjScA
25-02-07.17:18:53.624 [scheduling-1    ] INFO  NoPayNotifyOrderJob    - 任务；检测未接收到或未正确处理的支付回调通知
25-02-07.17:19:00.142 [scheduling-1    ] INFO  HikariDataSource       - HikariPool-1 - Starting...
25-02-07.17:30:18.703 [http-nio-8080-exec-5] INFO  LoginController        - 生成微信扫码登录 ticket:gQFK8TwAAAAAAAAAAS5odHRwOi8vd2VpeGluLnFxLmNvbS9xLzAycmkzTjlsbzBmQUcxU3h2ZGhEMWsAAgSh0qVnAwQAjScA
